ISO-10303-21;
HEADER;
/* Generated by software containing ST-Developer
 * from STEP Tools, Inc. (www.steptools.com) 
 */
/* OPTION: strings as raw bytes, not using required /X/ escapes */

FILE_DESCRIPTION(
/* description */ ('Unknown'),
/* implementation_level */ '2;1');

FILE_NAME(
/* name */ 'UCC33420QRAQRQ1',
/* time_stamp */ '2025-02-11T10:00:49+02:00',
/* author */ ('Unknown'),
/* organization */ ('Unknown'),
/* preprocessor_version */ 'ST-DEVELOPER v19.4',
/* originating_system */ 'Solid Edge',
/* authorisation */ 'Unknown');

FILE_SCHEMA (('AUTOMOTIVE_DESIGN {1 0 10303 214 3 1 1}'));
ENDSEC;

DATA;
#10=PROPERTY_DEFINITION_REPRESENTATION(#14,#12);
#11=PROPERTY_DEFINITION_REPRESENTATION(#15,#13);
#12=REPRESENTATION('',(#16),#10410);
#13=REPRESENTATION('',(#17),#10410);
#14=PROPERTY_DEFINITION('pmi validation property','',#10415);
#15=PROPERTY_DEFINITION('pmi validation property','',#10415);
#16=VALUE_REPRESENTATION_ITEM('number of annotations',COUNT_MEASURE(0.));
#17=VALUE_REPRESENTATION_ITEM('number of views',COUNT_MEASURE(0.));
#18=SHAPE_REPRESENTATION_RELATIONSHIP('','',#7198,#19);
#19=ADVANCED_BREP_SHAPE_REPRESENTATION('',(#7196),#10410);
#20=CYLINDRICAL_SURFACE('',#7237,0.1);
#21=CYLINDRICAL_SURFACE('',#7256,0.0787453270821204);
#22=CYLINDRICAL_SURFACE('',#7319,0.0787453270821204);
#23=CYLINDRICAL_SURFACE('',#7333,0.0787453270821204);
#24=CYLINDRICAL_SURFACE('',#7337,0.0787453270821204);
#25=CYLINDRICAL_SURFACE('',#7341,0.1);
#26=CYLINDRICAL_SURFACE('',#7345,0.1);
#27=CYLINDRICAL_SURFACE('',#7347,0.1);
#28=CYLINDRICAL_SURFACE('',#7353,0.1);
#29=CYLINDRICAL_SURFACE('',#7357,0.1);
#30=CYLINDRICAL_SURFACE('',#7359,0.1);
#31=CYLINDRICAL_SURFACE('',#7364,0.1);
#32=CYLINDRICAL_SURFACE('',#7366,0.1);
#33=CYLINDRICAL_SURFACE('',#7372,0.1);
#34=CYLINDRICAL_SURFACE('',#7374,0.1);
#35=CYLINDRICAL_SURFACE('',#7379,0.1);
#36=CYLINDRICAL_SURFACE('',#7382,0.1);
#37=CYLINDRICAL_SURFACE('',#7386,0.1);
#38=CYLINDRICAL_SURFACE('',#7388,0.1);
#39=CYLINDRICAL_SURFACE('',#7476,0.0787453270821204);
#40=CYLINDRICAL_SURFACE('',#7481,0.0787453270821204);
#41=CYLINDRICAL_SURFACE('',#7486,0.0787453270821204);
#42=CYLINDRICAL_SURFACE('',#7491,0.0787453270821204);
#43=CYLINDRICAL_SURFACE('',#7496,0.0787453270821204);
#44=CYLINDRICAL_SURFACE('',#7501,0.0787453270821204);
#45=CYLINDRICAL_SURFACE('',#7506,0.0787453270821204);
#46=CYLINDRICAL_SURFACE('',#7511,0.0787453270821204);
#47=CYLINDRICAL_SURFACE('',#7513,0.241655657685709);
#48=CIRCLE('',#7201,0.1);
#49=CIRCLE('',#7203,0.1);
#50=CIRCLE('',#7204,0.1);
#51=CIRCLE('',#7205,0.1);
#52=CIRCLE('',#7206,0.1);
#53=CIRCLE('',#7207,0.1);
#54=CIRCLE('',#7208,0.1);
#55=CIRCLE('',#7209,0.1);
#56=CIRCLE('',#7210,0.1);
#57=CIRCLE('',#7211,0.1);
#58=CIRCLE('',#7212,0.1);
#59=CIRCLE('',#7213,0.1);
#60=CIRCLE('',#7214,0.1);
#61=CIRCLE('',#7215,0.1);
#62=CIRCLE('',#7216,0.1);
#63=CIRCLE('',#7217,0.1);
#64=CIRCLE('',#7238,0.1);
#65=CIRCLE('',#7245,0.1);
#66=CIRCLE('',#7246,0.1);
#67=CIRCLE('',#7248,0.1);
#68=CIRCLE('',#7249,0.1);
#69=CIRCLE('',#7251,0.1);
#70=CIRCLE('',#7252,0.1);
#71=CIRCLE('',#7254,0.1);
#72=CIRCLE('',#7255,0.1);
#73=CIRCLE('',#7257,0.0787453270821204);
#74=CIRCLE('',#7258,0.0787453270821204);
#75=CIRCLE('',#7320,0.0787453270821204);
#76=CIRCLE('',#7321,0.0787453270821204);
#77=CIRCLE('',#7323,0.1);
#78=CIRCLE('',#7324,0.1);
#79=CIRCLE('',#7326,0.1);
#80=CIRCLE('',#7328,0.1);
#81=CIRCLE('',#7329,0.1);
#82=CIRCLE('',#7334,0.0787453270821204);
#83=CIRCLE('',#7335,0.0787453270821204);
#84=CIRCLE('',#7338,0.0787453270821204);
#85=CIRCLE('',#7339,0.0787453270821204);
#86=CIRCLE('',#7416,0.241655657685709);
#87=CIRCLE('',#7473,0.0787453270821204);
#88=CIRCLE('',#7475,0.0787453270821204);
#89=CIRCLE('',#7478,0.0787453270821204);
#90=CIRCLE('',#7480,0.0787453270821204);
#91=CIRCLE('',#7483,0.0787453270821204);
#92=CIRCLE('',#7485,0.0787453270821204);
#93=CIRCLE('',#7488,0.0787453270821204);
#94=CIRCLE('',#7490,0.0787453270821204);
#95=CIRCLE('',#7493,0.0787453270821204);
#96=CIRCLE('',#7495,0.0787453270821204);
#97=CIRCLE('',#7498,0.0787453270821204);
#98=CIRCLE('',#7500,0.0787453270821204);
#99=CIRCLE('',#7503,0.0787453270821204);
#100=CIRCLE('',#7505,0.0787453270821204);
#101=CIRCLE('',#7508,0.0787453270821204);
#102=CIRCLE('',#7510,0.0787453270821204);
#103=CIRCLE('',#7514,0.241655657685709);
#104=ORIENTED_EDGE('',*,*,#1644,.F.);
#105=ORIENTED_EDGE('',*,*,#1645,.T.);
#106=ORIENTED_EDGE('',*,*,#1646,.F.);
#107=ORIENTED_EDGE('',*,*,#1647,.F.);
#108=ORIENTED_EDGE('',*,*,#1648,.F.);
#109=ORIENTED_EDGE('',*,*,#1649,.F.);
#110=ORIENTED_EDGE('',*,*,#1650,.F.);
#111=ORIENTED_EDGE('',*,*,#1651,.T.);
#112=ORIENTED_EDGE('',*,*,#1652,.F.);
#113=ORIENTED_EDGE('',*,*,#1653,.F.);
#114=ORIENTED_EDGE('',*,*,#1654,.T.);
#115=ORIENTED_EDGE('',*,*,#1655,.F.);
#116=ORIENTED_EDGE('',*,*,#1656,.F.);
#117=ORIENTED_EDGE('',*,*,#1657,.F.);
#118=ORIENTED_EDGE('',*,*,#1658,.F.);
#119=ORIENTED_EDGE('',*,*,#1659,.F.);
#120=ORIENTED_EDGE('',*,*,#1660,.F.);
#121=ORIENTED_EDGE('',*,*,#1661,.F.);
#122=ORIENTED_EDGE('',*,*,#1662,.T.);
#123=ORIENTED_EDGE('',*,*,#1663,.F.);
#124=ORIENTED_EDGE('',*,*,#1664,.T.);
#125=ORIENTED_EDGE('',*,*,#1665,.F.);
#126=ORIENTED_EDGE('',*,*,#1666,.T.);
#127=ORIENTED_EDGE('',*,*,#1667,.F.);
#128=ORIENTED_EDGE('',*,*,#1668,.F.);
#129=ORIENTED_EDGE('',*,*,#1669,.F.);
#130=ORIENTED_EDGE('',*,*,#1670,.F.);
#131=ORIENTED_EDGE('',*,*,#1671,.F.);
#132=ORIENTED_EDGE('',*,*,#1672,.F.);
#133=ORIENTED_EDGE('',*,*,#1673,.F.);
#134=ORIENTED_EDGE('',*,*,#1674,.F.);
#135=ORIENTED_EDGE('',*,*,#1675,.F.);
#136=ORIENTED_EDGE('',*,*,#1676,.T.);
#137=ORIENTED_EDGE('',*,*,#1677,.F.);
#138=ORIENTED_EDGE('',*,*,#1678,.F.);
#139=ORIENTED_EDGE('',*,*,#1679,.F.);
#140=ORIENTED_EDGE('',*,*,#1680,.F.);
#141=ORIENTED_EDGE('',*,*,#1681,.F.);
#142=ORIENTED_EDGE('',*,*,#1682,.F.);
#143=ORIENTED_EDGE('',*,*,#1683,.F.);
#144=ORIENTED_EDGE('',*,*,#1684,.F.);
#145=ORIENTED_EDGE('',*,*,#1685,.F.);
#146=ORIENTED_EDGE('',*,*,#1686,.T.);
#147=ORIENTED_EDGE('',*,*,#1687,.F.);
#148=ORIENTED_EDGE('',*,*,#1688,.F.);
#149=ORIENTED_EDGE('',*,*,#1689,.F.);
#150=ORIENTED_EDGE('',*,*,#1690,.F.);
#151=ORIENTED_EDGE('',*,*,#1691,.F.);
#152=ORIENTED_EDGE('',*,*,#1692,.F.);
#153=ORIENTED_EDGE('',*,*,#1693,.F.);
#154=ORIENTED_EDGE('',*,*,#1694,.F.);
#155=ORIENTED_EDGE('',*,*,#1695,.F.);
#156=ORIENTED_EDGE('',*,*,#1696,.T.);
#157=ORIENTED_EDGE('',*,*,#1697,.F.);
#158=ORIENTED_EDGE('',*,*,#1698,.F.);
#159=ORIENTED_EDGE('',*,*,#1699,.F.);
#160=ORIENTED_EDGE('',*,*,#1700,.F.);
#161=ORIENTED_EDGE('',*,*,#1701,.F.);
#162=ORIENTED_EDGE('',*,*,#1702,.F.);
#163=ORIENTED_EDGE('',*,*,#1703,.F.);
#164=ORIENTED_EDGE('',*,*,#1704,.T.);
#165=ORIENTED_EDGE('',*,*,#1705,.F.);
#166=ORIENTED_EDGE('',*,*,#1706,.T.);
#167=ORIENTED_EDGE('',*,*,#1707,.T.);
#168=ORIENTED_EDGE('',*,*,#1708,.T.);
#169=ORIENTED_EDGE('',*,*,#1709,.F.);
#170=ORIENTED_EDGE('',*,*,#1710,.F.);
#171=ORIENTED_EDGE('',*,*,#1711,.F.);
#172=ORIENTED_EDGE('',*,*,#1712,.F.);
#173=ORIENTED_EDGE('',*,*,#1713,.F.);
#174=ORIENTED_EDGE('',*,*,#1714,.T.);
#175=ORIENTED_EDGE('',*,*,#1715,.F.);
#176=ORIENTED_EDGE('',*,*,#1716,.F.);
#177=ORIENTED_EDGE('',*,*,#1717,.F.);
#178=ORIENTED_EDGE('',*,*,#1718,.T.);
#179=ORIENTED_EDGE('',*,*,#1719,.F.);
#180=ORIENTED_EDGE('',*,*,#1720,.F.);
#181=ORIENTED_EDGE('',*,*,#1721,.F.);
#182=ORIENTED_EDGE('',*,*,#1722,.F.);
#183=ORIENTED_EDGE('',*,*,#1723,.F.);
#184=ORIENTED_EDGE('',*,*,#1724,.T.);
#185=ORIENTED_EDGE('',*,*,#1725,.F.);
#186=ORIENTED_EDGE('',*,*,#1726,.F.);
#187=ORIENTED_EDGE('',*,*,#1727,.F.);
#188=ORIENTED_EDGE('',*,*,#1728,.T.);
#189=ORIENTED_EDGE('',*,*,#1729,.F.);
#190=ORIENTED_EDGE('',*,*,#1730,.F.);
#191=ORIENTED_EDGE('',*,*,#1731,.F.);
#192=ORIENTED_EDGE('',*,*,#1732,.F.);
#193=ORIENTED_EDGE('',*,*,#1733,.F.);
#194=ORIENTED_EDGE('',*,*,#1734,.F.);
#195=ORIENTED_EDGE('',*,*,#1667,.T.);
#196=ORIENTED_EDGE('',*,*,#1735,.T.);
#197=ORIENTED_EDGE('',*,*,#1736,.T.);
#198=ORIENTED_EDGE('',*,*,#1737,.F.);
#199=ORIENTED_EDGE('',*,*,#1738,.F.);
#200=ORIENTED_EDGE('',*,*,#1739,.F.);
#201=ORIENTED_EDGE('',*,*,#1740,.F.);
#202=ORIENTED_EDGE('',*,*,#1741,.F.);
#203=ORIENTED_EDGE('',*,*,#1742,.F.);
#204=ORIENTED_EDGE('',*,*,#1743,.F.);
#205=ORIENTED_EDGE('',*,*,#1744,.F.);
#206=ORIENTED_EDGE('',*,*,#1745,.F.);
#207=ORIENTED_EDGE('',*,*,#1746,.T.);
#208=ORIENTED_EDGE('',*,*,#1747,.T.);
#209=ORIENTED_EDGE('',*,*,#1748,.T.);
#210=ORIENTED_EDGE('',*,*,#1749,.F.);
#211=ORIENTED_EDGE('',*,*,#1657,.T.);
#212=ORIENTED_EDGE('',*,*,#1750,.F.);
#213=ORIENTED_EDGE('',*,*,#1751,.F.);
#214=ORIENTED_EDGE('',*,*,#1752,.T.);
#215=ORIENTED_EDGE('',*,*,#1697,.T.);
#216=ORIENTED_EDGE('',*,*,#1753,.T.);
#217=ORIENTED_EDGE('',*,*,#1754,.T.);
#218=ORIENTED_EDGE('',*,*,#1755,.F.);
#219=ORIENTED_EDGE('',*,*,#1756,.F.);
#220=ORIENTED_EDGE('',*,*,#1757,.F.);
#221=ORIENTED_EDGE('',*,*,#1758,.F.);
#222=ORIENTED_EDGE('',*,*,#1759,.F.);
#223=ORIENTED_EDGE('',*,*,#1760,.F.);
#224=ORIENTED_EDGE('',*,*,#1761,.F.);
#225=ORIENTED_EDGE('',*,*,#1762,.F.);
#226=ORIENTED_EDGE('',*,*,#1763,.F.);
#227=ORIENTED_EDGE('',*,*,#1764,.F.);
#228=ORIENTED_EDGE('',*,*,#1765,.F.);
#229=ORIENTED_EDGE('',*,*,#1766,.T.);
#230=ORIENTED_EDGE('',*,*,#1767,.F.);
#231=ORIENTED_EDGE('',*,*,#1687,.T.);
#232=ORIENTED_EDGE('',*,*,#1768,.T.);
#233=ORIENTED_EDGE('',*,*,#1769,.T.);
#234=ORIENTED_EDGE('',*,*,#1770,.F.);
#235=ORIENTED_EDGE('',*,*,#1771,.F.);
#236=ORIENTED_EDGE('',*,*,#1772,.F.);
#237=ORIENTED_EDGE('',*,*,#1773,.F.);
#238=ORIENTED_EDGE('',*,*,#1774,.F.);
#239=ORIENTED_EDGE('',*,*,#1775,.F.);
#240=ORIENTED_EDGE('',*,*,#1776,.F.);
#241=ORIENTED_EDGE('',*,*,#1777,.F.);
#242=ORIENTED_EDGE('',*,*,#1778,.F.);
#243=ORIENTED_EDGE('',*,*,#1779,.F.);
#244=ORIENTED_EDGE('',*,*,#1780,.F.);
#245=ORIENTED_EDGE('',*,*,#1781,.T.);
#246=ORIENTED_EDGE('',*,*,#1782,.F.);
#247=ORIENTED_EDGE('',*,*,#1677,.T.);
#248=ORIENTED_EDGE('',*,*,#1783,.T.);
#249=ORIENTED_EDGE('',*,*,#1784,.T.);
#250=ORIENTED_EDGE('',*,*,#1785,.F.);
#251=ORIENTED_EDGE('',*,*,#1786,.F.);
#252=ORIENTED_EDGE('',*,*,#1787,.F.);
#253=ORIENTED_EDGE('',*,*,#1788,.F.);
#254=ORIENTED_EDGE('',*,*,#1789,.F.);
#255=ORIENTED_EDGE('',*,*,#1790,.F.);
#256=ORIENTED_EDGE('',*,*,#1791,.F.);
#257=ORIENTED_EDGE('',*,*,#1792,.F.);
#258=ORIENTED_EDGE('',*,*,#1793,.F.);
#259=ORIENTED_EDGE('',*,*,#1794,.F.);
#260=ORIENTED_EDGE('',*,*,#1795,.F.);
#261=ORIENTED_EDGE('',*,*,#1796,.T.);
#262=ORIENTED_EDGE('',*,*,#1797,.F.);
#263=ORIENTED_EDGE('',*,*,#1798,.T.);
#264=ORIENTED_EDGE('',*,*,#1799,.T.);
#265=ORIENTED_EDGE('',*,*,#1800,.T.);
#266=ORIENTED_EDGE('',*,*,#1801,.F.);
#267=ORIENTED_EDGE('',*,*,#1802,.F.);
#268=ORIENTED_EDGE('',*,*,#1803,.F.);
#269=ORIENTED_EDGE('',*,*,#1804,.F.);
#270=ORIENTED_EDGE('',*,*,#1805,.F.);
#271=ORIENTED_EDGE('',*,*,#1806,.F.);
#272=ORIENTED_EDGE('',*,*,#1807,.F.);
#273=ORIENTED_EDGE('',*,*,#1808,.F.);
#274=ORIENTED_EDGE('',*,*,#1809,.F.);
#275=ORIENTED_EDGE('',*,*,#1810,.F.);
#276=ORIENTED_EDGE('',*,*,#1811,.F.);
#277=ORIENTED_EDGE('',*,*,#1812,.T.);
#278=ORIENTED_EDGE('',*,*,#1813,.F.);
#279=ORIENTED_EDGE('',*,*,#1814,.T.);
#280=ORIENTED_EDGE('',*,*,#1815,.T.);
#281=ORIENTED_EDGE('',*,*,#1816,.T.);
#282=ORIENTED_EDGE('',*,*,#1817,.F.);
#283=ORIENTED_EDGE('',*,*,#1818,.F.);
#284=ORIENTED_EDGE('',*,*,#1819,.F.);
#285=ORIENTED_EDGE('',*,*,#1820,.F.);
#286=ORIENTED_EDGE('',*,*,#1821,.F.);
#287=ORIENTED_EDGE('',*,*,#1822,.F.);
#288=ORIENTED_EDGE('',*,*,#1823,.F.);
#289=ORIENTED_EDGE('',*,*,#1824,.F.);
#290=ORIENTED_EDGE('',*,*,#1825,.F.);
#291=ORIENTED_EDGE('',*,*,#1826,.F.);
#292=ORIENTED_EDGE('',*,*,#1827,.F.);
#293=ORIENTED_EDGE('',*,*,#1828,.T.);
#294=ORIENTED_EDGE('',*,*,#1829,.F.);
#295=ORIENTED_EDGE('',*,*,#1830,.T.);
#296=ORIENTED_EDGE('',*,*,#1814,.F.);
#297=ORIENTED_EDGE('',*,*,#1831,.F.);
#298=ORIENTED_EDGE('',*,*,#1832,.F.);
#299=ORIENTED_EDGE('',*,*,#1833,.F.);
#300=ORIENTED_EDGE('',*,*,#1834,.T.);
#301=ORIENTED_EDGE('',*,*,#1835,.F.);
#302=ORIENTED_EDGE('',*,*,#1836,.F.);
#303=ORIENTED_EDGE('',*,*,#1837,.T.);
#304=ORIENTED_EDGE('',*,*,#1798,.F.);
#305=ORIENTED_EDGE('',*,*,#1838,.F.);
#306=ORIENTED_EDGE('',*,*,#1839,.F.);
#307=ORIENTED_EDGE('',*,*,#1840,.F.);
#308=ORIENTED_EDGE('',*,*,#1841,.T.);
#309=ORIENTED_EDGE('',*,*,#1842,.F.);
#310=ORIENTED_EDGE('',*,*,#1817,.T.);
#311=ORIENTED_EDGE('',*,*,#1843,.F.);
#312=ORIENTED_EDGE('',*,*,#1844,.T.);
#313=ORIENTED_EDGE('',*,*,#1845,.T.);
#314=ORIENTED_EDGE('',*,*,#1816,.F.);
#315=ORIENTED_EDGE('',*,*,#1846,.T.);
#316=ORIENTED_EDGE('',*,*,#1847,.F.);
#317=ORIENTED_EDGE('',*,*,#1848,.F.);
#318=ORIENTED_EDGE('',*,*,#1828,.F.);
#319=ORIENTED_EDGE('',*,*,#1849,.F.);
#320=ORIENTED_EDGE('',*,*,#1850,.T.);
#321=ORIENTED_EDGE('',*,*,#1843,.T.);
#322=ORIENTED_EDGE('',*,*,#1824,.T.);
#323=ORIENTED_EDGE('',*,*,#1851,.F.);
#324=ORIENTED_EDGE('',*,*,#1852,.T.);
#325=ORIENTED_EDGE('',*,*,#1853,.T.);
#326=ORIENTED_EDGE('',*,*,#1827,.T.);
#327=ORIENTED_EDGE('',*,*,#1854,.F.);
#328=ORIENTED_EDGE('',*,*,#1855,.T.);
#329=ORIENTED_EDGE('',*,*,#1849,.T.);
#330=ORIENTED_EDGE('',*,*,#1826,.T.);
#331=ORIENTED_EDGE('',*,*,#1856,.F.);
#332=ORIENTED_EDGE('',*,*,#1857,.T.);
#333=ORIENTED_EDGE('',*,*,#1854,.T.);
#334=ORIENTED_EDGE('',*,*,#1855,.F.);
#335=ORIENTED_EDGE('',*,*,#1857,.F.);
#336=ORIENTED_EDGE('',*,*,#1858,.F.);
#337=ORIENTED_EDGE('',*,*,#1852,.F.);
#338=ORIENTED_EDGE('',*,*,#1859,.F.);
#339=ORIENTED_EDGE('',*,*,#1860,.F.);
#340=ORIENTED_EDGE('',*,*,#1861,.F.);
#341=ORIENTED_EDGE('',*,*,#1862,.F.);
#342=ORIENTED_EDGE('',*,*,#1863,.F.);
#343=ORIENTED_EDGE('',*,*,#1864,.F.);
#344=ORIENTED_EDGE('',*,*,#1844,.F.);
#345=ORIENTED_EDGE('',*,*,#1850,.F.);
#346=ORIENTED_EDGE('',*,*,#1823,.T.);
#347=ORIENTED_EDGE('',*,*,#1865,.F.);
#348=ORIENTED_EDGE('',*,*,#1859,.T.);
#349=ORIENTED_EDGE('',*,*,#1851,.T.);
#350=ORIENTED_EDGE('',*,*,#1825,.T.);
#351=ORIENTED_EDGE('',*,*,#1853,.F.);
#352=ORIENTED_EDGE('',*,*,#1858,.T.);
#353=ORIENTED_EDGE('',*,*,#1856,.T.);
#354=ORIENTED_EDGE('',*,*,#1822,.T.);
#355=ORIENTED_EDGE('',*,*,#1866,.F.);
#356=ORIENTED_EDGE('',*,*,#1860,.T.);
#357=ORIENTED_EDGE('',*,*,#1865,.T.);
#358=ORIENTED_EDGE('',*,*,#1821,.T.);
#359=ORIENTED_EDGE('',*,*,#1867,.F.);
#360=ORIENTED_EDGE('',*,*,#1861,.T.);
#361=ORIENTED_EDGE('',*,*,#1866,.T.);
#362=ORIENTED_EDGE('',*,*,#1820,.T.);
#363=ORIENTED_EDGE('',*,*,#1868,.F.);
#364=ORIENTED_EDGE('',*,*,#1862,.T.);
#365=ORIENTED_EDGE('',*,*,#1867,.T.);
#366=ORIENTED_EDGE('',*,*,#1819,.T.);
#367=ORIENTED_EDGE('',*,*,#1869,.F.);
#368=ORIENTED_EDGE('',*,*,#1863,.T.);
#369=ORIENTED_EDGE('',*,*,#1868,.T.);
#370=ORIENTED_EDGE('',*,*,#1818,.T.);
#371=ORIENTED_EDGE('',*,*,#1845,.F.);
#372=ORIENTED_EDGE('',*,*,#1864,.T.);
#373=ORIENTED_EDGE('',*,*,#1869,.T.);
#374=ORIENTED_EDGE('',*,*,#1670,.T.);
#375=ORIENTED_EDGE('',*,*,#1870,.F.);
#376=ORIENTED_EDGE('',*,*,#1871,.T.);
#377=ORIENTED_EDGE('',*,*,#1872,.T.);
#378=ORIENTED_EDGE('',*,*,#1671,.T.);
#379=ORIENTED_EDGE('',*,*,#1872,.F.);
#380=ORIENTED_EDGE('',*,*,#1873,.T.);
#381=ORIENTED_EDGE('',*,*,#1874,.T.);
#382=ORIENTED_EDGE('',*,*,#1875,.F.);
#383=ORIENTED_EDGE('',*,*,#1876,.F.);
#384=ORIENTED_EDGE('',*,*,#1877,.F.);
#385=ORIENTED_EDGE('',*,*,#1878,.F.);
#386=ORIENTED_EDGE('',*,*,#1879,.F.);
#387=ORIENTED_EDGE('',*,*,#1880,.F.);
#388=ORIENTED_EDGE('',*,*,#1881,.F.);
#389=ORIENTED_EDGE('',*,*,#1882,.F.);
#390=ORIENTED_EDGE('',*,*,#1883,.F.);
#391=ORIENTED_EDGE('',*,*,#1884,.F.);
#392=ORIENTED_EDGE('',*,*,#1885,.F.);
#393=ORIENTED_EDGE('',*,*,#1886,.F.);
#394=ORIENTED_EDGE('',*,*,#1887,.F.);
#395=ORIENTED_EDGE('',*,*,#1888,.F.);
#396=ORIENTED_EDGE('',*,*,#1889,.F.);
#397=ORIENTED_EDGE('',*,*,#1890,.F.);
#398=ORIENTED_EDGE('',*,*,#1891,.F.);
#399=ORIENTED_EDGE('',*,*,#1892,.F.);
#400=ORIENTED_EDGE('',*,*,#1893,.F.);
#401=ORIENTED_EDGE('',*,*,#1894,.F.);
#402=ORIENTED_EDGE('',*,*,#1895,.F.);
#403=ORIENTED_EDGE('',*,*,#1896,.F.);
#404=ORIENTED_EDGE('',*,*,#1897,.F.);
#405=ORIENTED_EDGE('',*,*,#1898,.F.);
#406=ORIENTED_EDGE('',*,*,#1899,.F.);
#407=ORIENTED_EDGE('',*,*,#1900,.F.);
#408=ORIENTED_EDGE('',*,*,#1901,.F.);
#409=ORIENTED_EDGE('',*,*,#1902,.F.);
#410=ORIENTED_EDGE('',*,*,#1903,.F.);
#411=ORIENTED_EDGE('',*,*,#1904,.F.);
#412=ORIENTED_EDGE('',*,*,#1905,.F.);
#413=ORIENTED_EDGE('',*,*,#1906,.F.);
#414=ORIENTED_EDGE('',*,*,#1907,.F.);
#415=ORIENTED_EDGE('',*,*,#1908,.F.);
#416=ORIENTED_EDGE('',*,*,#1909,.F.);
#417=ORIENTED_EDGE('',*,*,#1910,.F.);
#418=ORIENTED_EDGE('',*,*,#1911,.F.);
#419=ORIENTED_EDGE('',*,*,#1912,.F.);
#420=ORIENTED_EDGE('',*,*,#1913,.F.);
#421=ORIENTED_EDGE('',*,*,#1914,.F.);
#422=ORIENTED_EDGE('',*,*,#1915,.F.);
#423=ORIENTED_EDGE('',*,*,#1916,.F.);
#424=ORIENTED_EDGE('',*,*,#1917,.F.);
#425=ORIENTED_EDGE('',*,*,#1918,.F.);
#426=ORIENTED_EDGE('',*,*,#1919,.F.);
#427=ORIENTED_EDGE('',*,*,#1920,.F.);
#428=ORIENTED_EDGE('',*,*,#1921,.F.);
#429=ORIENTED_EDGE('',*,*,#1922,.F.);
#430=ORIENTED_EDGE('',*,*,#1923,.T.);
#431=ORIENTED_EDGE('',*,*,#1924,.T.);
#432=ORIENTED_EDGE('',*,*,#1925,.T.);
#433=ORIENTED_EDGE('',*,*,#1926,.T.);
#434=ORIENTED_EDGE('',*,*,#1927,.T.);
#435=ORIENTED_EDGE('',*,*,#1928,.T.);
#436=ORIENTED_EDGE('',*,*,#1929,.T.);
#437=ORIENTED_EDGE('',*,*,#1930,.T.);
#438=ORIENTED_EDGE('',*,*,#1931,.T.);
#439=ORIENTED_EDGE('',*,*,#1932,.T.);
#440=ORIENTED_EDGE('',*,*,#1933,.T.);
#441=ORIENTED_EDGE('',*,*,#1934,.T.);
#442=ORIENTED_EDGE('',*,*,#1935,.T.);
#443=ORIENTED_EDGE('',*,*,#1936,.T.);
#444=ORIENTED_EDGE('',*,*,#1937,.T.);
#445=ORIENTED_EDGE('',*,*,#1938,.T.);
#446=ORIENTED_EDGE('',*,*,#1939,.T.);
#447=ORIENTED_EDGE('',*,*,#1940,.T.);
#448=ORIENTED_EDGE('',*,*,#1941,.T.);
#449=ORIENTED_EDGE('',*,*,#1942,.T.);
#450=ORIENTED_EDGE('',*,*,#1943,.T.);
#451=ORIENTED_EDGE('',*,*,#1944,.T.);
#452=ORIENTED_EDGE('',*,*,#1945,.T.);
#453=ORIENTED_EDGE('',*,*,#1946,.T.);
#454=ORIENTED_EDGE('',*,*,#1947,.T.);
#455=ORIENTED_EDGE('',*,*,#1948,.T.);
#456=ORIENTED_EDGE('',*,*,#1949,.T.);
#457=ORIENTED_EDGE('',*,*,#1950,.T.);
#458=ORIENTED_EDGE('',*,*,#1951,.T.);
#459=ORIENTED_EDGE('',*,*,#1952,.T.);
#460=ORIENTED_EDGE('',*,*,#1953,.F.);
#461=ORIENTED_EDGE('',*,*,#1954,.F.);
#462=ORIENTED_EDGE('',*,*,#1955,.F.);
#463=ORIENTED_EDGE('',*,*,#1956,.F.);
#464=ORIENTED_EDGE('',*,*,#1957,.F.);
#465=ORIENTED_EDGE('',*,*,#1958,.F.);
#466=ORIENTED_EDGE('',*,*,#1959,.T.);
#467=ORIENTED_EDGE('',*,*,#1960,.F.);
#468=ORIENTED_EDGE('',*,*,#1961,.F.);
#469=ORIENTED_EDGE('',*,*,#1962,.T.);
#470=ORIENTED_EDGE('',*,*,#1809,.T.);
#471=ORIENTED_EDGE('',*,*,#1963,.F.);
#472=ORIENTED_EDGE('',*,*,#1877,.T.);
#473=ORIENTED_EDGE('',*,*,#1964,.T.);
#474=ORIENTED_EDGE('',*,*,#1808,.T.);
#475=ORIENTED_EDGE('',*,*,#1965,.F.);
#476=ORIENTED_EDGE('',*,*,#1878,.T.);
#477=ORIENTED_EDGE('',*,*,#1963,.T.);
#478=ORIENTED_EDGE('',*,*,#1807,.T.);
#479=ORIENTED_EDGE('',*,*,#1966,.F.);
#480=ORIENTED_EDGE('',*,*,#1879,.T.);
#481=ORIENTED_EDGE('',*,*,#1965,.T.);
#482=ORIENTED_EDGE('',*,*,#1806,.T.);
#483=ORIENTED_EDGE('',*,*,#1967,.F.);
#484=ORIENTED_EDGE('',*,*,#1880,.T.);
#485=ORIENTED_EDGE('',*,*,#1966,.T.);
#486=ORIENTED_EDGE('',*,*,#1805,.T.);
#487=ORIENTED_EDGE('',*,*,#1968,.F.);
#488=ORIENTED_EDGE('',*,*,#1881,.T.);
#489=ORIENTED_EDGE('',*,*,#1967,.T.);
#490=ORIENTED_EDGE('',*,*,#1804,.T.);
#491=ORIENTED_EDGE('',*,*,#1969,.F.);
#492=ORIENTED_EDGE('',*,*,#1882,.T.);
#493=ORIENTED_EDGE('',*,*,#1968,.T.);
#494=ORIENTED_EDGE('',*,*,#1803,.T.);
#495=ORIENTED_EDGE('',*,*,#1970,.F.);
#496=ORIENTED_EDGE('',*,*,#1883,.T.);
#497=ORIENTED_EDGE('',*,*,#1969,.T.);
#498=ORIENTED_EDGE('',*,*,#1802,.T.);
#499=ORIENTED_EDGE('',*,*,#1971,.F.);
#500=ORIENTED_EDGE('',*,*,#1884,.T.);
#501=ORIENTED_EDGE('',*,*,#1970,.T.);
#502=ORIENTED_EDGE('',*,*,#1801,.T.);
#503=ORIENTED_EDGE('',*,*,#1972,.F.);
#504=ORIENTED_EDGE('',*,*,#1885,.T.);
#505=ORIENTED_EDGE('',*,*,#1971,.T.);
#506=ORIENTED_EDGE('',*,*,#1800,.F.);
#507=ORIENTED_EDGE('',*,*,#1973,.T.);
#508=ORIENTED_EDGE('',*,*,#1974,.F.);
#509=ORIENTED_EDGE('',*,*,#1975,.F.);
#510=ORIENTED_EDGE('',*,*,#1812,.F.);
#511=ORIENTED_EDGE('',*,*,#1976,.F.);
#512=ORIENTED_EDGE('',*,*,#1886,.T.);
#513=ORIENTED_EDGE('',*,*,#1972,.T.);
#514=ORIENTED_EDGE('',*,*,#1811,.T.);
#515=ORIENTED_EDGE('',*,*,#1977,.F.);
#516=ORIENTED_EDGE('',*,*,#1875,.T.);
#517=ORIENTED_EDGE('',*,*,#1976,.T.);
#518=ORIENTED_EDGE('',*,*,#1810,.T.);
#519=ORIENTED_EDGE('',*,*,#1964,.F.);
#520=ORIENTED_EDGE('',*,*,#1876,.T.);
#521=ORIENTED_EDGE('',*,*,#1977,.T.);
#522=ORIENTED_EDGE('',*,*,#1765,.T.);
#523=ORIENTED_EDGE('',*,*,#1978,.F.);
#524=ORIENTED_EDGE('',*,*,#1887,.T.);
#525=ORIENTED_EDGE('',*,*,#1979,.T.);
#526=ORIENTED_EDGE('',*,*,#1764,.T.);
#527=ORIENTED_EDGE('',*,*,#1980,.F.);
#528=ORIENTED_EDGE('',*,*,#1888,.T.);
#529=ORIENTED_EDGE('',*,*,#1978,.T.);
#530=ORIENTED_EDGE('',*,*,#1763,.T.);
#531=ORIENTED_EDGE('',*,*,#1981,.F.);
#532=ORIENTED_EDGE('',*,*,#1889,.T.);
#533=ORIENTED_EDGE('',*,*,#1980,.T.);
#534=ORIENTED_EDGE('',*,*,#1762,.T.);
#535=ORIENTED_EDGE('',*,*,#1982,.F.);
#536=ORIENTED_EDGE('',*,*,#1890,.T.);
#537=ORIENTED_EDGE('',*,*,#1981,.T.);
#538=ORIENTED_EDGE('',*,*,#1761,.T.);
#539=ORIENTED_EDGE('',*,*,#1983,.F.);
#540=ORIENTED_EDGE('',*,*,#1891,.T.);
#541=ORIENTED_EDGE('',*,*,#1982,.T.);
#542=ORIENTED_EDGE('',*,*,#1760,.T.);
#543=ORIENTED_EDGE('',*,*,#1984,.F.);
#544=ORIENTED_EDGE('',*,*,#1892,.T.);
#545=ORIENTED_EDGE('',*,*,#1983,.T.);
#546=ORIENTED_EDGE('',*,*,#1759,.T.);
#547=ORIENTED_EDGE('',*,*,#1985,.F.);
#548=ORIENTED_EDGE('',*,*,#1893,.T.);
#549=ORIENTED_EDGE('',*,*,#1984,.T.);
#550=ORIENTED_EDGE('',*,*,#1758,.T.);
#551=ORIENTED_EDGE('',*,*,#1986,.F.);
#552=ORIENTED_EDGE('',*,*,#1894,.T.);
#553=ORIENTED_EDGE('',*,*,#1985,.T.);
#554=ORIENTED_EDGE('',*,*,#1757,.T.);
#555=ORIENTED_EDGE('',*,*,#1987,.F.);
#556=ORIENTED_EDGE('',*,*,#1895,.T.);
#557=ORIENTED_EDGE('',*,*,#1986,.T.);
#558=ORIENTED_EDGE('',*,*,#1756,.T.);
#559=ORIENTED_EDGE('',*,*,#1988,.F.);
#560=ORIENTED_EDGE('',*,*,#1896,.T.);
#561=ORIENTED_EDGE('',*,*,#1987,.T.);
#562=ORIENTED_EDGE('',*,*,#1755,.T.);
#563=ORIENTED_EDGE('',*,*,#1989,.F.);
#564=ORIENTED_EDGE('',*,*,#1897,.T.);
#565=ORIENTED_EDGE('',*,*,#1988,.T.);
#566=ORIENTED_EDGE('',*,*,#1990,.F.);
#567=ORIENTED_EDGE('',*,*,#1766,.F.);
#568=ORIENTED_EDGE('',*,*,#1979,.F.);
#569=ORIENTED_EDGE('',*,*,#1898,.T.);
#570=ORIENTED_EDGE('',*,*,#1989,.T.);
#571=ORIENTED_EDGE('',*,*,#1754,.F.);
#572=ORIENTED_EDGE('',*,*,#1991,.T.);
#573=ORIENTED_EDGE('',*,*,#1962,.F.);
#574=ORIENTED_EDGE('',*,*,#1747,.F.);
#575=ORIENTED_EDGE('',*,*,#1992,.F.);
#576=ORIENTED_EDGE('',*,*,#1925,.F.);
#577=ORIENTED_EDGE('',*,*,#1993,.T.);
#578=ORIENTED_EDGE('',*,*,#1746,.F.);
#579=ORIENTED_EDGE('',*,*,#1994,.F.);
#580=ORIENTED_EDGE('',*,*,#1926,.F.);
#581=ORIENTED_EDGE('',*,*,#1992,.T.);
#582=ORIENTED_EDGE('',*,*,#1745,.T.);
#583=ORIENTED_EDGE('',*,*,#1995,.F.);
#584=ORIENTED_EDGE('',*,*,#1927,.F.);
#585=ORIENTED_EDGE('',*,*,#1994,.T.);
#586=ORIENTED_EDGE('',*,*,#1744,.T.);
#587=ORIENTED_EDGE('',*,*,#1996,.F.);
#588=ORIENTED_EDGE('',*,*,#1928,.F.);
#589=ORIENTED_EDGE('',*,*,#1995,.T.);
#590=ORIENTED_EDGE('',*,*,#1743,.T.);
#591=ORIENTED_EDGE('',*,*,#1997,.F.);
#592=ORIENTED_EDGE('',*,*,#1929,.F.);
#593=ORIENTED_EDGE('',*,*,#1996,.T.);
#594=ORIENTED_EDGE('',*,*,#1742,.T.);
#595=ORIENTED_EDGE('',*,*,#1998,.F.);
#596=ORIENTED_EDGE('',*,*,#1930,.F.);
#597=ORIENTED_EDGE('',*,*,#1997,.T.);
#598=ORIENTED_EDGE('',*,*,#1741,.T.);
#599=ORIENTED_EDGE('',*,*,#1999,.F.);
#600=ORIENTED_EDGE('',*,*,#1931,.F.);
#601=ORIENTED_EDGE('',*,*,#1998,.T.);
#602=ORIENTED_EDGE('',*,*,#1740,.T.);
#603=ORIENTED_EDGE('',*,*,#2000,.F.);
#604=ORIENTED_EDGE('',*,*,#1932,.F.);
#605=ORIENTED_EDGE('',*,*,#1999,.T.);
#606=ORIENTED_EDGE('',*,*,#1739,.T.);
#607=ORIENTED_EDGE('',*,*,#2001,.F.);
#608=ORIENTED_EDGE('',*,*,#1933,.F.);
#609=ORIENTED_EDGE('',*,*,#2000,.T.);
#610=ORIENTED_EDGE('',*,*,#1738,.T.);
#611=ORIENTED_EDGE('',*,*,#2002,.F.);
#612=ORIENTED_EDGE('',*,*,#1934,.F.);
#613=ORIENTED_EDGE('',*,*,#2001,.T.);
#614=ORIENTED_EDGE('',*,*,#1737,.T.);
#615=ORIENTED_EDGE('',*,*,#2003,.F.);
#616=ORIENTED_EDGE('',*,*,#1923,.F.);
#617=ORIENTED_EDGE('',*,*,#2002,.T.);
#618=ORIENTED_EDGE('',*,*,#1779,.T.);
#619=ORIENTED_EDGE('',*,*,#2004,.F.);
#620=ORIENTED_EDGE('',*,*,#1900,.T.);
#621=ORIENTED_EDGE('',*,*,#2005,.T.);
#622=ORIENTED_EDGE('',*,*,#1778,.T.);
#623=ORIENTED_EDGE('',*,*,#2006,.F.);
#624=ORIENTED_EDGE('',*,*,#1901,.T.);
#625=ORIENTED_EDGE('',*,*,#2004,.T.);
#626=ORIENTED_EDGE('',*,*,#1777,.T.);
#627=ORIENTED_EDGE('',*,*,#2007,.F.);
#628=ORIENTED_EDGE('',*,*,#1902,.T.);
#629=ORIENTED_EDGE('',*,*,#2006,.T.);
#630=ORIENTED_EDGE('',*,*,#1776,.T.);
#631=ORIENTED_EDGE('',*,*,#2008,.F.);
#632=ORIENTED_EDGE('',*,*,#1903,.T.);
#633=ORIENTED_EDGE('',*,*,#2007,.T.);
#634=ORIENTED_EDGE('',*,*,#1775,.T.);
#635=ORIENTED_EDGE('',*,*,#2009,.F.);
#636=ORIENTED_EDGE('',*,*,#1904,.T.);
#637=ORIENTED_EDGE('',*,*,#2008,.T.);
#638=ORIENTED_EDGE('',*,*,#1774,.T.);
#639=ORIENTED_EDGE('',*,*,#2010,.F.);
#640=ORIENTED_EDGE('',*,*,#1905,.T.);
#641=ORIENTED_EDGE('',*,*,#2009,.T.);
#642=ORIENTED_EDGE('',*,*,#1773,.T.);
#643=ORIENTED_EDGE('',*,*,#2011,.F.);
#644=ORIENTED_EDGE('',*,*,#1906,.T.);
#645=ORIENTED_EDGE('',*,*,#2010,.T.);
#646=ORIENTED_EDGE('',*,*,#1772,.T.);
#647=ORIENTED_EDGE('',*,*,#2012,.F.);
#648=ORIENTED_EDGE('',*,*,#1907,.T.);
#649=ORIENTED_EDGE('',*,*,#2011,.T.);
#650=ORIENTED_EDGE('',*,*,#1771,.T.);
#651=ORIENTED_EDGE('',*,*,#2013,.F.);
#652=ORIENTED_EDGE('',*,*,#1908,.T.);
#653=ORIENTED_EDGE('',*,*,#2012,.T.);
#654=ORIENTED_EDGE('',*,*,#1770,.T.);
#655=ORIENTED_EDGE('',*,*,#2014,.F.);
#656=ORIENTED_EDGE('',*,*,#1909,.T.);
#657=ORIENTED_EDGE('',*,*,#2013,.T.);
#658=ORIENTED_EDGE('',*,*,#1769,.F.);
#659=ORIENTED_EDGE('',*,*,#2015,.T.);
#660=ORIENTED_EDGE('',*,*,#2016,.F.);
#661=ORIENTED_EDGE('',*,*,#2017,.F.);
#662=ORIENTED_EDGE('',*,*,#1781,.F.);
#663=ORIENTED_EDGE('',*,*,#2018,.F.);
#664=ORIENTED_EDGE('',*,*,#1910,.T.);
#665=ORIENTED_EDGE('',*,*,#2014,.T.);
#666=ORIENTED_EDGE('',*,*,#1780,.T.);
#667=ORIENTED_EDGE('',*,*,#2005,.F.);
#668=ORIENTED_EDGE('',*,*,#1899,.T.);
#669=ORIENTED_EDGE('',*,*,#2018,.T.);
#670=ORIENTED_EDGE('',*,*,#1786,.T.);
#671=ORIENTED_EDGE('',*,*,#2019,.F.);
#672=ORIENTED_EDGE('',*,*,#1920,.T.);
#673=ORIENTED_EDGE('',*,*,#2020,.T.);
#674=ORIENTED_EDGE('',*,*,#1785,.T.);
#675=ORIENTED_EDGE('',*,*,#2021,.F.);
#676=ORIENTED_EDGE('',*,*,#1921,.T.);
#677=ORIENTED_EDGE('',*,*,#2019,.T.);
#678=ORIENTED_EDGE('',*,*,#1784,.F.);
#679=ORIENTED_EDGE('',*,*,#2022,.T.);
#680=ORIENTED_EDGE('',*,*,#2023,.F.);
#681=ORIENTED_EDGE('',*,*,#2024,.F.);
#682=ORIENTED_EDGE('',*,*,#1796,.F.);
#683=ORIENTED_EDGE('',*,*,#2025,.F.);
#684=ORIENTED_EDGE('',*,*,#1922,.T.);
#685=ORIENTED_EDGE('',*,*,#2021,.T.);
#686=ORIENTED_EDGE('',*,*,#1795,.T.);
#687=ORIENTED_EDGE('',*,*,#2026,.F.);
#688=ORIENTED_EDGE('',*,*,#1911,.T.);
#689=ORIENTED_EDGE('',*,*,#2025,.T.);
#690=ORIENTED_EDGE('',*,*,#1794,.T.);
#691=ORIENTED_EDGE('',*,*,#2027,.F.);
#692=ORIENTED_EDGE('',*,*,#1912,.T.);
#693=ORIENTED_EDGE('',*,*,#2026,.T.);
#694=ORIENTED_EDGE('',*,*,#1793,.T.);
#695=ORIENTED_EDGE('',*,*,#2028,.F.);
#696=ORIENTED_EDGE('',*,*,#1913,.T.);
#697=ORIENTED_EDGE('',*,*,#2027,.T.);
#698=ORIENTED_EDGE('',*,*,#1792,.T.);
#699=ORIENTED_EDGE('',*,*,#2029,.F.);
#700=ORIENTED_EDGE('',*,*,#1914,.T.);
#701=ORIENTED_EDGE('',*,*,#2028,.T.);
#702=ORIENTED_EDGE('',*,*,#1791,.T.);
#703=ORIENTED_EDGE('',*,*,#2030,.F.);
#704=ORIENTED_EDGE('',*,*,#1915,.T.);
#705=ORIENTED_EDGE('',*,*,#2029,.T.);
#706=ORIENTED_EDGE('',*,*,#1790,.T.);
#707=ORIENTED_EDGE('',*,*,#2031,.F.);
#708=ORIENTED_EDGE('',*,*,#1916,.T.);
#709=ORIENTED_EDGE('',*,*,#2030,.T.);
#710=ORIENTED_EDGE('',*,*,#1789,.T.);
#711=ORIENTED_EDGE('',*,*,#2032,.F.);
#712=ORIENTED_EDGE('',*,*,#1917,.T.);
#713=ORIENTED_EDGE('',*,*,#2031,.T.);
#714=ORIENTED_EDGE('',*,*,#1788,.T.);
#715=ORIENTED_EDGE('',*,*,#2033,.F.);
#716=ORIENTED_EDGE('',*,*,#1918,.T.);
#717=ORIENTED_EDGE('',*,*,#2032,.T.);
#718=ORIENTED_EDGE('',*,*,#1787,.T.);
#719=ORIENTED_EDGE('',*,*,#2020,.F.);
#720=ORIENTED_EDGE('',*,*,#1919,.T.);
#721=ORIENTED_EDGE('',*,*,#2033,.T.);
#722=ORIENTED_EDGE('',*,*,#1748,.F.);
#723=ORIENTED_EDGE('',*,*,#1993,.F.);
#724=ORIENTED_EDGE('',*,*,#1924,.F.);
#725=ORIENTED_EDGE('',*,*,#2003,.T.);
#726=ORIENTED_EDGE('',*,*,#1736,.F.);
#727=ORIENTED_EDGE('',*,*,#2034,.T.);
#728=ORIENTED_EDGE('',*,*,#2035,.T.);
#729=ORIENTED_EDGE('',*,*,#2036,.F.);
#730=ORIENTED_EDGE('',*,*,#2037,.F.);
#731=ORIENTED_EDGE('',*,*,#2035,.F.);
#732=ORIENTED_EDGE('',*,*,#2038,.T.);
#733=ORIENTED_EDGE('',*,*,#2039,.T.);
#734=ORIENTED_EDGE('',*,*,#2040,.F.);
#735=ORIENTED_EDGE('',*,*,#2041,.F.);
#736=ORIENTED_EDGE('',*,*,#2042,.F.);
#737=ORIENTED_EDGE('',*,*,#2043,.F.);
#738=ORIENTED_EDGE('',*,*,#2044,.F.);
#739=ORIENTED_EDGE('',*,*,#2045,.F.);
#740=ORIENTED_EDGE('',*,*,#2046,.F.);
#741=ORIENTED_EDGE('',*,*,#1873,.F.);
#742=ORIENTED_EDGE('',*,*,#1871,.F.);
#743=ORIENTED_EDGE('',*,*,#2047,.F.);
#744=ORIENTED_EDGE('',*,*,#2048,.F.);
#745=ORIENTED_EDGE('',*,*,#2049,.F.);
#746=ORIENTED_EDGE('',*,*,#2050,.T.);
#747=ORIENTED_EDGE('',*,*,#2051,.T.);
#748=ORIENTED_EDGE('',*,*,#2052,.T.);
#749=ORIENTED_EDGE('',*,*,#2053,.T.);
#750=ORIENTED_EDGE('',*,*,#2054,.T.);
#751=ORIENTED_EDGE('',*,*,#2055,.T.);
#752=ORIENTED_EDGE('',*,*,#2056,.T.);
#753=ORIENTED_EDGE('',*,*,#2057,.T.);
#754=ORIENTED_EDGE('',*,*,#2058,.T.);
#755=ORIENTED_EDGE('',*,*,#2059,.T.);
#756=ORIENTED_EDGE('',*,*,#2060,.T.);
#757=ORIENTED_EDGE('',*,*,#2061,.T.);
#758=ORIENTED_EDGE('',*,*,#2062,.T.);
#759=ORIENTED_EDGE('',*,*,#2063,.T.);
#760=ORIENTED_EDGE('',*,*,#2064,.T.);
#761=ORIENTED_EDGE('',*,*,#2065,.T.);
#762=ORIENTED_EDGE('',*,*,#2066,.T.);
#763=ORIENTED_EDGE('',*,*,#2067,.T.);
#764=ORIENTED_EDGE('',*,*,#2068,.T.);
#765=ORIENTED_EDGE('',*,*,#2069,.T.);
#766=ORIENTED_EDGE('',*,*,#2070,.T.);
#767=ORIENTED_EDGE('',*,*,#2071,.T.);
#768=ORIENTED_EDGE('',*,*,#2072,.T.);
#769=ORIENTED_EDGE('',*,*,#2073,.T.);
#770=ORIENTED_EDGE('',*,*,#2074,.T.);
#771=ORIENTED_EDGE('',*,*,#2075,.T.);
#772=ORIENTED_EDGE('',*,*,#2076,.T.);
#773=ORIENTED_EDGE('',*,*,#2077,.T.);
#774=ORIENTED_EDGE('',*,*,#2078,.T.);
#775=ORIENTED_EDGE('',*,*,#2079,.T.);
#776=ORIENTED_EDGE('',*,*,#2080,.T.);
#777=ORIENTED_EDGE('',*,*,#2081,.T.);
#778=ORIENTED_EDGE('',*,*,#2082,.T.);
#779=ORIENTED_EDGE('',*,*,#2083,.T.);
#780=ORIENTED_EDGE('',*,*,#2084,.T.);
#781=ORIENTED_EDGE('',*,*,#2085,.T.);
#782=ORIENTED_EDGE('',*,*,#2086,.T.);
#783=ORIENTED_EDGE('',*,*,#2087,.T.);
#784=ORIENTED_EDGE('',*,*,#2088,.T.);
#785=ORIENTED_EDGE('',*,*,#2089,.T.);
#786=ORIENTED_EDGE('',*,*,#2090,.T.);
#787=ORIENTED_EDGE('',*,*,#2091,.T.);
#788=ORIENTED_EDGE('',*,*,#2092,.F.);
#789=ORIENTED_EDGE('',*,*,#2093,.F.);
#790=ORIENTED_EDGE('',*,*,#2094,.T.);
#791=ORIENTED_EDGE('',*,*,#2095,.T.);
#792=ORIENTED_EDGE('',*,*,#2096,.F.);
#793=ORIENTED_EDGE('',*,*,#2097,.F.);
#794=ORIENTED_EDGE('',*,*,#2098,.F.);
#795=ORIENTED_EDGE('',*,*,#2099,.F.);
#796=ORIENTED_EDGE('',*,*,#2100,.F.);
#797=ORIENTED_EDGE('',*,*,#2101,.F.);
#798=ORIENTED_EDGE('',*,*,#2102,.F.);
#799=ORIENTED_EDGE('',*,*,#2103,.F.);
#800=ORIENTED_EDGE('',*,*,#2104,.F.);
#801=ORIENTED_EDGE('',*,*,#2105,.F.);
#802=ORIENTED_EDGE('',*,*,#2106,.F.);
#803=ORIENTED_EDGE('',*,*,#2107,.F.);
#804=ORIENTED_EDGE('',*,*,#2108,.T.);
#805=ORIENTED_EDGE('',*,*,#2109,.F.);
#806=ORIENTED_EDGE('',*,*,#2110,.F.);
#807=ORIENTED_EDGE('',*,*,#2111,.T.);
#808=ORIENTED_EDGE('',*,*,#1714,.F.);
#809=ORIENTED_EDGE('',*,*,#2112,.F.);
#810=ORIENTED_EDGE('',*,*,#1938,.F.);
#811=ORIENTED_EDGE('',*,*,#2113,.T.);
#812=ORIENTED_EDGE('',*,*,#1713,.T.);
#813=ORIENTED_EDGE('',*,*,#2114,.F.);
#814=ORIENTED_EDGE('',*,*,#1939,.F.);
#815=ORIENTED_EDGE('',*,*,#2112,.T.);
#816=ORIENTED_EDGE('',*,*,#1712,.T.);
#817=ORIENTED_EDGE('',*,*,#2115,.F.);
#818=ORIENTED_EDGE('',*,*,#1940,.F.);
#819=ORIENTED_EDGE('',*,*,#2114,.T.);
#820=ORIENTED_EDGE('',*,*,#1833,.T.);
#821=ORIENTED_EDGE('',*,*,#2116,.F.);
#822=ORIENTED_EDGE('',*,*,#2117,.F.);
#823=ORIENTED_EDGE('',*,*,#2118,.T.);
#824=ORIENTED_EDGE('',*,*,#1717,.T.);
#825=ORIENTED_EDGE('',*,*,#2119,.F.);
#826=ORIENTED_EDGE('',*,*,#1935,.F.);
#827=ORIENTED_EDGE('',*,*,#2115,.T.);
#828=ORIENTED_EDGE('',*,*,#1711,.T.);
#829=ORIENTED_EDGE('',*,*,#2120,.F.);
#830=ORIENTED_EDGE('',*,*,#2121,.F.);
#831=ORIENTED_EDGE('',*,*,#2122,.T.);
#832=ORIENTED_EDGE('',*,*,#1840,.T.);
#833=ORIENTED_EDGE('',*,*,#2123,.F.);
#834=ORIENTED_EDGE('',*,*,#2124,.F.);
#835=ORIENTED_EDGE('',*,*,#2125,.T.);
#836=ORIENTED_EDGE('',*,*,#1664,.F.);
#837=ORIENTED_EDGE('',*,*,#2126,.F.);
#838=ORIENTED_EDGE('',*,*,#1943,.F.);
#839=ORIENTED_EDGE('',*,*,#2127,.T.);
#840=ORIENTED_EDGE('',*,*,#1663,.T.);
#841=ORIENTED_EDGE('',*,*,#2128,.F.);
#842=ORIENTED_EDGE('',*,*,#1944,.F.);
#843=ORIENTED_EDGE('',*,*,#2126,.T.);
#844=ORIENTED_EDGE('',*,*,#1662,.F.);
#845=ORIENTED_EDGE('',*,*,#2129,.F.);
#846=ORIENTED_EDGE('',*,*,#1945,.F.);
#847=ORIENTED_EDGE('',*,*,#2128,.T.);
#848=ORIENTED_EDGE('',*,*,#1661,.T.);
#849=ORIENTED_EDGE('',*,*,#2130,.F.);
#850=ORIENTED_EDGE('',*,*,#1946,.F.);
#851=ORIENTED_EDGE('',*,*,#2129,.T.);
#852=ORIENTED_EDGE('',*,*,#1660,.T.);
#853=ORIENTED_EDGE('',*,*,#2131,.F.);
#854=ORIENTED_EDGE('',*,*,#1941,.F.);
#855=ORIENTED_EDGE('',*,*,#2130,.T.);
#856=ORIENTED_EDGE('',*,*,#1659,.T.);
#857=ORIENTED_EDGE('',*,*,#2132,.F.);
#858=ORIENTED_EDGE('',*,*,#2039,.F.);
#859=ORIENTED_EDGE('',*,*,#2133,.T.);
#860=ORIENTED_EDGE('',*,*,#1665,.T.);
#861=ORIENTED_EDGE('',*,*,#2127,.F.);
#862=ORIENTED_EDGE('',*,*,#1942,.F.);
#863=ORIENTED_EDGE('',*,*,#2131,.T.);
#864=ORIENTED_EDGE('',*,*,#1658,.T.);
#865=ORIENTED_EDGE('',*,*,#1749,.T.);
#866=ORIENTED_EDGE('',*,*,#2036,.T.);
#867=ORIENTED_EDGE('',*,*,#2037,.T.);
#868=ORIENTED_EDGE('',*,*,#2132,.T.);
#869=ORIENTED_EDGE('',*,*,#1652,.T.);
#870=ORIENTED_EDGE('',*,*,#2134,.F.);
#871=ORIENTED_EDGE('',*,*,#1644,.T.);
#872=ORIENTED_EDGE('',*,*,#2135,.T.);
#873=ORIENTED_EDGE('',*,*,#1650,.T.);
#874=ORIENTED_EDGE('',*,*,#2136,.F.);
#875=ORIENTED_EDGE('',*,*,#1646,.T.);
#876=ORIENTED_EDGE('',*,*,#2137,.T.);
#877=ORIENTED_EDGE('',*,*,#1733,.T.);
#878=ORIENTED_EDGE('',*,*,#2138,.F.);
#879=ORIENTED_EDGE('',*,*,#1647,.T.);
#880=ORIENTED_EDGE('',*,*,#2136,.T.);
#881=ORIENTED_EDGE('',*,*,#1732,.T.);
#882=ORIENTED_EDGE('',*,*,#2139,.F.);
#883=ORIENTED_EDGE('',*,*,#1648,.T.);
#884=ORIENTED_EDGE('',*,*,#2138,.T.);
#885=ORIENTED_EDGE('',*,*,#2139,.T.);
#886=ORIENTED_EDGE('',*,*,#1731,.T.);
#887=ORIENTED_EDGE('',*,*,#2140,.F.);
#888=ORIENTED_EDGE('',*,*,#2109,.T.);
#889=ORIENTED_EDGE('',*,*,#2141,.T.);
#890=ORIENTED_EDGE('',*,*,#1653,.T.);
#891=ORIENTED_EDGE('',*,*,#2135,.F.);
#892=ORIENTED_EDGE('',*,*,#1649,.T.);
#893=ORIENTED_EDGE('',*,*,#1706,.F.);
#894=ORIENTED_EDGE('',*,*,#2142,.F.);
#895=ORIENTED_EDGE('',*,*,#1949,.F.);
#896=ORIENTED_EDGE('',*,*,#2143,.T.);
#897=ORIENTED_EDGE('',*,*,#1705,.T.);
#898=ORIENTED_EDGE('',*,*,#2144,.F.);
#899=ORIENTED_EDGE('',*,*,#1950,.F.);
#900=ORIENTED_EDGE('',*,*,#2142,.T.);
#901=ORIENTED_EDGE('',*,*,#1704,.F.);
#902=ORIENTED_EDGE('',*,*,#2145,.F.);
#903=ORIENTED_EDGE('',*,*,#1951,.F.);
#904=ORIENTED_EDGE('',*,*,#2144,.T.);
#905=ORIENTED_EDGE('',*,*,#1703,.T.);
#906=ORIENTED_EDGE('',*,*,#2146,.F.);
#907=ORIENTED_EDGE('',*,*,#1952,.F.);
#908=ORIENTED_EDGE('',*,*,#2145,.T.);
#909=ORIENTED_EDGE('',*,*,#1702,.T.);
#910=ORIENTED_EDGE('',*,*,#2147,.F.);
#911=ORIENTED_EDGE('',*,*,#1947,.F.);
#912=ORIENTED_EDGE('',*,*,#2146,.T.);
#913=ORIENTED_EDGE('',*,*,#2148,.T.);
#914=ORIENTED_EDGE('',*,*,#1707,.F.);
#915=ORIENTED_EDGE('',*,*,#2143,.F.);
#916=ORIENTED_EDGE('',*,*,#1948,.F.);
#917=ORIENTED_EDGE('',*,*,#2147,.T.);
#918=ORIENTED_EDGE('',*,*,#1701,.T.);
#919=ORIENTED_EDGE('',*,*,#2149,.F.);
#920=ORIENTED_EDGE('',*,*,#2095,.F.);
#921=ORIENTED_EDGE('',*,*,#1696,.F.);
#922=ORIENTED_EDGE('',*,*,#2150,.F.);
#923=ORIENTED_EDGE('',*,*,#1959,.F.);
#924=ORIENTED_EDGE('',*,*,#1991,.F.);
#925=ORIENTED_EDGE('',*,*,#1753,.F.);
#926=ORIENTED_EDGE('',*,*,#1694,.T.);
#927=ORIENTED_EDGE('',*,*,#2151,.F.);
#928=ORIENTED_EDGE('',*,*,#1953,.T.);
#929=ORIENTED_EDGE('',*,*,#2152,.T.);
#930=ORIENTED_EDGE('',*,*,#1693,.T.);
#931=ORIENTED_EDGE('',*,*,#2153,.F.);
#932=ORIENTED_EDGE('',*,*,#1954,.T.);
#933=ORIENTED_EDGE('',*,*,#2151,.T.);
#934=ORIENTED_EDGE('',*,*,#1692,.T.);
#935=ORIENTED_EDGE('',*,*,#2154,.F.);
#936=ORIENTED_EDGE('',*,*,#1955,.T.);
#937=ORIENTED_EDGE('',*,*,#2153,.T.);
#938=ORIENTED_EDGE('',*,*,#1691,.T.);
#939=ORIENTED_EDGE('',*,*,#2155,.F.);
#940=ORIENTED_EDGE('',*,*,#1956,.T.);
#941=ORIENTED_EDGE('',*,*,#2154,.T.);
#942=ORIENTED_EDGE('',*,*,#1690,.T.);
#943=ORIENTED_EDGE('',*,*,#2156,.F.);
#944=ORIENTED_EDGE('',*,*,#1957,.T.);
#945=ORIENTED_EDGE('',*,*,#2155,.T.);
#946=ORIENTED_EDGE('',*,*,#1689,.T.);
#947=ORIENTED_EDGE('',*,*,#2157,.F.);
#948=ORIENTED_EDGE('',*,*,#1960,.T.);
#949=ORIENTED_EDGE('',*,*,#2150,.T.);
#950=ORIENTED_EDGE('',*,*,#1695,.T.);
#951=ORIENTED_EDGE('',*,*,#2152,.F.);
#952=ORIENTED_EDGE('',*,*,#1958,.T.);
#953=ORIENTED_EDGE('',*,*,#2156,.T.);
#954=ORIENTED_EDGE('',*,*,#2157,.T.);
#955=ORIENTED_EDGE('',*,*,#1688,.T.);
#956=ORIENTED_EDGE('',*,*,#1767,.T.);
#957=ORIENTED_EDGE('',*,*,#1990,.T.);
#958=ORIENTED_EDGE('',*,*,#1961,.T.);
#959=ORIENTED_EDGE('',*,*,#2133,.F.);
#960=ORIENTED_EDGE('',*,*,#2038,.F.);
#961=ORIENTED_EDGE('',*,*,#2034,.F.);
#962=ORIENTED_EDGE('',*,*,#1735,.F.);
#963=ORIENTED_EDGE('',*,*,#1666,.F.);
#964=ORIENTED_EDGE('',*,*,#1684,.T.);
#965=ORIENTED_EDGE('',*,*,#2158,.F.);
#966=ORIENTED_EDGE('',*,*,#2040,.T.);
#967=ORIENTED_EDGE('',*,*,#2159,.T.);
#968=ORIENTED_EDGE('',*,*,#1683,.T.);
#969=ORIENTED_EDGE('',*,*,#2160,.F.);
#970=ORIENTED_EDGE('',*,*,#2041,.T.);
#971=ORIENTED_EDGE('',*,*,#2158,.T.);
#972=ORIENTED_EDGE('',*,*,#1682,.T.);
#973=ORIENTED_EDGE('',*,*,#2161,.F.);
#974=ORIENTED_EDGE('',*,*,#2042,.T.);
#975=ORIENTED_EDGE('',*,*,#2160,.T.);
#976=ORIENTED_EDGE('',*,*,#1681,.T.);
#977=ORIENTED_EDGE('',*,*,#2162,.F.);
#978=ORIENTED_EDGE('',*,*,#2043,.T.);
#979=ORIENTED_EDGE('',*,*,#2161,.T.);
#980=ORIENTED_EDGE('',*,*,#1680,.T.);
#981=ORIENTED_EDGE('',*,*,#2163,.F.);
#982=ORIENTED_EDGE('',*,*,#2044,.T.);
#983=ORIENTED_EDGE('',*,*,#2162,.T.);
#984=ORIENTED_EDGE('',*,*,#1679,.T.);
#985=ORIENTED_EDGE('',*,*,#2164,.F.);
#986=ORIENTED_EDGE('',*,*,#2165,.T.);
#987=ORIENTED_EDGE('',*,*,#2166,.T.);
#988=ORIENTED_EDGE('',*,*,#1685,.T.);
#989=ORIENTED_EDGE('',*,*,#2159,.F.);
#990=ORIENTED_EDGE('',*,*,#2045,.T.);
#991=ORIENTED_EDGE('',*,*,#2163,.T.);
#992=ORIENTED_EDGE('',*,*,#1669,.T.);
#993=ORIENTED_EDGE('',*,*,#2167,.F.);
#994=ORIENTED_EDGE('',*,*,#2168,.T.);
#995=ORIENTED_EDGE('',*,*,#2169,.T.);
#996=ORIENTED_EDGE('',*,*,#1829,.T.);
#997=ORIENTED_EDGE('',*,*,#2170,.F.);
#998=ORIENTED_EDGE('',*,*,#2171,.T.);
#999=ORIENTED_EDGE('',*,*,#2172,.T.);
#1000=ORIENTED_EDGE('',*,*,#1836,.T.);
#1001=ORIENTED_EDGE('',*,*,#2173,.F.);
#1002=ORIENTED_EDGE('',*,*,#2174,.T.);
#1003=ORIENTED_EDGE('',*,*,#2175,.T.);
#1004=ORIENTED_EDGE('',*,*,#1675,.T.);
#1005=ORIENTED_EDGE('',*,*,#2176,.F.);
#1006=ORIENTED_EDGE('',*,*,#2047,.T.);
#1007=ORIENTED_EDGE('',*,*,#1870,.T.);
#1008=ORIENTED_EDGE('',*,*,#1674,.T.);
#1009=ORIENTED_EDGE('',*,*,#2177,.F.);
#1010=ORIENTED_EDGE('',*,*,#2048,.T.);
#1011=ORIENTED_EDGE('',*,*,#2176,.T.);
#1012=ORIENTED_EDGE('',*,*,#1673,.T.);
#1013=ORIENTED_EDGE('',*,*,#2178,.F.);
#1014=ORIENTED_EDGE('',*,*,#2049,.T.);
#1015=ORIENTED_EDGE('',*,*,#2177,.T.);
#1016=ORIENTED_EDGE('',*,*,#1672,.T.);
#1017=ORIENTED_EDGE('',*,*,#1874,.F.);
#1018=ORIENTED_EDGE('',*,*,#2046,.T.);
#1019=ORIENTED_EDGE('',*,*,#2178,.T.);
#1020=ORIENTED_EDGE('',*,*,#1716,.T.);
#1021=ORIENTED_EDGE('',*,*,#2179,.F.);
#1022=ORIENTED_EDGE('',*,*,#1936,.F.);
#1023=ORIENTED_EDGE('',*,*,#2119,.T.);
#1024=ORIENTED_EDGE('',*,*,#1715,.T.);
#1025=ORIENTED_EDGE('',*,*,#2113,.F.);
#1026=ORIENTED_EDGE('',*,*,#1937,.F.);
#1027=ORIENTED_EDGE('',*,*,#2179,.T.);
#1028=ORIENTED_EDGE('',*,*,#1722,.T.);
#1029=ORIENTED_EDGE('',*,*,#2180,.F.);
#1030=ORIENTED_EDGE('',*,*,#2050,.F.);
#1031=ORIENTED_EDGE('',*,*,#2181,.T.);
#1032=ORIENTED_EDGE('',*,*,#1721,.T.);
#1033=ORIENTED_EDGE('',*,*,#2182,.F.);
#1034=ORIENTED_EDGE('',*,*,#2183,.F.);
#1035=ORIENTED_EDGE('',*,*,#2184,.T.);
#1036=ORIENTED_EDGE('',*,*,#1727,.T.);
#1037=ORIENTED_EDGE('',*,*,#2185,.F.);
#1038=ORIENTED_EDGE('',*,*,#2051,.F.);
#1039=ORIENTED_EDGE('',*,*,#2180,.T.);
#1040=ORIENTED_EDGE('',*,*,#1726,.T.);
#1041=ORIENTED_EDGE('',*,*,#2186,.F.);
#1042=ORIENTED_EDGE('',*,*,#2052,.F.);
#1043=ORIENTED_EDGE('',*,*,#2185,.T.);
#1044=ORIENTED_EDGE('',*,*,#1725,.T.);
#1045=ORIENTED_EDGE('',*,*,#2187,.F.);
#1046=ORIENTED_EDGE('',*,*,#2053,.F.);
#1047=ORIENTED_EDGE('',*,*,#2186,.T.);
#1048=ORIENTED_EDGE('',*,*,#1724,.F.);
#1049=ORIENTED_EDGE('',*,*,#2188,.F.);
#1050=ORIENTED_EDGE('',*,*,#2054,.F.);
#1051=ORIENTED_EDGE('',*,*,#2187,.T.);
#1052=ORIENTED_EDGE('',*,*,#1723,.T.);
#1053=ORIENTED_EDGE('',*,*,#2181,.F.);
#1054=ORIENTED_EDGE('',*,*,#2055,.F.);
#1055=ORIENTED_EDGE('',*,*,#2188,.T.);
#1056=ORIENTED_EDGE('',*,*,#2189,.T.);
#1057=ORIENTED_EDGE('',*,*,#2190,.T.);
#1058=ORIENTED_EDGE('',*,*,#2191,.T.);
#1059=ORIENTED_EDGE('',*,*,#2192,.T.);
#1060=ORIENTED_EDGE('',*,*,#2193,.T.);
#1061=ORIENTED_EDGE('',*,*,#2194,.T.);
#1062=ORIENTED_EDGE('',*,*,#2195,.T.);
#1063=ORIENTED_EDGE('',*,*,#2196,.T.);
#1064=ORIENTED_EDGE('',*,*,#2197,.T.);
#1065=ORIENTED_EDGE('',*,*,#2198,.T.);
#1066=ORIENTED_EDGE('',*,*,#2199,.T.);
#1067=ORIENTED_EDGE('',*,*,#2200,.T.);
#1068=ORIENTED_EDGE('',*,*,#2201,.T.);
#1069=ORIENTED_EDGE('',*,*,#2202,.F.);
#1070=ORIENTED_EDGE('',*,*,#2061,.F.);
#1071=ORIENTED_EDGE('',*,*,#2203,.T.);
#1072=ORIENTED_EDGE('',*,*,#2204,.T.);
#1073=ORIENTED_EDGE('',*,*,#2205,.F.);
#1074=ORIENTED_EDGE('',*,*,#2062,.F.);
#1075=ORIENTED_EDGE('',*,*,#2202,.T.);
#1076=ORIENTED_EDGE('',*,*,#2206,.T.);
#1077=ORIENTED_EDGE('',*,*,#2207,.F.);
#1078=ORIENTED_EDGE('',*,*,#2063,.F.);
#1079=ORIENTED_EDGE('',*,*,#2205,.T.);
#1080=ORIENTED_EDGE('',*,*,#2208,.T.);
#1081=ORIENTED_EDGE('',*,*,#2209,.F.);
#1082=ORIENTED_EDGE('',*,*,#2064,.F.);
#1083=ORIENTED_EDGE('',*,*,#2207,.T.);
#1084=ORIENTED_EDGE('',*,*,#2210,.T.);
#1085=ORIENTED_EDGE('',*,*,#2211,.F.);
#1086=ORIENTED_EDGE('',*,*,#2065,.F.);
#1087=ORIENTED_EDGE('',*,*,#2209,.T.);
#1088=ORIENTED_EDGE('',*,*,#2212,.T.);
#1089=ORIENTED_EDGE('',*,*,#2213,.F.);
#1090=ORIENTED_EDGE('',*,*,#2066,.F.);
#1091=ORIENTED_EDGE('',*,*,#2211,.T.);
#1092=ORIENTED_EDGE('',*,*,#2214,.T.);
#1093=ORIENTED_EDGE('',*,*,#2215,.F.);
#1094=ORIENTED_EDGE('',*,*,#2067,.F.);
#1095=ORIENTED_EDGE('',*,*,#2213,.T.);
#1096=ORIENTED_EDGE('',*,*,#2216,.T.);
#1097=ORIENTED_EDGE('',*,*,#2217,.F.);
#1098=ORIENTED_EDGE('',*,*,#2056,.F.);
#1099=ORIENTED_EDGE('',*,*,#2215,.T.);
#1100=ORIENTED_EDGE('',*,*,#2218,.F.);
#1101=ORIENTED_EDGE('',*,*,#2219,.T.);
#1102=ORIENTED_EDGE('',*,*,#2220,.T.);
#1103=ORIENTED_EDGE('',*,*,#2221,.F.);
#1104=ORIENTED_EDGE('',*,*,#2222,.F.);
#1105=ORIENTED_EDGE('',*,*,#2223,.F.);
#1106=ORIENTED_EDGE('',*,*,#2057,.F.);
#1107=ORIENTED_EDGE('',*,*,#2217,.T.);
#1108=ORIENTED_EDGE('',*,*,#2224,.T.);
#1109=ORIENTED_EDGE('',*,*,#2225,.F.);
#1110=ORIENTED_EDGE('',*,*,#2058,.F.);
#1111=ORIENTED_EDGE('',*,*,#2223,.T.);
#1112=ORIENTED_EDGE('',*,*,#2226,.T.);
#1113=ORIENTED_EDGE('',*,*,#2227,.F.);
#1114=ORIENTED_EDGE('',*,*,#2059,.F.);
#1115=ORIENTED_EDGE('',*,*,#2225,.T.);
#1116=ORIENTED_EDGE('',*,*,#2228,.T.);
#1117=ORIENTED_EDGE('',*,*,#2203,.F.);
#1118=ORIENTED_EDGE('',*,*,#2060,.F.);
#1119=ORIENTED_EDGE('',*,*,#2227,.T.);
#1120=ORIENTED_EDGE('',*,*,#2229,.T.);
#1121=ORIENTED_EDGE('',*,*,#2230,.F.);
#1122=ORIENTED_EDGE('',*,*,#2071,.F.);
#1123=ORIENTED_EDGE('',*,*,#2231,.T.);
#1124=ORIENTED_EDGE('',*,*,#2232,.T.);
#1125=ORIENTED_EDGE('',*,*,#2233,.F.);
#1126=ORIENTED_EDGE('',*,*,#2072,.F.);
#1127=ORIENTED_EDGE('',*,*,#2230,.T.);
#1128=ORIENTED_EDGE('',*,*,#2234,.T.);
#1129=ORIENTED_EDGE('',*,*,#2235,.F.);
#1130=ORIENTED_EDGE('',*,*,#2073,.F.);
#1131=ORIENTED_EDGE('',*,*,#2233,.T.);
#1132=ORIENTED_EDGE('',*,*,#2236,.T.);
#1133=ORIENTED_EDGE('',*,*,#2237,.F.);
#1134=ORIENTED_EDGE('',*,*,#2074,.F.);
#1135=ORIENTED_EDGE('',*,*,#2235,.T.);
#1136=ORIENTED_EDGE('',*,*,#2238,.T.);
#1137=ORIENTED_EDGE('',*,*,#2239,.F.);
#1138=ORIENTED_EDGE('',*,*,#2075,.F.);
#1139=ORIENTED_EDGE('',*,*,#2237,.T.);
#1140=ORIENTED_EDGE('',*,*,#2240,.T.);
#1141=ORIENTED_EDGE('',*,*,#2241,.F.);
#1142=ORIENTED_EDGE('',*,*,#2076,.F.);
#1143=ORIENTED_EDGE('',*,*,#2239,.T.);
#1144=ORIENTED_EDGE('',*,*,#2242,.T.);
#1145=ORIENTED_EDGE('',*,*,#2243,.F.);
#1146=ORIENTED_EDGE('',*,*,#2077,.F.);
#1147=ORIENTED_EDGE('',*,*,#2241,.T.);
#1148=ORIENTED_EDGE('',*,*,#2244,.T.);
#1149=ORIENTED_EDGE('',*,*,#2245,.F.);
#1150=ORIENTED_EDGE('',*,*,#2078,.F.);
#1151=ORIENTED_EDGE('',*,*,#2243,.T.);
#1152=ORIENTED_EDGE('',*,*,#2246,.T.);
#1153=ORIENTED_EDGE('',*,*,#2247,.F.);
#1154=ORIENTED_EDGE('',*,*,#2079,.F.);
#1155=ORIENTED_EDGE('',*,*,#2245,.T.);
#1156=ORIENTED_EDGE('',*,*,#2248,.T.);
#1157=ORIENTED_EDGE('',*,*,#2249,.F.);
#1158=ORIENTED_EDGE('',*,*,#2068,.F.);
#1159=ORIENTED_EDGE('',*,*,#2247,.T.);
#1160=ORIENTED_EDGE('',*,*,#2250,.F.);
#1161=ORIENTED_EDGE('',*,*,#2251,.T.);
#1162=ORIENTED_EDGE('',*,*,#2252,.T.);
#1163=ORIENTED_EDGE('',*,*,#2253,.F.);
#1164=ORIENTED_EDGE('',*,*,#2254,.F.);
#1165=ORIENTED_EDGE('',*,*,#2255,.F.);
#1166=ORIENTED_EDGE('',*,*,#2069,.F.);
#1167=ORIENTED_EDGE('',*,*,#2249,.T.);
#1168=ORIENTED_EDGE('',*,*,#2256,.T.);
#1169=ORIENTED_EDGE('',*,*,#2231,.F.);
#1170=ORIENTED_EDGE('',*,*,#2070,.F.);
#1171=ORIENTED_EDGE('',*,*,#2255,.T.);
#1172=ORIENTED_EDGE('',*,*,#1656,.T.);
#1173=ORIENTED_EDGE('',*,*,#2257,.F.);
#1174=ORIENTED_EDGE('',*,*,#2258,.F.);
#1175=ORIENTED_EDGE('',*,*,#1750,.T.);
#1176=ORIENTED_EDGE('',*,*,#2259,.T.);
#1177=ORIENTED_EDGE('',*,*,#2260,.T.);
#1178=ORIENTED_EDGE('',*,*,#1751,.T.);
#1179=ORIENTED_EDGE('',*,*,#2258,.T.);
#1180=ORIENTED_EDGE('',*,*,#2261,.T.);
#1181=ORIENTED_EDGE('',*,*,#1698,.T.);
#1182=ORIENTED_EDGE('',*,*,#1752,.F.);
#1183=ORIENTED_EDGE('',*,*,#2260,.F.);
#1184=ORIENTED_EDGE('',*,*,#2262,.T.);
#1185=ORIENTED_EDGE('',*,*,#1700,.T.);
#1186=ORIENTED_EDGE('',*,*,#2263,.T.);
#1187=ORIENTED_EDGE('',*,*,#2264,.T.);
#1188=ORIENTED_EDGE('',*,*,#2092,.T.);
#1189=ORIENTED_EDGE('',*,*,#2149,.T.);
#1190=ORIENTED_EDGE('',*,*,#2265,.T.);
#1191=ORIENTED_EDGE('',*,*,#2266,.F.);
#1192=ORIENTED_EDGE('',*,*,#2082,.F.);
#1193=ORIENTED_EDGE('',*,*,#2267,.T.);
#1194=ORIENTED_EDGE('',*,*,#2268,.T.);
#1195=ORIENTED_EDGE('',*,*,#2269,.F.);
#1196=ORIENTED_EDGE('',*,*,#2083,.F.);
#1197=ORIENTED_EDGE('',*,*,#2266,.T.);
#1198=ORIENTED_EDGE('',*,*,#2270,.T.);
#1199=ORIENTED_EDGE('',*,*,#2271,.F.);
#1200=ORIENTED_EDGE('',*,*,#2084,.F.);
#1201=ORIENTED_EDGE('',*,*,#2269,.T.);
#1202=ORIENTED_EDGE('',*,*,#2272,.T.);
#1203=ORIENTED_EDGE('',*,*,#2273,.F.);
#1204=ORIENTED_EDGE('',*,*,#2085,.F.);
#1205=ORIENTED_EDGE('',*,*,#2271,.T.);
#1206=ORIENTED_EDGE('',*,*,#2274,.T.);
#1207=ORIENTED_EDGE('',*,*,#2275,.F.);
#1208=ORIENTED_EDGE('',*,*,#2086,.F.);
#1209=ORIENTED_EDGE('',*,*,#2273,.T.);
#1210=ORIENTED_EDGE('',*,*,#2276,.T.);
#1211=ORIENTED_EDGE('',*,*,#2277,.F.);
#1212=ORIENTED_EDGE('',*,*,#2087,.F.);
#1213=ORIENTED_EDGE('',*,*,#2275,.T.);
#1214=ORIENTED_EDGE('',*,*,#2278,.T.);
#1215=ORIENTED_EDGE('',*,*,#2279,.F.);
#1216=ORIENTED_EDGE('',*,*,#2088,.F.);
#1217=ORIENTED_EDGE('',*,*,#2277,.T.);
#1218=ORIENTED_EDGE('',*,*,#2280,.T.);
#1219=ORIENTED_EDGE('',*,*,#2281,.F.);
#1220=ORIENTED_EDGE('',*,*,#2089,.F.);
#1221=ORIENTED_EDGE('',*,*,#2279,.T.);
#1222=ORIENTED_EDGE('',*,*,#2282,.T.);
#1223=ORIENTED_EDGE('',*,*,#2283,.F.);
#1224=ORIENTED_EDGE('',*,*,#2090,.F.);
#1225=ORIENTED_EDGE('',*,*,#2281,.T.);
#1226=ORIENTED_EDGE('',*,*,#2284,.T.);
#1227=ORIENTED_EDGE('',*,*,#2285,.F.);
#1228=ORIENTED_EDGE('',*,*,#2091,.F.);
#1229=ORIENTED_EDGE('',*,*,#2283,.T.);
#1230=ORIENTED_EDGE('',*,*,#2286,.T.);
#1231=ORIENTED_EDGE('',*,*,#2287,.F.);
#1232=ORIENTED_EDGE('',*,*,#2080,.F.);
#1233=ORIENTED_EDGE('',*,*,#2285,.T.);
#1234=ORIENTED_EDGE('',*,*,#2264,.F.);
#1235=ORIENTED_EDGE('',*,*,#2288,.T.);
#1236=ORIENTED_EDGE('',*,*,#2267,.F.);
#1237=ORIENTED_EDGE('',*,*,#2081,.F.);
#1238=ORIENTED_EDGE('',*,*,#2287,.T.);
#1239=ORIENTED_EDGE('',*,*,#2289,.T.);
#1240=ORIENTED_EDGE('',*,*,#2290,.T.);
#1241=ORIENTED_EDGE('',*,*,#2093,.T.);
#1242=ORIENTED_EDGE('',*,*,#2148,.F.);
#1243=ORIENTED_EDGE('',*,*,#2094,.F.);
#1244=ORIENTED_EDGE('',*,*,#2290,.F.);
#1245=ORIENTED_EDGE('',*,*,#2291,.F.);
#1246=ORIENTED_EDGE('',*,*,#1708,.F.);
#1247=ORIENTED_EDGE('',*,*,#2140,.T.);
#1248=ORIENTED_EDGE('',*,*,#1730,.T.);
#1249=ORIENTED_EDGE('',*,*,#2292,.T.);
#1250=ORIENTED_EDGE('',*,*,#2293,.T.);
#1251=ORIENTED_EDGE('',*,*,#2110,.T.);
#1252=ORIENTED_EDGE('',*,*,#2294,.T.);
#1253=ORIENTED_EDGE('',*,*,#2295,.F.);
#1254=ORIENTED_EDGE('',*,*,#2096,.T.);
#1255=ORIENTED_EDGE('',*,*,#2296,.T.);
#1256=ORIENTED_EDGE('',*,*,#2297,.T.);
#1257=ORIENTED_EDGE('',*,*,#2298,.F.);
#1258=ORIENTED_EDGE('',*,*,#2097,.T.);
#1259=ORIENTED_EDGE('',*,*,#2295,.T.);
#1260=ORIENTED_EDGE('',*,*,#2299,.T.);
#1261=ORIENTED_EDGE('',*,*,#2300,.F.);
#1262=ORIENTED_EDGE('',*,*,#2098,.T.);
#1263=ORIENTED_EDGE('',*,*,#2298,.T.);
#1264=ORIENTED_EDGE('',*,*,#2301,.T.);
#1265=ORIENTED_EDGE('',*,*,#2302,.F.);
#1266=ORIENTED_EDGE('',*,*,#2099,.T.);
#1267=ORIENTED_EDGE('',*,*,#2300,.T.);
#1268=ORIENTED_EDGE('',*,*,#2303,.T.);
#1269=ORIENTED_EDGE('',*,*,#2304,.F.);
#1270=ORIENTED_EDGE('',*,*,#2100,.T.);
#1271=ORIENTED_EDGE('',*,*,#2302,.T.);
#1272=ORIENTED_EDGE('',*,*,#2305,.T.);
#1273=ORIENTED_EDGE('',*,*,#2306,.F.);
#1274=ORIENTED_EDGE('',*,*,#2101,.T.);
#1275=ORIENTED_EDGE('',*,*,#2304,.T.);
#1276=ORIENTED_EDGE('',*,*,#2307,.T.);
#1277=ORIENTED_EDGE('',*,*,#2308,.F.);
#1278=ORIENTED_EDGE('',*,*,#2102,.T.);
#1279=ORIENTED_EDGE('',*,*,#2306,.T.);
#1280=ORIENTED_EDGE('',*,*,#2309,.T.);
#1281=ORIENTED_EDGE('',*,*,#2310,.F.);
#1282=ORIENTED_EDGE('',*,*,#2103,.T.);
#1283=ORIENTED_EDGE('',*,*,#2308,.T.);
#1284=ORIENTED_EDGE('',*,*,#2311,.T.);
#1285=ORIENTED_EDGE('',*,*,#2312,.F.);
#1286=ORIENTED_EDGE('',*,*,#2104,.T.);
#1287=ORIENTED_EDGE('',*,*,#2310,.T.);
#1288=ORIENTED_EDGE('',*,*,#2313,.T.);
#1289=ORIENTED_EDGE('',*,*,#2314,.F.);
#1290=ORIENTED_EDGE('',*,*,#2105,.T.);
#1291=ORIENTED_EDGE('',*,*,#2312,.T.);
#1292=ORIENTED_EDGE('',*,*,#2315,.T.);
#1293=ORIENTED_EDGE('',*,*,#2316,.F.);
#1294=ORIENTED_EDGE('',*,*,#2106,.T.);
#1295=ORIENTED_EDGE('',*,*,#2314,.T.);
#1296=ORIENTED_EDGE('',*,*,#2317,.F.);
#1297=ORIENTED_EDGE('',*,*,#2296,.F.);
#1298=ORIENTED_EDGE('',*,*,#2107,.T.);
#1299=ORIENTED_EDGE('',*,*,#2316,.T.);
#1300=ORIENTED_EDGE('',*,*,#2318,.F.);
#1301=ORIENTED_EDGE('',*,*,#2319,.T.);
#1302=ORIENTED_EDGE('',*,*,#2111,.F.);
#1303=ORIENTED_EDGE('',*,*,#2293,.F.);
#1304=ORIENTED_EDGE('',*,*,#1654,.F.);
#1305=ORIENTED_EDGE('',*,*,#2141,.F.);
#1306=ORIENTED_EDGE('',*,*,#2108,.F.);
#1307=ORIENTED_EDGE('',*,*,#2319,.F.);
#1308=ORIENTED_EDGE('',*,*,#2320,.F.);
#1309=ORIENTED_EDGE('',*,*,#2321,.T.);
#1310=ORIENTED_EDGE('',*,*,#2322,.F.);
#1311=ORIENTED_EDGE('',*,*,#2200,.F.);
#1312=ORIENTED_EDGE('',*,*,#2323,.T.);
#1313=ORIENTED_EDGE('',*,*,#2324,.T.);
#1314=ORIENTED_EDGE('',*,*,#2325,.F.);
#1315=ORIENTED_EDGE('',*,*,#2189,.F.);
#1316=ORIENTED_EDGE('',*,*,#2322,.T.);
#1317=ORIENTED_EDGE('',*,*,#2326,.F.);
#1318=ORIENTED_EDGE('',*,*,#2327,.T.);
#1319=ORIENTED_EDGE('',*,*,#2328,.T.);
#1320=ORIENTED_EDGE('',*,*,#2329,.F.);
#1321=ORIENTED_EDGE('',*,*,#2330,.F.);
#1322=ORIENTED_EDGE('',*,*,#2331,.F.);
#1323=ORIENTED_EDGE('',*,*,#2190,.F.);
#1324=ORIENTED_EDGE('',*,*,#2325,.T.);
#1325=ORIENTED_EDGE('',*,*,#2332,.T.);
#1326=ORIENTED_EDGE('',*,*,#2333,.F.);
#1327=ORIENTED_EDGE('',*,*,#2191,.F.);
#1328=ORIENTED_EDGE('',*,*,#2331,.T.);
#1329=ORIENTED_EDGE('',*,*,#2334,.T.);
#1330=ORIENTED_EDGE('',*,*,#2335,.F.);
#1331=ORIENTED_EDGE('',*,*,#2192,.F.);
#1332=ORIENTED_EDGE('',*,*,#2333,.T.);
#1333=ORIENTED_EDGE('',*,*,#2336,.T.);
#1334=ORIENTED_EDGE('',*,*,#2337,.F.);
#1335=ORIENTED_EDGE('',*,*,#2193,.F.);
#1336=ORIENTED_EDGE('',*,*,#2335,.T.);
#1337=ORIENTED_EDGE('',*,*,#2338,.T.);
#1338=ORIENTED_EDGE('',*,*,#2339,.F.);
#1339=ORIENTED_EDGE('',*,*,#2194,.F.);
#1340=ORIENTED_EDGE('',*,*,#2337,.T.);
#1341=ORIENTED_EDGE('',*,*,#2340,.T.);
#1342=ORIENTED_EDGE('',*,*,#2341,.F.);
#1343=ORIENTED_EDGE('',*,*,#2195,.F.);
#1344=ORIENTED_EDGE('',*,*,#2339,.T.);
#1345=ORIENTED_EDGE('',*,*,#2342,.T.);
#1346=ORIENTED_EDGE('',*,*,#2343,.F.);
#1347=ORIENTED_EDGE('',*,*,#2196,.F.);
#1348=ORIENTED_EDGE('',*,*,#2341,.T.);
#1349=ORIENTED_EDGE('',*,*,#2344,.T.);
#1350=ORIENTED_EDGE('',*,*,#2345,.F.);
#1351=ORIENTED_EDGE('',*,*,#2197,.F.);
#1352=ORIENTED_EDGE('',*,*,#2343,.T.);
#1353=ORIENTED_EDGE('',*,*,#2346,.T.);
#1354=ORIENTED_EDGE('',*,*,#2347,.F.);
#1355=ORIENTED_EDGE('',*,*,#2198,.F.);
#1356=ORIENTED_EDGE('',*,*,#2345,.T.);
#1357=ORIENTED_EDGE('',*,*,#2348,.T.);
#1358=ORIENTED_EDGE('',*,*,#2323,.F.);
#1359=ORIENTED_EDGE('',*,*,#2199,.F.);
#1360=ORIENTED_EDGE('',*,*,#2347,.T.);
#1361=ORIENTED_EDGE('',*,*,#1729,.T.);
#1362=ORIENTED_EDGE('',*,*,#2349,.T.);
#1363=ORIENTED_EDGE('',*,*,#2350,.T.);
#1364=ORIENTED_EDGE('',*,*,#2351,.F.);
#1365=ORIENTED_EDGE('',*,*,#2352,.F.);
#1366=ORIENTED_EDGE('',*,*,#2353,.F.);
#1367=ORIENTED_EDGE('',*,*,#2354,.F.);
#1368=ORIENTED_EDGE('',*,*,#2355,.F.);
#1369=ORIENTED_EDGE('',*,*,#2356,.F.);
#1370=ORIENTED_EDGE('',*,*,#2357,.F.);
#1371=ORIENTED_EDGE('',*,*,#2358,.F.);
#1372=ORIENTED_EDGE('',*,*,#2359,.F.);
#1373=ORIENTED_EDGE('',*,*,#2360,.F.);
#1374=ORIENTED_EDGE('',*,*,#2361,.F.);
#1375=ORIENTED_EDGE('',*,*,#2362,.T.);
#1376=ORIENTED_EDGE('',*,*,#2363,.F.);
#1377=ORIENTED_EDGE('',*,*,#1719,.T.);
#1378=ORIENTED_EDGE('',*,*,#2364,.T.);
#1379=ORIENTED_EDGE('',*,*,#2326,.T.);
#1380=ORIENTED_EDGE('',*,*,#2324,.F.);
#1381=ORIENTED_EDGE('',*,*,#2321,.F.);
#1382=ORIENTED_EDGE('',*,*,#2348,.F.);
#1383=ORIENTED_EDGE('',*,*,#2346,.F.);
#1384=ORIENTED_EDGE('',*,*,#2344,.F.);
#1385=ORIENTED_EDGE('',*,*,#2342,.F.);
#1386=ORIENTED_EDGE('',*,*,#2340,.F.);
#1387=ORIENTED_EDGE('',*,*,#2338,.F.);
#1388=ORIENTED_EDGE('',*,*,#2336,.F.);
#1389=ORIENTED_EDGE('',*,*,#2334,.F.);
#1390=ORIENTED_EDGE('',*,*,#2332,.F.);
#1391=ORIENTED_EDGE('',*,*,#2330,.T.);
#1392=ORIENTED_EDGE('',*,*,#2365,.F.);
#1393=ORIENTED_EDGE('',*,*,#1835,.T.);
#1394=ORIENTED_EDGE('',*,*,#2366,.T.);
#1395=ORIENTED_EDGE('',*,*,#2218,.T.);
#1396=ORIENTED_EDGE('',*,*,#2216,.F.);
#1397=ORIENTED_EDGE('',*,*,#2214,.F.);
#1398=ORIENTED_EDGE('',*,*,#2212,.F.);
#1399=ORIENTED_EDGE('',*,*,#2210,.F.);
#1400=ORIENTED_EDGE('',*,*,#2208,.F.);
#1401=ORIENTED_EDGE('',*,*,#2206,.F.);
#1402=ORIENTED_EDGE('',*,*,#2204,.F.);
#1403=ORIENTED_EDGE('',*,*,#2201,.F.);
#1404=ORIENTED_EDGE('',*,*,#2228,.F.);
#1405=ORIENTED_EDGE('',*,*,#2226,.F.);
#1406=ORIENTED_EDGE('',*,*,#2224,.F.);
#1407=ORIENTED_EDGE('',*,*,#2222,.T.);
#1408=ORIENTED_EDGE('',*,*,#2367,.F.);
#1409=ORIENTED_EDGE('',*,*,#1842,.T.);
#1410=ORIENTED_EDGE('',*,*,#2368,.T.);
#1411=ORIENTED_EDGE('',*,*,#2250,.T.);
#1412=ORIENTED_EDGE('',*,*,#2248,.F.);
#1413=ORIENTED_EDGE('',*,*,#2246,.F.);
#1414=ORIENTED_EDGE('',*,*,#2244,.F.);
#1415=ORIENTED_EDGE('',*,*,#2242,.F.);
#1416=ORIENTED_EDGE('',*,*,#2240,.F.);
#1417=ORIENTED_EDGE('',*,*,#2238,.F.);
#1418=ORIENTED_EDGE('',*,*,#2236,.F.);
#1419=ORIENTED_EDGE('',*,*,#2234,.F.);
#1420=ORIENTED_EDGE('',*,*,#2232,.F.);
#1421=ORIENTED_EDGE('',*,*,#2229,.F.);
#1422=ORIENTED_EDGE('',*,*,#2256,.F.);
#1423=ORIENTED_EDGE('',*,*,#2254,.T.);
#1424=ORIENTED_EDGE('',*,*,#2369,.F.);
#1425=ORIENTED_EDGE('',*,*,#1709,.T.);
#1426=ORIENTED_EDGE('',*,*,#2291,.T.);
#1427=ORIENTED_EDGE('',*,*,#2289,.F.);
#1428=ORIENTED_EDGE('',*,*,#2286,.F.);
#1429=ORIENTED_EDGE('',*,*,#2284,.F.);
#1430=ORIENTED_EDGE('',*,*,#2282,.F.);
#1431=ORIENTED_EDGE('',*,*,#2280,.F.);
#1432=ORIENTED_EDGE('',*,*,#2278,.F.);
#1433=ORIENTED_EDGE('',*,*,#2276,.F.);
#1434=ORIENTED_EDGE('',*,*,#2274,.F.);
#1435=ORIENTED_EDGE('',*,*,#2272,.F.);
#1436=ORIENTED_EDGE('',*,*,#2270,.F.);
#1437=ORIENTED_EDGE('',*,*,#2268,.F.);
#1438=ORIENTED_EDGE('',*,*,#2265,.F.);
#1439=ORIENTED_EDGE('',*,*,#2288,.F.);
#1440=ORIENTED_EDGE('',*,*,#2263,.F.);
#1441=ORIENTED_EDGE('',*,*,#1699,.T.);
#1442=ORIENTED_EDGE('',*,*,#2262,.F.);
#1443=ORIENTED_EDGE('',*,*,#2261,.F.);
#1444=ORIENTED_EDGE('',*,*,#2257,.T.);
#1445=ORIENTED_EDGE('',*,*,#1655,.T.);
#1446=ORIENTED_EDGE('',*,*,#2320,.T.);
#1447=ORIENTED_EDGE('',*,*,#2318,.T.);
#1448=ORIENTED_EDGE('',*,*,#2315,.F.);
#1449=ORIENTED_EDGE('',*,*,#2313,.F.);
#1450=ORIENTED_EDGE('',*,*,#2311,.F.);
#1451=ORIENTED_EDGE('',*,*,#2309,.F.);
#1452=ORIENTED_EDGE('',*,*,#2307,.F.);
#1453=ORIENTED_EDGE('',*,*,#2305,.F.);
#1454=ORIENTED_EDGE('',*,*,#2303,.F.);
#1455=ORIENTED_EDGE('',*,*,#2301,.F.);
#1456=ORIENTED_EDGE('',*,*,#2299,.F.);
#1457=ORIENTED_EDGE('',*,*,#2297,.F.);
#1458=ORIENTED_EDGE('',*,*,#2294,.F.);
#1459=ORIENTED_EDGE('',*,*,#2317,.T.);
#1460=ORIENTED_EDGE('',*,*,#2292,.F.);
#1461=ORIENTED_EDGE('',*,*,#2361,.T.);
#1462=ORIENTED_EDGE('',*,*,#2370,.F.);
#1463=ORIENTED_EDGE('',*,*,#2371,.F.);
#1464=ORIENTED_EDGE('',*,*,#2372,.T.);
#1465=ORIENTED_EDGE('',*,*,#2354,.T.);
#1466=ORIENTED_EDGE('',*,*,#2373,.F.);
#1467=ORIENTED_EDGE('',*,*,#2374,.F.);
#1468=ORIENTED_EDGE('',*,*,#2375,.T.);
#1469=ORIENTED_EDGE('',*,*,#2359,.T.);
#1470=ORIENTED_EDGE('',*,*,#2376,.F.);
#1471=ORIENTED_EDGE('',*,*,#2377,.F.);
#1472=ORIENTED_EDGE('',*,*,#2378,.T.);
#1473=ORIENTED_EDGE('',*,*,#2360,.T.);
#1474=ORIENTED_EDGE('',*,*,#2378,.F.);
#1475=ORIENTED_EDGE('',*,*,#2379,.F.);
#1476=ORIENTED_EDGE('',*,*,#2370,.T.);
#1477=ORIENTED_EDGE('',*,*,#2358,.T.);
#1478=ORIENTED_EDGE('',*,*,#2380,.F.);
#1479=ORIENTED_EDGE('',*,*,#2381,.F.);
#1480=ORIENTED_EDGE('',*,*,#2376,.T.);
#1481=ORIENTED_EDGE('',*,*,#2357,.T.);
#1482=ORIENTED_EDGE('',*,*,#2382,.F.);
#1483=ORIENTED_EDGE('',*,*,#2383,.F.);
#1484=ORIENTED_EDGE('',*,*,#2380,.T.);
#1485=ORIENTED_EDGE('',*,*,#2356,.T.);
#1486=ORIENTED_EDGE('',*,*,#2384,.F.);
#1487=ORIENTED_EDGE('',*,*,#2385,.F.);
#1488=ORIENTED_EDGE('',*,*,#2382,.T.);
#1489=ORIENTED_EDGE('',*,*,#2355,.T.);
#1490=ORIENTED_EDGE('',*,*,#2375,.F.);
#1491=ORIENTED_EDGE('',*,*,#2386,.F.);
#1492=ORIENTED_EDGE('',*,*,#2384,.T.);
#1493=ORIENTED_EDGE('',*,*,#2352,.T.);
#1494=ORIENTED_EDGE('',*,*,#2387,.F.);
#1495=ORIENTED_EDGE('',*,*,#2388,.F.);
#1496=ORIENTED_EDGE('',*,*,#2389,.T.);
#1497=ORIENTED_EDGE('',*,*,#2351,.T.);
#1498=ORIENTED_EDGE('',*,*,#2390,.F.);
#1499=ORIENTED_EDGE('',*,*,#2391,.F.);
#1500=ORIENTED_EDGE('',*,*,#2387,.T.);
#1501=ORIENTED_EDGE('',*,*,#2391,.T.);
#1502=ORIENTED_EDGE('',*,*,#2392,.T.);
#1503=ORIENTED_EDGE('',*,*,#2371,.T.);
#1504=ORIENTED_EDGE('',*,*,#2379,.T.);
#1505=ORIENTED_EDGE('',*,*,#2377,.T.);
#1506=ORIENTED_EDGE('',*,*,#2381,.T.);
#1507=ORIENTED_EDGE('',*,*,#2383,.T.);
#1508=ORIENTED_EDGE('',*,*,#2385,.T.);
#1509=ORIENTED_EDGE('',*,*,#2386,.T.);
#1510=ORIENTED_EDGE('',*,*,#2374,.T.);
#1511=ORIENTED_EDGE('',*,*,#2393,.T.);
#1512=ORIENTED_EDGE('',*,*,#2388,.T.);
#1513=ORIENTED_EDGE('',*,*,#2353,.T.);
#1514=ORIENTED_EDGE('',*,*,#2389,.F.);
#1515=ORIENTED_EDGE('',*,*,#2393,.F.);
#1516=ORIENTED_EDGE('',*,*,#2373,.T.);
#1517=ORIENTED_EDGE('',*,*,#2350,.F.);
#1518=ORIENTED_EDGE('',*,*,#2394,.T.);
#1519=ORIENTED_EDGE('',*,*,#2395,.T.);
#1520=ORIENTED_EDGE('',*,*,#2396,.F.);
#1521=ORIENTED_EDGE('',*,*,#2362,.F.);
#1522=ORIENTED_EDGE('',*,*,#2372,.F.);
#1523=ORIENTED_EDGE('',*,*,#2392,.F.);
#1524=ORIENTED_EDGE('',*,*,#2390,.T.);
#1525=ORIENTED_EDGE('',*,*,#2122,.F.);
#1526=ORIENTED_EDGE('',*,*,#2397,.F.);
#1527=ORIENTED_EDGE('',*,*,#2251,.F.);
#1528=ORIENTED_EDGE('',*,*,#2368,.F.);
#1529=ORIENTED_EDGE('',*,*,#1841,.F.);
#1530=ORIENTED_EDGE('',*,*,#1710,.T.);
#1531=ORIENTED_EDGE('',*,*,#2369,.T.);
#1532=ORIENTED_EDGE('',*,*,#2253,.T.);
#1533=ORIENTED_EDGE('',*,*,#2398,.T.);
#1534=ORIENTED_EDGE('',*,*,#2120,.T.);
#1535=ORIENTED_EDGE('',*,*,#2398,.F.);
#1536=ORIENTED_EDGE('',*,*,#2252,.F.);
#1537=ORIENTED_EDGE('',*,*,#2397,.T.);
#1538=ORIENTED_EDGE('',*,*,#2121,.T.);
#1539=ORIENTED_EDGE('',*,*,#1678,.T.);
#1540=ORIENTED_EDGE('',*,*,#1782,.T.);
#1541=ORIENTED_EDGE('',*,*,#2017,.T.);
#1542=ORIENTED_EDGE('',*,*,#2399,.T.);
#1543=ORIENTED_EDGE('',*,*,#2164,.T.);
#1544=ORIENTED_EDGE('',*,*,#2166,.F.);
#1545=ORIENTED_EDGE('',*,*,#2400,.F.);
#1546=ORIENTED_EDGE('',*,*,#2015,.F.);
#1547=ORIENTED_EDGE('',*,*,#1768,.F.);
#1548=ORIENTED_EDGE('',*,*,#1686,.F.);
#1549=ORIENTED_EDGE('',*,*,#2400,.T.);
#1550=ORIENTED_EDGE('',*,*,#2165,.F.);
#1551=ORIENTED_EDGE('',*,*,#2399,.F.);
#1552=ORIENTED_EDGE('',*,*,#2016,.T.);
#1553=ORIENTED_EDGE('',*,*,#2125,.F.);
#1554=ORIENTED_EDGE('',*,*,#2401,.F.);
#1555=ORIENTED_EDGE('',*,*,#2219,.F.);
#1556=ORIENTED_EDGE('',*,*,#2366,.F.);
#1557=ORIENTED_EDGE('',*,*,#1834,.F.);
#1558=ORIENTED_EDGE('',*,*,#1839,.T.);
#1559=ORIENTED_EDGE('',*,*,#2367,.T.);
#1560=ORIENTED_EDGE('',*,*,#2221,.T.);
#1561=ORIENTED_EDGE('',*,*,#2402,.T.);
#1562=ORIENTED_EDGE('',*,*,#2123,.T.);
#1563=ORIENTED_EDGE('',*,*,#2402,.F.);
#1564=ORIENTED_EDGE('',*,*,#2220,.F.);
#1565=ORIENTED_EDGE('',*,*,#2401,.T.);
#1566=ORIENTED_EDGE('',*,*,#2124,.T.);
#1567=ORIENTED_EDGE('',*,*,#1838,.T.);
#1568=ORIENTED_EDGE('',*,*,#1797,.T.);
#1569=ORIENTED_EDGE('',*,*,#2024,.T.);
#1570=ORIENTED_EDGE('',*,*,#2403,.T.);
#1571=ORIENTED_EDGE('',*,*,#2173,.T.);
#1572=ORIENTED_EDGE('',*,*,#2175,.F.);
#1573=ORIENTED_EDGE('',*,*,#2404,.F.);
#1574=ORIENTED_EDGE('',*,*,#2022,.F.);
#1575=ORIENTED_EDGE('',*,*,#1783,.F.);
#1576=ORIENTED_EDGE('',*,*,#1676,.F.);
#1577=ORIENTED_EDGE('',*,*,#2404,.T.);
#1578=ORIENTED_EDGE('',*,*,#2174,.F.);
#1579=ORIENTED_EDGE('',*,*,#2403,.F.);
#1580=ORIENTED_EDGE('',*,*,#2023,.T.);
#1581=ORIENTED_EDGE('',*,*,#2118,.F.);
#1582=ORIENTED_EDGE('',*,*,#2405,.F.);
#1583=ORIENTED_EDGE('',*,*,#2327,.F.);
#1584=ORIENTED_EDGE('',*,*,#2364,.F.);
#1585=ORIENTED_EDGE('',*,*,#1718,.F.);
#1586=ORIENTED_EDGE('',*,*,#1832,.T.);
#1587=ORIENTED_EDGE('',*,*,#2365,.T.);
#1588=ORIENTED_EDGE('',*,*,#2329,.T.);
#1589=ORIENTED_EDGE('',*,*,#2406,.T.);
#1590=ORIENTED_EDGE('',*,*,#2116,.T.);
#1591=ORIENTED_EDGE('',*,*,#2406,.F.);
#1592=ORIENTED_EDGE('',*,*,#2328,.F.);
#1593=ORIENTED_EDGE('',*,*,#2405,.T.);
#1594=ORIENTED_EDGE('',*,*,#2117,.T.);
#1595=ORIENTED_EDGE('',*,*,#1831,.T.);
#1596=ORIENTED_EDGE('',*,*,#1813,.T.);
#1597=ORIENTED_EDGE('',*,*,#1975,.T.);
#1598=ORIENTED_EDGE('',*,*,#2407,.T.);
#1599=ORIENTED_EDGE('',*,*,#2170,.T.);
#1600=ORIENTED_EDGE('',*,*,#2172,.F.);
#1601=ORIENTED_EDGE('',*,*,#2408,.F.);
#1602=ORIENTED_EDGE('',*,*,#1973,.F.);
#1603=ORIENTED_EDGE('',*,*,#1799,.F.);
#1604=ORIENTED_EDGE('',*,*,#1837,.F.);
#1605=ORIENTED_EDGE('',*,*,#2408,.T.);
#1606=ORIENTED_EDGE('',*,*,#2171,.F.);
#1607=ORIENTED_EDGE('',*,*,#2407,.F.);
#1608=ORIENTED_EDGE('',*,*,#1974,.T.);
#1609=ORIENTED_EDGE('',*,*,#2184,.F.);
#1610=ORIENTED_EDGE('',*,*,#2409,.F.);
#1611=ORIENTED_EDGE('',*,*,#2394,.F.);
#1612=ORIENTED_EDGE('',*,*,#2349,.F.);
#1613=ORIENTED_EDGE('',*,*,#1728,.F.);
#1614=ORIENTED_EDGE('',*,*,#1720,.T.);
#1615=ORIENTED_EDGE('',*,*,#2363,.T.);
#1616=ORIENTED_EDGE('',*,*,#2396,.T.);
#1617=ORIENTED_EDGE('',*,*,#2410,.T.);
#1618=ORIENTED_EDGE('',*,*,#2182,.T.);
#1619=ORIENTED_EDGE('',*,*,#2410,.F.);
#1620=ORIENTED_EDGE('',*,*,#2395,.F.);
#1621=ORIENTED_EDGE('',*,*,#2409,.T.);
#1622=ORIENTED_EDGE('',*,*,#2183,.T.);
#1623=ORIENTED_EDGE('',*,*,#1668,.T.);
#1624=ORIENTED_EDGE('',*,*,#1734,.T.);
#1625=ORIENTED_EDGE('',*,*,#1848,.T.);
#1626=ORIENTED_EDGE('',*,*,#2411,.T.);
#1627=ORIENTED_EDGE('',*,*,#2167,.T.);
#1628=ORIENTED_EDGE('',*,*,#2169,.F.);
#1629=ORIENTED_EDGE('',*,*,#2412,.F.);
#1630=ORIENTED_EDGE('',*,*,#1846,.F.);
#1631=ORIENTED_EDGE('',*,*,#1815,.F.);
#1632=ORIENTED_EDGE('',*,*,#1830,.F.);
#1633=ORIENTED_EDGE('',*,*,#2412,.T.);
#1634=ORIENTED_EDGE('',*,*,#2168,.F.);
#1635=ORIENTED_EDGE('',*,*,#2411,.F.);
#1636=ORIENTED_EDGE('',*,*,#1847,.T.);
#1637=ORIENTED_EDGE('',*,*,#2134,.T.);
#1638=ORIENTED_EDGE('',*,*,#1651,.F.);
#1639=ORIENTED_EDGE('',*,*,#2137,.F.);
#1640=ORIENTED_EDGE('',*,*,#1645,.F.);
#1641=ORIENTED_EDGE('',*,*,#2413,.T.);
#1642=ORIENTED_EDGE('',*,*,#2259,.F.);
#1643=ORIENTED_EDGE('',*,*,#2413,.F.);
#1644=EDGE_CURVE('',#2414,#2415,#2928,.T.);
#1645=EDGE_CURVE('',#2414,#2416,#2929,.T.);
#1646=EDGE_CURVE('',#2417,#2416,#2930,.T.);
#1647=EDGE_CURVE('',#2418,#2417,#48,.T.);
#1648=EDGE_CURVE('',#2419,#2418,#2931,.T.);
#1649=EDGE_CURVE('',#2415,#2419,#2932,.T.);
#1650=EDGE_CURVE('',#2420,#2421,#2933,.T.);
#1651=EDGE_CURVE('',#2420,#2422,#2934,.T.);
#1652=EDGE_CURVE('',#2423,#2422,#2935,.T.);
#1653=EDGE_CURVE('',#2424,#2423,#2936,.T.);
#1654=EDGE_CURVE('',#2424,#2425,#2937,.T.);
#1655=EDGE_CURVE('',#2426,#2425,#2938,.T.);
#1656=EDGE_CURVE('',#2427,#2426,#2939,.T.);
#1657=EDGE_CURVE('',#2428,#2427,#2940,.T.);
#1658=EDGE_CURVE('',#2429,#2428,#2941,.T.);
#1659=EDGE_CURVE('',#2430,#2429,#2942,.T.);
#1660=EDGE_CURVE('',#2431,#2430,#2943,.T.);
#1661=EDGE_CURVE('',#2432,#2431,#49,.F.);
#1662=EDGE_CURVE('',#2432,#2433,#2944,.T.);
#1663=EDGE_CURVE('',#2434,#2433,#50,.F.);
#1664=EDGE_CURVE('',#2434,#2435,#2945,.T.);
#1665=EDGE_CURVE('',#2436,#2435,#2946,.T.);
#1666=EDGE_CURVE('',#2436,#2437,#2947,.T.);
#1667=EDGE_CURVE('',#2438,#2437,#2948,.T.);
#1668=EDGE_CURVE('',#2439,#2438,#2949,.T.);
#1669=EDGE_CURVE('',#2440,#2439,#2950,.T.);
#1670=EDGE_CURVE('',#2441,#2440,#2951,.T.);
#1671=EDGE_CURVE('',#2442,#2441,#51,.F.);
#1672=EDGE_CURVE('',#2443,#2442,#2952,.T.);
#1673=EDGE_CURVE('',#2444,#2443,#52,.F.);
#1674=EDGE_CURVE('',#2445,#2444,#2953,.T.);
#1675=EDGE_CURVE('',#2446,#2445,#2954,.T.);
#1676=EDGE_CURVE('',#2446,#2447,#2955,.T.);
#1677=EDGE_CURVE('',#2448,#2447,#2956,.T.);
#1678=EDGE_CURVE('',#2449,#2448,#2957,.T.);
#1679=EDGE_CURVE('',#2450,#2449,#2958,.T.);
#1680=EDGE_CURVE('',#2451,#2450,#2959,.T.);
#1681=EDGE_CURVE('',#2452,#2451,#53,.F.);
#1682=EDGE_CURVE('',#2453,#2452,#2960,.T.);
#1683=EDGE_CURVE('',#2454,#2453,#54,.F.);
#1684=EDGE_CURVE('',#2455,#2454,#2961,.T.);
#1685=EDGE_CURVE('',#2456,#2455,#2962,.T.);
#1686=EDGE_CURVE('',#2456,#2457,#2963,.T.);
#1687=EDGE_CURVE('',#2458,#2457,#2964,.T.);
#1688=EDGE_CURVE('',#2459,#2458,#2965,.T.);
#1689=EDGE_CURVE('',#2460,#2459,#2966,.T.);
#1690=EDGE_CURVE('',#2461,#2460,#2967,.T.);
#1691=EDGE_CURVE('',#2462,#2461,#55,.F.);
#1692=EDGE_CURVE('',#2463,#2462,#2968,.T.);
#1693=EDGE_CURVE('',#2464,#2463,#56,.F.);
#1694=EDGE_CURVE('',#2465,#2464,#2969,.T.);
#1695=EDGE_CURVE('',#2466,#2465,#2970,.T.);
#1696=EDGE_CURVE('',#2466,#2467,#2971,.T.);
#1697=EDGE_CURVE('',#2468,#2467,#2972,.T.);
#1698=EDGE_CURVE('',#2469,#2468,#2973,.T.);
#1699=EDGE_CURVE('',#2470,#2469,#2974,.T.);
#1700=EDGE_CURVE('',#2471,#2470,#2975,.T.);
#1701=EDGE_CURVE('',#2472,#2471,#2976,.T.);
#1702=EDGE_CURVE('',#2473,#2472,#2977,.T.);
#1703=EDGE_CURVE('',#2474,#2473,#57,.F.);
#1704=EDGE_CURVE('',#2474,#2475,#2978,.T.);
#1705=EDGE_CURVE('',#2476,#2475,#58,.F.);
#1706=EDGE_CURVE('',#2476,#2477,#2979,.T.);
#1707=EDGE_CURVE('',#2477,#2478,#2980,.T.);
#1708=EDGE_CURVE('',#2478,#2479,#2981,.T.);
#1709=EDGE_CURVE('',#2480,#2479,#2982,.T.);
#1710=EDGE_CURVE('',#2481,#2480,#2983,.T.);
#1711=EDGE_CURVE('',#2482,#2481,#2984,.T.);
#1712=EDGE_CURVE('',#2483,#2482,#2985,.T.);
#1713=EDGE_CURVE('',#2484,#2483,#59,.F.);
#1714=EDGE_CURVE('',#2484,#2485,#2986,.T.);
#1715=EDGE_CURVE('',#2486,#2485,#60,.F.);
#1716=EDGE_CURVE('',#2487,#2486,#2987,.T.);
#1717=EDGE_CURVE('',#2488,#2487,#2988,.T.);
#1718=EDGE_CURVE('',#2488,#2489,#2989,.T.);
#1719=EDGE_CURVE('',#2490,#2489,#2990,.T.);
#1720=EDGE_CURVE('',#2491,#2490,#2991,.T.);
#1721=EDGE_CURVE('',#2492,#2491,#2992,.T.);
#1722=EDGE_CURVE('',#2493,#2492,#2993,.T.);
#1723=EDGE_CURVE('',#2494,#2493,#61,.F.);
#1724=EDGE_CURVE('',#2494,#2495,#2994,.T.);
#1725=EDGE_CURVE('',#2496,#2495,#62,.F.);
#1726=EDGE_CURVE('',#2497,#2496,#2995,.T.);
#1727=EDGE_CURVE('',#2498,#2497,#2996,.T.);
#1728=EDGE_CURVE('',#2498,#2499,#2997,.T.);
#1729=EDGE_CURVE('',#2500,#2499,#2998,.T.);
#1730=EDGE_CURVE('',#2501,#2500,#2999,.T.);
#1731=EDGE_CURVE('',#2502,#2501,#3000,.T.);
#1732=EDGE_CURVE('',#2503,#2502,#3001,.T.);
#1733=EDGE_CURVE('',#2421,#2503,#63,.F.);
#1734=EDGE_CURVE('',#2438,#2504,#3002,.T.);
#1735=EDGE_CURVE('',#2437,#2505,#3003,.T.);
#1736=EDGE_CURVE('',#2505,#2506,#3004,.T.);
#1737=EDGE_CURVE('',#2507,#2506,#3005,.T.);
#1738=EDGE_CURVE('',#2508,#2507,#3006,.T.);
#1739=EDGE_CURVE('',#2509,#2508,#3007,.T.);
#1740=EDGE_CURVE('',#2510,#2509,#3008,.T.);
#1741=EDGE_CURVE('',#2511,#2510,#3009,.T.);
#1742=EDGE_CURVE('',#2512,#2511,#3010,.T.);
#1743=EDGE_CURVE('',#2513,#2512,#3011,.T.);
#1744=EDGE_CURVE('',#2514,#2513,#3012,.T.);
#1745=EDGE_CURVE('',#2515,#2514,#3013,.T.);
#1746=EDGE_CURVE('',#2515,#2516,#3014,.T.);
#1747=EDGE_CURVE('',#2516,#2517,#3015,.T.);
#1748=EDGE_CURVE('',#2517,#2518,#3016,.T.);
#1749=EDGE_CURVE('',#2428,#2518,#3017,.T.);
#1750=EDGE_CURVE('',#2519,#2427,#3018,.T.);
#1751=EDGE_CURVE('',#2520,#2519,#3019,.T.);
#1752=EDGE_CURVE('',#2520,#2468,#3020,.T.);
#1753=EDGE_CURVE('',#2467,#2521,#3021,.T.);
#1754=EDGE_CURVE('',#2521,#2522,#3022,.T.);
#1755=EDGE_CURVE('',#2523,#2522,#3023,.T.);
#1756=EDGE_CURVE('',#2524,#2523,#3024,.T.);
#1757=EDGE_CURVE('',#2525,#2524,#3025,.T.);
#1758=EDGE_CURVE('',#2526,#2525,#3026,.T.);
#1759=EDGE_CURVE('',#2527,#2526,#3027,.T.);
#1760=EDGE_CURVE('',#2528,#2527,#3028,.T.);
#1761=EDGE_CURVE('',#2529,#2528,#3029,.T.);
#1762=EDGE_CURVE('',#2530,#2529,#3030,.T.);
#1763=EDGE_CURVE('',#2531,#2530,#3031,.T.);
#1764=EDGE_CURVE('',#2532,#2531,#3032,.T.);
#1765=EDGE_CURVE('',#2533,#2532,#3033,.T.);
#1766=EDGE_CURVE('',#2533,#2534,#3034,.T.);
#1767=EDGE_CURVE('',#2458,#2534,#3035,.T.);
#1768=EDGE_CURVE('',#2457,#2535,#3036,.T.);
#1769=EDGE_CURVE('',#2535,#2536,#3037,.T.);
#1770=EDGE_CURVE('',#2537,#2536,#3038,.T.);
#1771=EDGE_CURVE('',#2538,#2537,#3039,.T.);
#1772=EDGE_CURVE('',#2539,#2538,#3040,.T.);
#1773=EDGE_CURVE('',#2540,#2539,#3041,.T.);
#1774=EDGE_CURVE('',#2541,#2540,#3042,.T.);
#1775=EDGE_CURVE('',#2542,#2541,#3043,.T.);
#1776=EDGE_CURVE('',#2543,#2542,#3044,.T.);
#1777=EDGE_CURVE('',#2544,#2543,#3045,.T.);
#1778=EDGE_CURVE('',#2545,#2544,#3046,.T.);
#1779=EDGE_CURVE('',#2546,#2545,#3047,.T.);
#1780=EDGE_CURVE('',#2547,#2546,#3048,.T.);
#1781=EDGE_CURVE('',#2547,#2548,#3049,.T.);
#1782=EDGE_CURVE('',#2448,#2548,#3050,.T.);
#1783=EDGE_CURVE('',#2447,#2549,#3051,.T.);
#1784=EDGE_CURVE('',#2549,#2550,#3052,.T.);
#1785=EDGE_CURVE('',#2551,#2550,#3053,.T.);
#1786=EDGE_CURVE('',#2552,#2551,#3054,.T.);
#1787=EDGE_CURVE('',#2553,#2552,#3055,.T.);
#1788=EDGE_CURVE('',#2554,#2553,#3056,.T.);
#1789=EDGE_CURVE('',#2555,#2554,#3057,.T.);
#1790=EDGE_CURVE('',#2556,#2555,#3058,.T.);
#1791=EDGE_CURVE('',#2557,#2556,#3059,.T.);
#1792=EDGE_CURVE('',#2558,#2557,#3060,.T.);
#1793=EDGE_CURVE('',#2559,#2558,#3061,.T.);
#1794=EDGE_CURVE('',#2560,#2559,#3062,.T.);
#1795=EDGE_CURVE('',#2561,#2560,#3063,.T.);
#1796=EDGE_CURVE('',#2561,#2562,#3064,.T.);
#1797=EDGE_CURVE('',#2563,#2562,#3065,.T.);
#1798=EDGE_CURVE('',#2563,#2564,#3066,.T.);
#1799=EDGE_CURVE('',#2564,#2565,#3067,.T.);
#1800=EDGE_CURVE('',#2565,#2566,#3068,.T.);
#1801=EDGE_CURVE('',#2567,#2566,#3069,.T.);
#1802=EDGE_CURVE('',#2568,#2567,#3070,.T.);
#1803=EDGE_CURVE('',#2569,#2568,#3071,.T.);
#1804=EDGE_CURVE('',#2570,#2569,#3072,.T.);
#1805=EDGE_CURVE('',#2571,#2570,#3073,.T.);
#1806=EDGE_CURVE('',#2572,#2571,#3074,.T.);
#1807=EDGE_CURVE('',#2573,#2572,#3075,.T.);
#1808=EDGE_CURVE('',#2574,#2573,#3076,.T.);
#1809=EDGE_CURVE('',#2575,#2574,#3077,.T.);
#1810=EDGE_CURVE('',#2576,#2575,#3078,.T.);
#1811=EDGE_CURVE('',#2577,#2576,#3079,.T.);
#1812=EDGE_CURVE('',#2577,#2578,#3080,.T.);
#1813=EDGE_CURVE('',#2579,#2578,#3081,.T.);
#1814=EDGE_CURVE('',#2579,#2580,#3082,.T.);
#1815=EDGE_CURVE('',#2580,#2581,#3083,.T.);
#1816=EDGE_CURVE('',#2581,#2582,#3084,.T.);
#1817=EDGE_CURVE('',#2583,#2582,#3085,.T.);
#1818=EDGE_CURVE('',#2584,#2583,#3086,.T.);
#1819=EDGE_CURVE('',#2585,#2584,#3087,.T.);
#1820=EDGE_CURVE('',#2586,#2585,#3088,.T.);
#1821=EDGE_CURVE('',#2587,#2586,#3089,.T.);
#1822=EDGE_CURVE('',#2588,#2587,#3090,.T.);
#1823=EDGE_CURVE('',#2589,#2588,#3091,.T.);
#1824=EDGE_CURVE('',#2590,#2589,#3092,.T.);
#1825=EDGE_CURVE('',#2591,#2590,#3093,.T.);
#1826=EDGE_CURVE('',#2592,#2591,#3094,.T.);
#1827=EDGE_CURVE('',#2593,#2592,#3095,.T.);
#1828=EDGE_CURVE('',#2593,#2504,#3096,.T.);
#1829=EDGE_CURVE('',#2594,#2595,#3097,.T.);
#1830=EDGE_CURVE('',#2594,#2580,#3098,.T.);
#1831=EDGE_CURVE('',#2595,#2579,#3099,.T.);
#1832=EDGE_CURVE('',#2596,#2597,#3100,.T.);
#1833=EDGE_CURVE('',#2598,#2596,#3101,.T.);
#1834=EDGE_CURVE('',#2598,#2599,#3102,.T.);
#1835=EDGE_CURVE('',#2597,#2599,#3103,.T.);
#1836=EDGE_CURVE('',#2600,#2601,#3104,.T.);
#1837=EDGE_CURVE('',#2600,#2564,#3105,.T.);
#1838=EDGE_CURVE('',#2601,#2563,#3106,.T.);
#1839=EDGE_CURVE('',#2602,#2603,#3107,.T.);
#1840=EDGE_CURVE('',#2604,#2602,#3108,.T.);
#1841=EDGE_CURVE('',#2604,#2605,#3109,.T.);
#1842=EDGE_CURVE('',#2603,#2605,#3110,.T.);
#1843=EDGE_CURVE('',#2606,#2582,#3111,.T.);
#1844=EDGE_CURVE('',#2606,#2607,#3112,.T.);
#1845=EDGE_CURVE('',#2607,#2583,#3113,.T.);
#1846=EDGE_CURVE('',#2581,#2608,#3114,.T.);
#1847=EDGE_CURVE('',#2609,#2608,#3115,.T.);
#1848=EDGE_CURVE('',#2504,#2609,#3116,.T.);
#1849=EDGE_CURVE('',#2610,#2593,#3117,.T.);
#1850=EDGE_CURVE('',#2610,#2606,#3118,.T.);
#1851=EDGE_CURVE('',#2611,#2589,#3119,.T.);
#1852=EDGE_CURVE('',#2611,#2612,#3120,.T.);
#1853=EDGE_CURVE('',#2612,#2590,#3121,.T.);
#1854=EDGE_CURVE('',#2613,#2592,#3122,.T.);
#1855=EDGE_CURVE('',#2613,#2610,#3123,.T.);
#1856=EDGE_CURVE('',#2614,#2591,#3124,.T.);
#1857=EDGE_CURVE('',#2614,#2613,#3125,.T.);
#1858=EDGE_CURVE('',#2612,#2614,#3126,.T.);
#1859=EDGE_CURVE('',#2615,#2611,#3127,.T.);
#1860=EDGE_CURVE('',#2616,#2615,#3128,.T.);
#1861=EDGE_CURVE('',#2617,#2616,#3129,.T.);
#1862=EDGE_CURVE('',#2618,#2617,#3130,.T.);
#1863=EDGE_CURVE('',#2619,#2618,#3131,.T.);
#1864=EDGE_CURVE('',#2607,#2619,#3132,.T.);
#1865=EDGE_CURVE('',#2615,#2588,#3133,.T.);
#1866=EDGE_CURVE('',#2616,#2587,#3134,.T.);
#1867=EDGE_CURVE('',#2617,#2586,#3135,.T.);
#1868=EDGE_CURVE('',#2618,#2585,#3136,.T.);
#1869=EDGE_CURVE('',#2619,#2584,#3137,.T.);
#1870=EDGE_CURVE('',#2620,#2440,#3138,.T.);
#1871=EDGE_CURVE('',#2620,#2621,#3139,.T.);
#1872=EDGE_CURVE('',#2621,#2441,#3140,.T.);
#1873=EDGE_CURVE('',#2621,#2622,#64,.T.);
#1874=EDGE_CURVE('',#2622,#2442,#3141,.T.);
#1875=EDGE_CURVE('',#2623,#2624,#3142,.T.);
#1876=EDGE_CURVE('',#2625,#2623,#3143,.T.);
#1877=EDGE_CURVE('',#2626,#2625,#3144,.T.);
#1878=EDGE_CURVE('',#2627,#2626,#3145,.T.);
#1879=EDGE_CURVE('',#2628,#2627,#3146,.T.);
#1880=EDGE_CURVE('',#2629,#2628,#3147,.T.);
#1881=EDGE_CURVE('',#2630,#2629,#3148,.T.);
#1882=EDGE_CURVE('',#2631,#2630,#3149,.T.);
#1883=EDGE_CURVE('',#2632,#2631,#3150,.T.);
#1884=EDGE_CURVE('',#2633,#2632,#3151,.T.);
#1885=EDGE_CURVE('',#2634,#2633,#3152,.T.);
#1886=EDGE_CURVE('',#2624,#2634,#3153,.T.);
#1887=EDGE_CURVE('',#2635,#2636,#3154,.T.);
#1888=EDGE_CURVE('',#2637,#2635,#3155,.T.);
#1889=EDGE_CURVE('',#2638,#2637,#3156,.T.);
#1890=EDGE_CURVE('',#2639,#2638,#3157,.T.);
#1891=EDGE_CURVE('',#2640,#2639,#3158,.T.);
#1892=EDGE_CURVE('',#2641,#2640,#3159,.T.);
#1893=EDGE_CURVE('',#2642,#2641,#3160,.T.);
#1894=EDGE_CURVE('',#2643,#2642,#3161,.T.);
#1895=EDGE_CURVE('',#2644,#2643,#3162,.T.);
#1896=EDGE_CURVE('',#2645,#2644,#3163,.T.);
#1897=EDGE_CURVE('',#2646,#2645,#3164,.T.);
#1898=EDGE_CURVE('',#2636,#2646,#3165,.T.);
#1899=EDGE_CURVE('',#2647,#2648,#3166,.T.);
#1900=EDGE_CURVE('',#2649,#2647,#3167,.T.);
#1901=EDGE_CURVE('',#2650,#2649,#3168,.T.);
#1902=EDGE_CURVE('',#2651,#2650,#3169,.T.);
#1903=EDGE_CURVE('',#2652,#2651,#3170,.T.);
#1904=EDGE_CURVE('',#2653,#2652,#3171,.T.);
#1905=EDGE_CURVE('',#2654,#2653,#3172,.T.);
#1906=EDGE_CURVE('',#2655,#2654,#3173,.T.);
#1907=EDGE_CURVE('',#2656,#2655,#3174,.T.);
#1908=EDGE_CURVE('',#2657,#2656,#3175,.T.);
#1909=EDGE_CURVE('',#2658,#2657,#3176,.T.);
#1910=EDGE_CURVE('',#2648,#2658,#3177,.T.);
#1911=EDGE_CURVE('',#2659,#2660,#3178,.T.);
#1912=EDGE_CURVE('',#2661,#2659,#3179,.T.);
#1913=EDGE_CURVE('',#2662,#2661,#3180,.T.);
#1914=EDGE_CURVE('',#2663,#2662,#3181,.T.);
#1915=EDGE_CURVE('',#2664,#2663,#3182,.T.);
#1916=EDGE_CURVE('',#2665,#2664,#3183,.T.);
#1917=EDGE_CURVE('',#2666,#2665,#3184,.T.);
#1918=EDGE_CURVE('',#2667,#2666,#3185,.T.);
#1919=EDGE_CURVE('',#2668,#2667,#3186,.T.);
#1920=EDGE_CURVE('',#2669,#2668,#3187,.T.);
#1921=EDGE_CURVE('',#2670,#2669,#3188,.T.);
#1922=EDGE_CURVE('',#2660,#2670,#3189,.T.);
#1923=EDGE_CURVE('',#2671,#2672,#3190,.T.);
#1924=EDGE_CURVE('',#2672,#2673,#3191,.T.);
#1925=EDGE_CURVE('',#2673,#2674,#3192,.T.);
#1926=EDGE_CURVE('',#2674,#2675,#3193,.T.);
#1927=EDGE_CURVE('',#2675,#2676,#3194,.T.);
#1928=EDGE_CURVE('',#2676,#2677,#3195,.T.);
#1929=EDGE_CURVE('',#2677,#2678,#3196,.T.);
#1930=EDGE_CURVE('',#2678,#2679,#3197,.T.);
#1931=EDGE_CURVE('',#2679,#2680,#3198,.T.);
#1932=EDGE_CURVE('',#2680,#2681,#3199,.T.);
#1933=EDGE_CURVE('',#2681,#2682,#3200,.T.);
#1934=EDGE_CURVE('',#2682,#2671,#3201,.T.);
#1935=EDGE_CURVE('',#2683,#2684,#3202,.T.);
#1936=EDGE_CURVE('',#2684,#2685,#3203,.T.);
#1937=EDGE_CURVE('',#2685,#2686,#65,.T.);
#1938=EDGE_CURVE('',#2686,#2687,#3204,.T.);
#1939=EDGE_CURVE('',#2687,#2688,#66,.T.);
#1940=EDGE_CURVE('',#2688,#2683,#3205,.T.);
#1941=EDGE_CURVE('',#2689,#2690,#3206,.T.);
#1942=EDGE_CURVE('',#2690,#2691,#3207,.T.);
#1943=EDGE_CURVE('',#2691,#2692,#3208,.T.);
#1944=EDGE_CURVE('',#2692,#2693,#67,.T.);
#1945=EDGE_CURVE('',#2693,#2694,#3209,.T.);
#1946=EDGE_CURVE('',#2694,#2689,#68,.T.);
#1947=EDGE_CURVE('',#2695,#2696,#3210,.T.);
#1948=EDGE_CURVE('',#2696,#2697,#3211,.T.);
#1949=EDGE_CURVE('',#2697,#2698,#3212,.T.);
#1950=EDGE_CURVE('',#2698,#2699,#69,.T.);
#1951=EDGE_CURVE('',#2699,#2700,#3213,.T.);
#1952=EDGE_CURVE('',#2700,#2695,#70,.T.);
#1953=EDGE_CURVE('',#2701,#2702,#3214,.T.);
#1954=EDGE_CURVE('',#2703,#2701,#71,.T.);
#1955=EDGE_CURVE('',#2704,#2703,#3215,.T.);
#1956=EDGE_CURVE('',#2705,#2704,#72,.T.);
#1957=EDGE_CURVE('',#2706,#2705,#3216,.T.);
#1958=EDGE_CURVE('',#2702,#2706,#3217,.T.);
#1959=EDGE_CURVE('',#2707,#2708,#73,.T.);
#1960=EDGE_CURVE('',#2709,#2708,#3218,.T.);
#1961=EDGE_CURVE('',#2710,#2709,#74,.T.);
#1962=EDGE_CURVE('',#2710,#2707,#3219,.T.);
#1963=EDGE_CURVE('',#2626,#2574,#3220,.T.);
#1964=EDGE_CURVE('',#2625,#2575,#3221,.T.);
#1965=EDGE_CURVE('',#2627,#2573,#3222,.T.);
#1966=EDGE_CURVE('',#2628,#2572,#3223,.T.);
#1967=EDGE_CURVE('',#2629,#2571,#3224,.T.);
#1968=EDGE_CURVE('',#2630,#2570,#3225,.T.);
#1969=EDGE_CURVE('',#2631,#2569,#3226,.T.);
#1970=EDGE_CURVE('',#2632,#2568,#3227,.T.);
#1971=EDGE_CURVE('',#2633,#2567,#3228,.T.);
#1972=EDGE_CURVE('',#2634,#2566,#3229,.T.);
#1973=EDGE_CURVE('',#2565,#2711,#3230,.T.);
#1974=EDGE_CURVE('',#2712,#2711,#3231,.T.);
#1975=EDGE_CURVE('',#2578,#2712,#3232,.T.);
#1976=EDGE_CURVE('',#2624,#2577,#3233,.T.);
#1977=EDGE_CURVE('',#2623,#2576,#3234,.T.);
#1978=EDGE_CURVE('',#2635,#2532,#3235,.T.);
#1979=EDGE_CURVE('',#2636,#2533,#3236,.T.);
#1980=EDGE_CURVE('',#2637,#2531,#3237,.T.);
#1981=EDGE_CURVE('',#2638,#2530,#3238,.T.);
#1982=EDGE_CURVE('',#2639,#2529,#3239,.T.);
#1983=EDGE_CURVE('',#2640,#2528,#3240,.T.);
#1984=EDGE_CURVE('',#2641,#2527,#3241,.T.);
#1985=EDGE_CURVE('',#2642,#2526,#3242,.T.);
#1986=EDGE_CURVE('',#2643,#2525,#3243,.T.);
#1987=EDGE_CURVE('',#2644,#2524,#3244,.T.);
#1988=EDGE_CURVE('',#2645,#2523,#3245,.T.);
#1989=EDGE_CURVE('',#2646,#2522,#3246,.T.);
#1990=EDGE_CURVE('',#2534,#2710,#3247,.T.);
#1991=EDGE_CURVE('',#2521,#2707,#3248,.T.);
#1992=EDGE_CURVE('',#2674,#2516,#3249,.T.);
#1993=EDGE_CURVE('',#2673,#2517,#3250,.T.);
#1994=EDGE_CURVE('',#2675,#2515,#3251,.T.);
#1995=EDGE_CURVE('',#2676,#2514,#3252,.T.);
#1996=EDGE_CURVE('',#2677,#2513,#3253,.T.);
#1997=EDGE_CURVE('',#2678,#2512,#3254,.T.);
#1998=EDGE_CURVE('',#2679,#2511,#3255,.T.);
#1999=EDGE_CURVE('',#2680,#2510,#3256,.T.);
#2000=EDGE_CURVE('',#2681,#2509,#3257,.T.);
#2001=EDGE_CURVE('',#2682,#2508,#3258,.T.);
#2002=EDGE_CURVE('',#2671,#2507,#3259,.T.);
#2003=EDGE_CURVE('',#2672,#2506,#3260,.T.);
#2004=EDGE_CURVE('',#2649,#2545,#3261,.T.);
#2005=EDGE_CURVE('',#2647,#2546,#3262,.T.);
#2006=EDGE_CURVE('',#2650,#2544,#3263,.T.);
#2007=EDGE_CURVE('',#2651,#2543,#3264,.T.);
#2008=EDGE_CURVE('',#2652,#2542,#3265,.T.);
#2009=EDGE_CURVE('',#2653,#2541,#3266,.T.);
#2010=EDGE_CURVE('',#2654,#2540,#3267,.T.);
#2011=EDGE_CURVE('',#2655,#2539,#3268,.T.);
#2012=EDGE_CURVE('',#2656,#2538,#3269,.T.);
#2013=EDGE_CURVE('',#2657,#2537,#3270,.T.);
#2014=EDGE_CURVE('',#2658,#2536,#3271,.T.);
#2015=EDGE_CURVE('',#2535,#2713,#3272,.T.);
#2016=EDGE_CURVE('',#2714,#2713,#3273,.T.);
#2017=EDGE_CURVE('',#2548,#2714,#3274,.T.);
#2018=EDGE_CURVE('',#2648,#2547,#3275,.T.);
#2019=EDGE_CURVE('',#2669,#2551,#3276,.T.);
#2020=EDGE_CURVE('',#2668,#2552,#3277,.T.);
#2021=EDGE_CURVE('',#2670,#2550,#3278,.T.);
#2022=EDGE_CURVE('',#2549,#2715,#3279,.T.);
#2023=EDGE_CURVE('',#2716,#2715,#3280,.T.);
#2024=EDGE_CURVE('',#2562,#2716,#3281,.T.);
#2025=EDGE_CURVE('',#2660,#2561,#3282,.T.);
#2026=EDGE_CURVE('',#2659,#2560,#3283,.T.);
#2027=EDGE_CURVE('',#2661,#2559,#3284,.T.);
#2028=EDGE_CURVE('',#2662,#2558,#3285,.T.);
#2029=EDGE_CURVE('',#2663,#2557,#3286,.T.);
#2030=EDGE_CURVE('',#2664,#2556,#3287,.T.);
#2031=EDGE_CURVE('',#2665,#2555,#3288,.T.);
#2032=EDGE_CURVE('',#2666,#2554,#3289,.T.);
#2033=EDGE_CURVE('',#2667,#2553,#3290,.T.);
#2034=EDGE_CURVE('',#2505,#2717,#3291,.T.);
#2035=EDGE_CURVE('',#2717,#2718,#3292,.T.);
#2036=EDGE_CURVE('',#2518,#2718,#3293,.T.);
#2037=EDGE_CURVE('',#2718,#2719,#75,.T.);
#2038=EDGE_CURVE('',#2717,#2720,#76,.T.);
#2039=EDGE_CURVE('',#2720,#2719,#3294,.T.);
#2040=EDGE_CURVE('',#2721,#2722,#3295,.T.);
#2041=EDGE_CURVE('',#2723,#2721,#77,.T.);
#2042=EDGE_CURVE('',#2724,#2723,#3296,.T.);
#2043=EDGE_CURVE('',#2725,#2724,#78,.T.);
#2044=EDGE_CURVE('',#2726,#2725,#3297,.T.);
#2045=EDGE_CURVE('',#2722,#2726,#3298,.T.);
#2046=EDGE_CURVE('',#2622,#2727,#3299,.T.);
#2047=EDGE_CURVE('',#2728,#2620,#3300,.T.);
#2048=EDGE_CURVE('',#2729,#2728,#3301,.T.);
#2049=EDGE_CURVE('',#2727,#2729,#79,.T.);
#2050=EDGE_CURVE('',#2730,#2731,#3302,.T.);
#2051=EDGE_CURVE('',#2731,#2732,#3303,.T.);
#2052=EDGE_CURVE('',#2732,#2733,#3304,.T.);
#2053=EDGE_CURVE('',#2733,#2734,#80,.T.);
#2054=EDGE_CURVE('',#2734,#2735,#3305,.T.);
#2055=EDGE_CURVE('',#2735,#2730,#81,.T.);
#2056=EDGE_CURVE('',#2736,#2737,#3306,.T.);
#2057=EDGE_CURVE('',#2737,#2738,#3307,.T.);
#2058=EDGE_CURVE('',#2738,#2739,#3308,.T.);
#2059=EDGE_CURVE('',#2739,#2740,#3309,.T.);
#2060=EDGE_CURVE('',#2740,#2741,#3310,.T.);
#2061=EDGE_CURVE('',#2741,#2742,#3311,.T.);
#2062=EDGE_CURVE('',#2742,#2743,#3312,.T.);
#2063=EDGE_CURVE('',#2743,#2744,#3313,.T.);
#2064=EDGE_CURVE('',#2744,#2745,#3314,.T.);
#2065=EDGE_CURVE('',#2745,#2746,#3315,.T.);
#2066=EDGE_CURVE('',#2746,#2747,#3316,.T.);
#2067=EDGE_CURVE('',#2747,#2736,#3317,.T.);
#2068=EDGE_CURVE('',#2748,#2749,#3318,.T.);
#2069=EDGE_CURVE('',#2749,#2750,#3319,.T.);
#2070=EDGE_CURVE('',#2750,#2751,#3320,.T.);
#2071=EDGE_CURVE('',#2751,#2752,#3321,.T.);
#2072=EDGE_CURVE('',#2752,#2753,#3322,.T.);
#2073=EDGE_CURVE('',#2753,#2754,#3323,.T.);
#2074=EDGE_CURVE('',#2754,#2755,#3324,.T.);
#2075=EDGE_CURVE('',#2755,#2756,#3325,.T.);
#2076=EDGE_CURVE('',#2756,#2757,#3326,.T.);
#2077=EDGE_CURVE('',#2757,#2758,#3327,.T.);
#2078=EDGE_CURVE('',#2758,#2759,#3328,.T.);
#2079=EDGE_CURVE('',#2759,#2748,#3329,.T.);
#2080=EDGE_CURVE('',#2760,#2761,#3330,.T.);
#2081=EDGE_CURVE('',#2761,#2762,#3331,.T.);
#2082=EDGE_CURVE('',#2762,#2763,#3332,.T.);
#2083=EDGE_CURVE('',#2763,#2764,#3333,.T.);
#2084=EDGE_CURVE('',#2764,#2765,#3334,.T.);
#2085=EDGE_CURVE('',#2765,#2766,#3335,.T.);
#2086=EDGE_CURVE('',#2766,#2767,#3336,.T.);
#2087=EDGE_CURVE('',#2767,#2768,#3337,.T.);
#2088=EDGE_CURVE('',#2768,#2769,#3338,.T.);
#2089=EDGE_CURVE('',#2769,#2770,#3339,.T.);
#2090=EDGE_CURVE('',#2770,#2771,#3340,.T.);
#2091=EDGE_CURVE('',#2771,#2760,#3341,.T.);
#2092=EDGE_CURVE('',#2772,#2773,#82,.T.);
#2093=EDGE_CURVE('',#2774,#2772,#3342,.T.);
#2094=EDGE_CURVE('',#2774,#2775,#83,.T.);
#2095=EDGE_CURVE('',#2775,#2773,#3343,.T.);
#2096=EDGE_CURVE('',#2776,#2777,#3344,.T.);
#2097=EDGE_CURVE('',#2778,#2776,#3345,.T.);
#2098=EDGE_CURVE('',#2779,#2778,#3346,.T.);
#2099=EDGE_CURVE('',#2780,#2779,#3347,.T.);
#2100=EDGE_CURVE('',#2781,#2780,#3348,.T.);
#2101=EDGE_CURVE('',#2782,#2781,#3349,.T.);
#2102=EDGE_CURVE('',#2783,#2782,#3350,.T.);
#2103=EDGE_CURVE('',#2784,#2783,#3351,.T.);
#2104=EDGE_CURVE('',#2785,#2784,#3352,.T.);
#2105=EDGE_CURVE('',#2786,#2785,#3353,.T.);
#2106=EDGE_CURVE('',#2787,#2786,#3354,.T.);
#2107=EDGE_CURVE('',#2777,#2787,#3355,.T.);
#2108=EDGE_CURVE('',#2788,#2789,#84,.T.);
#2109=EDGE_CURVE('',#2790,#2789,#3356,.T.);
#2110=EDGE_CURVE('',#2791,#2790,#85,.T.);
#2111=EDGE_CURVE('',#2791,#2788,#3357,.T.);
#2112=EDGE_CURVE('',#2687,#2484,#3358,.T.);
#2113=EDGE_CURVE('',#2686,#2485,#3359,.T.);
#2114=EDGE_CURVE('',#2688,#2483,#3360,.T.);
#2115=EDGE_CURVE('',#2683,#2482,#3361,.T.);
#2116=EDGE_CURVE('',#2792,#2596,#3362,.T.);
#2117=EDGE_CURVE('',#2793,#2792,#3363,.T.);
#2118=EDGE_CURVE('',#2793,#2488,#3364,.T.);
#2119=EDGE_CURVE('',#2684,#2487,#3365,.T.);
#2120=EDGE_CURVE('',#2794,#2481,#3366,.T.);
#2121=EDGE_CURVE('',#2795,#2794,#3367,.T.);
#2122=EDGE_CURVE('',#2795,#2604,#3368,.T.);
#2123=EDGE_CURVE('',#2796,#2602,#3369,.T.);
#2124=EDGE_CURVE('',#2797,#2796,#3370,.T.);
#2125=EDGE_CURVE('',#2797,#2598,#3371,.T.);
#2126=EDGE_CURVE('',#2692,#2434,#3372,.T.);
#2127=EDGE_CURVE('',#2691,#2435,#3373,.T.);
#2128=EDGE_CURVE('',#2693,#2433,#3374,.T.);
#2129=EDGE_CURVE('',#2694,#2432,#3375,.T.);
#2130=EDGE_CURVE('',#2689,#2431,#3376,.T.);
#2131=EDGE_CURVE('',#2690,#2430,#3377,.T.);
#2132=EDGE_CURVE('',#2719,#2429,#3378,.T.);
#2133=EDGE_CURVE('',#2720,#2436,#3379,.T.);
#2134=EDGE_CURVE('',#2414,#2422,#3380,.T.);
#2135=EDGE_CURVE('',#2415,#2423,#3381,.T.);
#2136=EDGE_CURVE('',#2417,#2421,#3382,.T.);
#2137=EDGE_CURVE('',#2416,#2420,#3383,.T.);
#2138=EDGE_CURVE('',#2418,#2503,#3384,.T.);
#2139=EDGE_CURVE('',#2419,#2502,#3385,.T.);
#2140=EDGE_CURVE('',#2790,#2501,#3386,.T.);
#2141=EDGE_CURVE('',#2789,#2424,#3387,.T.);
#2142=EDGE_CURVE('',#2698,#2476,#3388,.T.);
#2143=EDGE_CURVE('',#2697,#2477,#3389,.T.);
#2144=EDGE_CURVE('',#2699,#2475,#3390,.T.);
#2145=EDGE_CURVE('',#2700,#2474,#3391,.T.);
#2146=EDGE_CURVE('',#2695,#2473,#3392,.T.);
#2147=EDGE_CURVE('',#2696,#2472,#3393,.T.);
#2148=EDGE_CURVE('',#2775,#2478,#3394,.T.);
#2149=EDGE_CURVE('',#2773,#2471,#3395,.T.);
#2150=EDGE_CURVE('',#2708,#2466,#3396,.T.);
#2151=EDGE_CURVE('',#2701,#2464,#3397,.T.);
#2152=EDGE_CURVE('',#2702,#2465,#3398,.T.);
#2153=EDGE_CURVE('',#2703,#2463,#3399,.T.);
#2154=EDGE_CURVE('',#2704,#2462,#3400,.T.);
#2155=EDGE_CURVE('',#2705,#2461,#3401,.T.);
#2156=EDGE_CURVE('',#2706,#2460,#3402,.T.);
#2157=EDGE_CURVE('',#2709,#2459,#3403,.T.);
#2158=EDGE_CURVE('',#2721,#2454,#3404,.T.);
#2159=EDGE_CURVE('',#2722,#2455,#3405,.T.);
#2160=EDGE_CURVE('',#2723,#2453,#3406,.T.);
#2161=EDGE_CURVE('',#2724,#2452,#3407,.T.);
#2162=EDGE_CURVE('',#2725,#2451,#3408,.T.);
#2163=EDGE_CURVE('',#2726,#2450,#3409,.T.);
#2164=EDGE_CURVE('',#2798,#2449,#3410,.T.);
#2165=EDGE_CURVE('',#2798,#2799,#3411,.T.);
#2166=EDGE_CURVE('',#2799,#2456,#3412,.T.);
#2167=EDGE_CURVE('',#2800,#2439,#3413,.T.);
#2168=EDGE_CURVE('',#2800,#2801,#3414,.T.);
#2169=EDGE_CURVE('',#2801,#2594,#3415,.T.);
#2170=EDGE_CURVE('',#2802,#2595,#3416,.T.);
#2171=EDGE_CURVE('',#2802,#2803,#3417,.T.);
#2172=EDGE_CURVE('',#2803,#2600,#3418,.T.);
#2173=EDGE_CURVE('',#2804,#2601,#3419,.T.);
#2174=EDGE_CURVE('',#2804,#2805,#3420,.T.);
#2175=EDGE_CURVE('',#2805,#2446,#3421,.T.);
#2176=EDGE_CURVE('',#2728,#2445,#3422,.T.);
#2177=EDGE_CURVE('',#2729,#2444,#3423,.T.);
#2178=EDGE_CURVE('',#2727,#2443,#3424,.T.);
#2179=EDGE_CURVE('',#2685,#2486,#3425,.T.);
#2180=EDGE_CURVE('',#2731,#2492,#3426,.T.);
#2181=EDGE_CURVE('',#2730,#2493,#3427,.T.);
#2182=EDGE_CURVE('',#2806,#2491,#3428,.T.);
#2183=EDGE_CURVE('',#2807,#2806,#3429,.T.);
#2184=EDGE_CURVE('',#2807,#2498,#3430,.T.);
#2185=EDGE_CURVE('',#2732,#2497,#3431,.T.);
#2186=EDGE_CURVE('',#2733,#2496,#3432,.T.);
#2187=EDGE_CURVE('',#2734,#2495,#3433,.T.);
#2188=EDGE_CURVE('',#2735,#2494,#3434,.T.);
#2189=EDGE_CURVE('',#2808,#2809,#3435,.T.);
#2190=EDGE_CURVE('',#2809,#2810,#3436,.T.);
#2191=EDGE_CURVE('',#2810,#2811,#3437,.T.);
#2192=EDGE_CURVE('',#2811,#2812,#3438,.T.);
#2193=EDGE_CURVE('',#2812,#2813,#3439,.T.);
#2194=EDGE_CURVE('',#2813,#2814,#3440,.T.);
#2195=EDGE_CURVE('',#2814,#2815,#3441,.T.);
#2196=EDGE_CURVE('',#2815,#2816,#3442,.T.);
#2197=EDGE_CURVE('',#2816,#2817,#3443,.T.);
#2198=EDGE_CURVE('',#2817,#2818,#3444,.T.);
#2199=EDGE_CURVE('',#2818,#2819,#3445,.T.);
#2200=EDGE_CURVE('',#2819,#2808,#3446,.T.);
#2201=EDGE_CURVE('',#2820,#2821,#3447,.T.);
#2202=EDGE_CURVE('',#2742,#2821,#3448,.T.);
#2203=EDGE_CURVE('',#2741,#2820,#3449,.T.);
#2204=EDGE_CURVE('',#2821,#2822,#3450,.T.);
#2205=EDGE_CURVE('',#2743,#2822,#3451,.T.);
#2206=EDGE_CURVE('',#2822,#2823,#3452,.T.);
#2207=EDGE_CURVE('',#2744,#2823,#3453,.T.);
#2208=EDGE_CURVE('',#2823,#2824,#3454,.T.);
#2209=EDGE_CURVE('',#2745,#2824,#3455,.T.);
#2210=EDGE_CURVE('',#2824,#2825,#3456,.T.);
#2211=EDGE_CURVE('',#2746,#2825,#3457,.T.);
#2212=EDGE_CURVE('',#2825,#2826,#3458,.T.);
#2213=EDGE_CURVE('',#2747,#2826,#3459,.T.);
#2214=EDGE_CURVE('',#2826,#2827,#3460,.T.);
#2215=EDGE_CURVE('',#2736,#2827,#3461,.T.);
#2216=EDGE_CURVE('',#2827,#2828,#3462,.T.);
#2217=EDGE_CURVE('',#2737,#2828,#3463,.T.);
#2218=EDGE_CURVE('',#2829,#2828,#3464,.T.);
#2219=EDGE_CURVE('',#2829,#2830,#3465,.T.);
#2220=EDGE_CURVE('',#2830,#2831,#3466,.T.);
#2221=EDGE_CURVE('',#2832,#2831,#3467,.T.);
#2222=EDGE_CURVE('',#2833,#2832,#3468,.T.);
#2223=EDGE_CURVE('',#2738,#2833,#3469,.T.);
#2224=EDGE_CURVE('',#2833,#2834,#3470,.T.);
#2225=EDGE_CURVE('',#2739,#2834,#3471,.T.);
#2226=EDGE_CURVE('',#2834,#2835,#3472,.T.);
#2227=EDGE_CURVE('',#2740,#2835,#3473,.T.);
#2228=EDGE_CURVE('',#2835,#2820,#3474,.T.);
#2229=EDGE_CURVE('',#2836,#2837,#3475,.T.);
#2230=EDGE_CURVE('',#2752,#2837,#3476,.T.);
#2231=EDGE_CURVE('',#2751,#2836,#3477,.T.);
#2232=EDGE_CURVE('',#2837,#2838,#3478,.T.);
#2233=EDGE_CURVE('',#2753,#2838,#3479,.T.);
#2234=EDGE_CURVE('',#2838,#2839,#3480,.T.);
#2235=EDGE_CURVE('',#2754,#2839,#3481,.T.);
#2236=EDGE_CURVE('',#2839,#2840,#3482,.T.);
#2237=EDGE_CURVE('',#2755,#2840,#3483,.T.);
#2238=EDGE_CURVE('',#2840,#2841,#3484,.T.);
#2239=EDGE_CURVE('',#2756,#2841,#3485,.T.);
#2240=EDGE_CURVE('',#2841,#2842,#3486,.T.);
#2241=EDGE_CURVE('',#2757,#2842,#3487,.T.);
#2242=EDGE_CURVE('',#2842,#2843,#3488,.T.);
#2243=EDGE_CURVE('',#2758,#2843,#3489,.T.);
#2244=EDGE_CURVE('',#2843,#2844,#3490,.T.);
#2245=EDGE_CURVE('',#2759,#2844,#3491,.T.);
#2246=EDGE_CURVE('',#2844,#2845,#3492,.T.);
#2247=EDGE_CURVE('',#2748,#2845,#3493,.T.);
#2248=EDGE_CURVE('',#2845,#2846,#3494,.T.);
#2249=EDGE_CURVE('',#2749,#2846,#3495,.T.);
#2250=EDGE_CURVE('',#2847,#2846,#3496,.T.);
#2251=EDGE_CURVE('',#2847,#2848,#3497,.T.);
#2252=EDGE_CURVE('',#2848,#2849,#3498,.T.);
#2253=EDGE_CURVE('',#2850,#2849,#3499,.T.);
#2254=EDGE_CURVE('',#2851,#2850,#3500,.T.);
#2255=EDGE_CURVE('',#2750,#2851,#3501,.T.);
#2256=EDGE_CURVE('',#2851,#2836,#3502,.T.);
#2257=EDGE_CURVE('',#2852,#2426,#3503,.T.);
#2258=EDGE_CURVE('',#2519,#2852,#3504,.T.);
#2259=EDGE_CURVE('',#2853,#2853,#86,.T.);
#2260=EDGE_CURVE('',#2854,#2520,#3505,.T.);
#2261=EDGE_CURVE('',#2852,#2854,#3506,.T.);
#2262=EDGE_CURVE('',#2854,#2469,#3507,.T.);
#2263=EDGE_CURVE('',#2470,#2855,#3508,.T.);
#2264=EDGE_CURVE('',#2855,#2772,#3509,.T.);
#2265=EDGE_CURVE('',#2856,#2857,#3510,.T.);
#2266=EDGE_CURVE('',#2763,#2857,#3511,.T.);
#2267=EDGE_CURVE('',#2762,#2856,#3512,.T.);
#2268=EDGE_CURVE('',#2857,#2858,#3513,.T.);
#2269=EDGE_CURVE('',#2764,#2858,#3514,.T.);
#2270=EDGE_CURVE('',#2858,#2859,#3515,.T.);
#2271=EDGE_CURVE('',#2765,#2859,#3516,.T.);
#2272=EDGE_CURVE('',#2859,#2860,#3517,.T.);
#2273=EDGE_CURVE('',#2766,#2860,#3518,.T.);
#2274=EDGE_CURVE('',#2860,#2861,#3519,.T.);
#2275=EDGE_CURVE('',#2767,#2861,#3520,.T.);
#2276=EDGE_CURVE('',#2861,#2862,#3521,.T.);
#2277=EDGE_CURVE('',#2768,#2862,#3522,.T.);
#2278=EDGE_CURVE('',#2862,#2863,#3523,.T.);
#2279=EDGE_CURVE('',#2769,#2863,#3524,.T.);
#2280=EDGE_CURVE('',#2863,#2864,#3525,.T.);
#2281=EDGE_CURVE('',#2770,#2864,#3526,.T.);
#2282=EDGE_CURVE('',#2864,#2865,#3527,.T.);
#2283=EDGE_CURVE('',#2771,#2865,#3528,.T.);
#2284=EDGE_CURVE('',#2865,#2866,#3529,.T.);
#2285=EDGE_CURVE('',#2760,#2866,#3530,.T.);
#2286=EDGE_CURVE('',#2866,#2867,#3531,.T.);
#2287=EDGE_CURVE('',#2761,#2867,#3532,.T.);
#2288=EDGE_CURVE('',#2855,#2856,#3533,.T.);
#2289=EDGE_CURVE('',#2867,#2868,#3534,.T.);
#2290=EDGE_CURVE('',#2868,#2774,#3535,.T.);
#2291=EDGE_CURVE('',#2479,#2868,#3536,.T.);
#2292=EDGE_CURVE('',#2500,#2869,#3537,.T.);
#2293=EDGE_CURVE('',#2869,#2791,#3538,.T.);
#2294=EDGE_CURVE('',#2870,#2871,#3539,.T.);
#2295=EDGE_CURVE('',#2776,#2871,#3540,.T.);
#2296=EDGE_CURVE('',#2777,#2870,#3541,.T.);
#2297=EDGE_CURVE('',#2871,#2872,#3542,.T.);
#2298=EDGE_CURVE('',#2778,#2872,#3543,.T.);
#2299=EDGE_CURVE('',#2872,#2873,#3544,.T.);
#2300=EDGE_CURVE('',#2779,#2873,#3545,.T.);
#2301=EDGE_CURVE('',#2873,#2874,#3546,.T.);
#2302=EDGE_CURVE('',#2780,#2874,#3547,.T.);
#2303=EDGE_CURVE('',#2874,#2875,#3548,.T.);
#2304=EDGE_CURVE('',#2781,#2875,#3549,.T.);
#2305=EDGE_CURVE('',#2875,#2876,#3550,.T.);
#2306=EDGE_CURVE('',#2782,#2876,#3551,.T.);
#2307=EDGE_CURVE('',#2876,#2877,#3552,.T.);
#2308=EDGE_CURVE('',#2783,#2877,#3553,.T.);
#2309=EDGE_CURVE('',#2877,#2878,#3554,.T.);
#2310=EDGE_CURVE('',#2784,#2878,#3555,.T.);
#2311=EDGE_CURVE('',#2878,#2879,#3556,.T.);
#2312=EDGE_CURVE('',#2785,#2879,#3557,.T.);
#2313=EDGE_CURVE('',#2879,#2880,#3558,.T.);
#2314=EDGE_CURVE('',#2786,#2880,#3559,.T.);
#2315=EDGE_CURVE('',#2880,#2881,#3560,.T.);
#2316=EDGE_CURVE('',#2787,#2881,#3561,.T.);
#2317=EDGE_CURVE('',#2870,#2869,#3562,.T.);
#2318=EDGE_CURVE('',#2882,#2881,#3563,.T.);
#2319=EDGE_CURVE('',#2882,#2788,#3564,.T.);
#2320=EDGE_CURVE('',#2425,#2882,#3565,.T.);
#2321=EDGE_CURVE('',#2883,#2884,#3566,.T.);
#2322=EDGE_CURVE('',#2808,#2884,#3567,.T.);
#2323=EDGE_CURVE('',#2819,#2883,#3568,.T.);
#2324=EDGE_CURVE('',#2884,#2885,#3569,.T.);
#2325=EDGE_CURVE('',#2809,#2885,#3570,.T.);
#2326=EDGE_CURVE('',#2886,#2885,#3571,.T.);
#2327=EDGE_CURVE('',#2886,#2887,#3572,.T.);
#2328=EDGE_CURVE('',#2887,#2888,#3573,.T.);
#2329=EDGE_CURVE('',#2889,#2888,#3574,.T.);
#2330=EDGE_CURVE('',#2890,#2889,#3575,.T.);
#2331=EDGE_CURVE('',#2810,#2890,#3576,.T.);
#2332=EDGE_CURVE('',#2890,#2891,#3577,.T.);
#2333=EDGE_CURVE('',#2811,#2891,#3578,.T.);
#2334=EDGE_CURVE('',#2891,#2892,#3579,.T.);
#2335=EDGE_CURVE('',#2812,#2892,#3580,.T.);
#2336=EDGE_CURVE('',#2892,#2893,#3581,.T.);
#2337=EDGE_CURVE('',#2813,#2893,#3582,.T.);
#2338=EDGE_CURVE('',#2893,#2894,#3583,.T.);
#2339=EDGE_CURVE('',#2814,#2894,#3584,.T.);
#2340=EDGE_CURVE('',#2894,#2895,#3585,.T.);
#2341=EDGE_CURVE('',#2815,#2895,#3586,.T.);
#2342=EDGE_CURVE('',#2895,#2896,#3587,.T.);
#2343=EDGE_CURVE('',#2816,#2896,#3588,.T.);
#2344=EDGE_CURVE('',#2896,#2897,#3589,.T.);
#2345=EDGE_CURVE('',#2817,#2897,#3590,.T.);
#2346=EDGE_CURVE('',#2897,#2898,#3591,.T.);
#2347=EDGE_CURVE('',#2818,#2898,#3592,.T.);
#2348=EDGE_CURVE('',#2898,#2883,#3593,.T.);
#2349=EDGE_CURVE('',#2499,#2899,#3594,.T.);
#2350=EDGE_CURVE('',#2899,#2900,#3595,.T.);
#2351=EDGE_CURVE('',#2901,#2900,#3596,.T.);
#2352=EDGE_CURVE('',#2902,#2901,#3597,.T.);
#2353=EDGE_CURVE('',#2903,#2902,#3598,.T.);
#2354=EDGE_CURVE('',#2904,#2903,#3599,.T.);
#2355=EDGE_CURVE('',#2905,#2904,#3600,.T.);
#2356=EDGE_CURVE('',#2906,#2905,#3601,.T.);
#2357=EDGE_CURVE('',#2907,#2906,#3602,.T.);
#2358=EDGE_CURVE('',#2908,#2907,#3603,.T.);
#2359=EDGE_CURVE('',#2909,#2908,#3604,.T.);
#2360=EDGE_CURVE('',#2910,#2909,#3605,.T.);
#2361=EDGE_CURVE('',#2911,#2910,#3606,.T.);
#2362=EDGE_CURVE('',#2911,#2912,#3607,.T.);
#2363=EDGE_CURVE('',#2490,#2912,#3608,.T.);
#2364=EDGE_CURVE('',#2489,#2886,#3609,.T.);
#2365=EDGE_CURVE('',#2597,#2889,#3610,.T.);
#2366=EDGE_CURVE('',#2599,#2829,#3611,.T.);
#2367=EDGE_CURVE('',#2603,#2832,#3612,.T.);
#2368=EDGE_CURVE('',#2605,#2847,#3613,.T.);
#2369=EDGE_CURVE('',#2480,#2850,#3614,.T.);
#2370=EDGE_CURVE('',#2913,#2910,#3615,.T.);
#2371=EDGE_CURVE('',#2914,#2913,#3616,.T.);
#2372=EDGE_CURVE('',#2914,#2911,#3617,.T.);
#2373=EDGE_CURVE('',#2915,#2903,#3618,.T.);
#2374=EDGE_CURVE('',#2916,#2915,#3619,.T.);
#2375=EDGE_CURVE('',#2916,#2904,#3620,.T.);
#2376=EDGE_CURVE('',#2917,#2908,#3621,.T.);
#2377=EDGE_CURVE('',#2918,#2917,#3622,.T.);
#2378=EDGE_CURVE('',#2918,#2909,#3623,.T.);
#2379=EDGE_CURVE('',#2913,#2918,#3624,.T.);
#2380=EDGE_CURVE('',#2919,#2907,#3625,.T.);
#2381=EDGE_CURVE('',#2917,#2919,#3626,.T.);
#2382=EDGE_CURVE('',#2920,#2906,#3627,.T.);
#2383=EDGE_CURVE('',#2919,#2920,#3628,.T.);
#2384=EDGE_CURVE('',#2921,#2905,#3629,.T.);
#2385=EDGE_CURVE('',#2920,#2921,#3630,.T.);
#2386=EDGE_CURVE('',#2921,#2916,#3631,.T.);
#2387=EDGE_CURVE('',#2922,#2901,#3632,.T.);
#2388=EDGE_CURVE('',#2923,#2922,#3633,.T.);
#2389=EDGE_CURVE('',#2923,#2902,#3634,.T.);
#2390=EDGE_CURVE('',#2924,#2900,#3635,.T.);
#2391=EDGE_CURVE('',#2922,#2924,#3636,.T.);
#2392=EDGE_CURVE('',#2924,#2914,#3637,.T.);
#2393=EDGE_CURVE('',#2915,#2923,#3638,.T.);
#2394=EDGE_CURVE('',#2899,#2925,#3639,.T.);
#2395=EDGE_CURVE('',#2925,#2926,#3640,.T.);
#2396=EDGE_CURVE('',#2912,#2926,#3641,.T.);
#2397=EDGE_CURVE('',#2848,#2795,#87,.T.);
#2398=EDGE_CURVE('',#2849,#2794,#88,.T.);
#2399=EDGE_CURVE('',#2714,#2798,#89,.T.);
#2400=EDGE_CURVE('',#2713,#2799,#90,.T.);
#2401=EDGE_CURVE('',#2830,#2797,#91,.T.);
#2402=EDGE_CURVE('',#2831,#2796,#92,.T.);
#2403=EDGE_CURVE('',#2716,#2804,#93,.T.);
#2404=EDGE_CURVE('',#2715,#2805,#94,.T.);
#2405=EDGE_CURVE('',#2887,#2793,#95,.T.);
#2406=EDGE_CURVE('',#2888,#2792,#96,.T.);
#2407=EDGE_CURVE('',#2712,#2802,#97,.T.);
#2408=EDGE_CURVE('',#2711,#2803,#98,.T.);
#2409=EDGE_CURVE('',#2925,#2807,#99,.T.);
#2410=EDGE_CURVE('',#2926,#2806,#100,.T.);
#2411=EDGE_CURVE('',#2609,#2800,#101,.T.);
#2412=EDGE_CURVE('',#2608,#2801,#102,.T.);
#2413=EDGE_CURVE('',#2927,#2927,#103,.T.);
#2414=VERTEX_POINT('',#8867);
#2415=VERTEX_POINT('',#8868);
#2416=VERTEX_POINT('',#8870);
#2417=VERTEX_POINT('',#8872);
#2418=VERTEX_POINT('',#8874);
#2419=VERTEX_POINT('',#8876);
#2420=VERTEX_POINT('',#8880);
#2421=VERTEX_POINT('',#8881);
#2422=VERTEX_POINT('',#8883);
#2423=VERTEX_POINT('',#8885);
#2424=VERTEX_POINT('',#8887);
#2425=VERTEX_POINT('',#8889);
#2426=VERTEX_POINT('',#8891);
#2427=VERTEX_POINT('',#8893);
#2428=VERTEX_POINT('',#8895);
#2429=VERTEX_POINT('',#8897);
#2430=VERTEX_POINT('',#8899);
#2431=VERTEX_POINT('',#8901);
#2432=VERTEX_POINT('',#8903);
#2433=VERTEX_POINT('',#8905);
#2434=VERTEX_POINT('',#8907);
#2435=VERTEX_POINT('',#8909);
#2436=VERTEX_POINT('',#8911);
#2437=VERTEX_POINT('',#8913);
#2438=VERTEX_POINT('',#8915);
#2439=VERTEX_POINT('',#8917);
#2440=VERTEX_POINT('',#8919);
#2441=VERTEX_POINT('',#8921);
#2442=VERTEX_POINT('',#8923);
#2443=VERTEX_POINT('',#8925);
#2444=VERTEX_POINT('',#8927);
#2445=VERTEX_POINT('',#8929);
#2446=VERTEX_POINT('',#8931);
#2447=VERTEX_POINT('',#8933);
#2448=VERTEX_POINT('',#8935);
#2449=VERTEX_POINT('',#8937);
#2450=VERTEX_POINT('',#8939);
#2451=VERTEX_POINT('',#8941);
#2452=VERTEX_POINT('',#8943);
#2453=VERTEX_POINT('',#8945);
#2454=VERTEX_POINT('',#8947);
#2455=VERTEX_POINT('',#8949);
#2456=VERTEX_POINT('',#8951);
#2457=VERTEX_POINT('',#8953);
#2458=VERTEX_POINT('',#8955);
#2459=VERTEX_POINT('',#8957);
#2460=VERTEX_POINT('',#8959);
#2461=VERTEX_POINT('',#8961);
#2462=VERTEX_POINT('',#8963);
#2463=VERTEX_POINT('',#8965);
#2464=VERTEX_POINT('',#8967);
#2465=VERTEX_POINT('',#8969);
#2466=VERTEX_POINT('',#8971);
#2467=VERTEX_POINT('',#8973);
#2468=VERTEX_POINT('',#8975);
#2469=VERTEX_POINT('',#8977);
#2470=VERTEX_POINT('',#8979);
#2471=VERTEX_POINT('',#8981);
#2472=VERTEX_POINT('',#8983);
#2473=VERTEX_POINT('',#8985);
#2474=VERTEX_POINT('',#8987);
#2475=VERTEX_POINT('',#8989);
#2476=VERTEX_POINT('',#8991);
#2477=VERTEX_POINT('',#8993);
#2478=VERTEX_POINT('',#8995);
#2479=VERTEX_POINT('',#8997);
#2480=VERTEX_POINT('',#8999);
#2481=VERTEX_POINT('',#9001);
#2482=VERTEX_POINT('',#9003);
#2483=VERTEX_POINT('',#9005);
#2484=VERTEX_POINT('',#9007);
#2485=VERTEX_POINT('',#9009);
#2486=VERTEX_POINT('',#9011);
#2487=VERTEX_POINT('',#9013);
#2488=VERTEX_POINT('',#9015);
#2489=VERTEX_POINT('',#9017);
#2490=VERTEX_POINT('',#9019);
#2491=VERTEX_POINT('',#9021);
#2492=VERTEX_POINT('',#9023);
#2493=VERTEX_POINT('',#9025);
#2494=VERTEX_POINT('',#9027);
#2495=VERTEX_POINT('',#9029);
#2496=VERTEX_POINT('',#9031);
#2497=VERTEX_POINT('',#9033);
#2498=VERTEX_POINT('',#9035);
#2499=VERTEX_POINT('',#9037);
#2500=VERTEX_POINT('',#9039);
#2501=VERTEX_POINT('',#9041);
#2502=VERTEX_POINT('',#9043);
#2503=VERTEX_POINT('',#9045);
#2504=VERTEX_POINT('',#9049);
#2505=VERTEX_POINT('',#9051);
#2506=VERTEX_POINT('',#9053);
#2507=VERTEX_POINT('',#9055);
#2508=VERTEX_POINT('',#9057);
#2509=VERTEX_POINT('',#9059);
#2510=VERTEX_POINT('',#9061);
#2511=VERTEX_POINT('',#9063);
#2512=VERTEX_POINT('',#9065);
#2513=VERTEX_POINT('',#9067);
#2514=VERTEX_POINT('',#9069);
#2515=VERTEX_POINT('',#9071);
#2516=VERTEX_POINT('',#9073);
#2517=VERTEX_POINT('',#9075);
#2518=VERTEX_POINT('',#9077);
#2519=VERTEX_POINT('',#9080);
#2520=VERTEX_POINT('',#9082);
#2521=VERTEX_POINT('',#9085);
#2522=VERTEX_POINT('',#9087);
#2523=VERTEX_POINT('',#9089);
#2524=VERTEX_POINT('',#9091);
#2525=VERTEX_POINT('',#9093);
#2526=VERTEX_POINT('',#9095);
#2527=VERTEX_POINT('',#9097);
#2528=VERTEX_POINT('',#9099);
#2529=VERTEX_POINT('',#9101);
#2530=VERTEX_POINT('',#9103);
#2531=VERTEX_POINT('',#9105);
#2532=VERTEX_POINT('',#9107);
#2533=VERTEX_POINT('',#9109);
#2534=VERTEX_POINT('',#9111);
#2535=VERTEX_POINT('',#9114);
#2536=VERTEX_POINT('',#9116);
#2537=VERTEX_POINT('',#9118);
#2538=VERTEX_POINT('',#9120);
#2539=VERTEX_POINT('',#9122);
#2540=VERTEX_POINT('',#9124);
#2541=VERTEX_POINT('',#9126);
#2542=VERTEX_POINT('',#9128);
#2543=VERTEX_POINT('',#9130);
#2544=VERTEX_POINT('',#9132);
#2545=VERTEX_POINT('',#9134);
#2546=VERTEX_POINT('',#9136);
#2547=VERTEX_POINT('',#9138);
#2548=VERTEX_POINT('',#9140);
#2549=VERTEX_POINT('',#9143);
#2550=VERTEX_POINT('',#9145);
#2551=VERTEX_POINT('',#9147);
#2552=VERTEX_POINT('',#9149);
#2553=VERTEX_POINT('',#9151);
#2554=VERTEX_POINT('',#9153);
#2555=VERTEX_POINT('',#9155);
#2556=VERTEX_POINT('',#9157);
#2557=VERTEX_POINT('',#9159);
#2558=VERTEX_POINT('',#9161);
#2559=VERTEX_POINT('',#9163);
#2560=VERTEX_POINT('',#9165);
#2561=VERTEX_POINT('',#9167);
#2562=VERTEX_POINT('',#9169);
#2563=VERTEX_POINT('',#9171);
#2564=VERTEX_POINT('',#9173);
#2565=VERTEX_POINT('',#9175);
#2566=VERTEX_POINT('',#9177);
#2567=VERTEX_POINT('',#9179);
#2568=VERTEX_POINT('',#9181);
#2569=VERTEX_POINT('',#9183);
#2570=VERTEX_POINT('',#9185);
#2571=VERTEX_POINT('',#9187);
#2572=VERTEX_POINT('',#9189);
#2573=VERTEX_POINT('',#9191);
#2574=VERTEX_POINT('',#9193);
#2575=VERTEX_POINT('',#9195);
#2576=VERTEX_POINT('',#9197);
#2577=VERTEX_POINT('',#9199);
#2578=VERTEX_POINT('',#9201);
#2579=VERTEX_POINT('',#9203);
#2580=VERTEX_POINT('',#9205);
#2581=VERTEX_POINT('',#9207);
#2582=VERTEX_POINT('',#9209);
#2583=VERTEX_POINT('',#9211);
#2584=VERTEX_POINT('',#9213);
#2585=VERTEX_POINT('',#9215);
#2586=VERTEX_POINT('',#9217);
#2587=VERTEX_POINT('',#9219);
#2588=VERTEX_POINT('',#9221);
#2589=VERTEX_POINT('',#9223);
#2590=VERTEX_POINT('',#9225);
#2591=VERTEX_POINT('',#9227);
#2592=VERTEX_POINT('',#9229);
#2593=VERTEX_POINT('',#9231);
#2594=VERTEX_POINT('',#9235);
#2595=VERTEX_POINT('',#9236);
#2596=VERTEX_POINT('',#9241);
#2597=VERTEX_POINT('',#9242);
#2598=VERTEX_POINT('',#9244);
#2599=VERTEX_POINT('',#9246);
#2600=VERTEX_POINT('',#9250);
#2601=VERTEX_POINT('',#9251);
#2602=VERTEX_POINT('',#9256);
#2603=VERTEX_POINT('',#9257);
#2604=VERTEX_POINT('',#9259);
#2605=VERTEX_POINT('',#9261);
#2606=VERTEX_POINT('',#9265);
#2607=VERTEX_POINT('',#9267);
#2608=VERTEX_POINT('',#9271);
#2609=VERTEX_POINT('',#9273);
#2610=VERTEX_POINT('',#9276);
#2611=VERTEX_POINT('',#9280);
#2612=VERTEX_POINT('',#9282);
#2613=VERTEX_POINT('',#9286);
#2614=VERTEX_POINT('',#9290);
#2615=VERTEX_POINT('',#9295);
#2616=VERTEX_POINT('',#9297);
#2617=VERTEX_POINT('',#9299);
#2618=VERTEX_POINT('',#9301);
#2619=VERTEX_POINT('',#9303);
#2620=VERTEX_POINT('',#9319);
#2621=VERTEX_POINT('',#9321);
#2622=VERTEX_POINT('',#9325);
#2623=VERTEX_POINT('',#9329);
#2624=VERTEX_POINT('',#9330);
#2625=VERTEX_POINT('',#9332);
#2626=VERTEX_POINT('',#9334);
#2627=VERTEX_POINT('',#9336);
#2628=VERTEX_POINT('',#9338);
#2629=VERTEX_POINT('',#9340);
#2630=VERTEX_POINT('',#9342);
#2631=VERTEX_POINT('',#9344);
#2632=VERTEX_POINT('',#9346);
#2633=VERTEX_POINT('',#9348);
#2634=VERTEX_POINT('',#9350);
#2635=VERTEX_POINT('',#9354);
#2636=VERTEX_POINT('',#9355);
#2637=VERTEX_POINT('',#9357);
#2638=VERTEX_POINT('',#9359);
#2639=VERTEX_POINT('',#9361);
#2640=VERTEX_POINT('',#9363);
#2641=VERTEX_POINT('',#9365);
#2642=VERTEX_POINT('',#9367);
#2643=VERTEX_POINT('',#9369);
#2644=VERTEX_POINT('',#9371);
#2645=VERTEX_POINT('',#9373);
#2646=VERTEX_POINT('',#9375);
#2647=VERTEX_POINT('',#9379);
#2648=VERTEX_POINT('',#9380);
#2649=VERTEX_POINT('',#9382);
#2650=VERTEX_POINT('',#9384);
#2651=VERTEX_POINT('',#9386);
#2652=VERTEX_POINT('',#9388);
#2653=VERTEX_POINT('',#9390);
#2654=VERTEX_POINT('',#9392);
#2655=VERTEX_POINT('',#9394);
#2656=VERTEX_POINT('',#9396);
#2657=VERTEX_POINT('',#9398);
#2658=VERTEX_POINT('',#9400);
#2659=VERTEX_POINT('',#9404);
#2660=VERTEX_POINT('',#9405);
#2661=VERTEX_POINT('',#9407);
#2662=VERTEX_POINT('',#9409);
#2663=VERTEX_POINT('',#9411);
#2664=VERTEX_POINT('',#9413);
#2665=VERTEX_POINT('',#9415);
#2666=VERTEX_POINT('',#9417);
#2667=VERTEX_POINT('',#9419);
#2668=VERTEX_POINT('',#9421);
#2669=VERTEX_POINT('',#9423);
#2670=VERTEX_POINT('',#9425);
#2671=VERTEX_POINT('',#9429);
#2672=VERTEX_POINT('',#9430);
#2673=VERTEX_POINT('',#9432);
#2674=VERTEX_POINT('',#9434);
#2675=VERTEX_POINT('',#9436);
#2676=VERTEX_POINT('',#9438);
#2677=VERTEX_POINT('',#9440);
#2678=VERTEX_POINT('',#9442);
#2679=VERTEX_POINT('',#9444);
#2680=VERTEX_POINT('',#9446);
#2681=VERTEX_POINT('',#9448);
#2682=VERTEX_POINT('',#9450);
#2683=VERTEX_POINT('',#9454);
#2684=VERTEX_POINT('',#9455);
#2685=VERTEX_POINT('',#9457);
#2686=VERTEX_POINT('',#9459);
#2687=VERTEX_POINT('',#9461);
#2688=VERTEX_POINT('',#9463);
#2689=VERTEX_POINT('',#9467);
#2690=VERTEX_POINT('',#9468);
#2691=VERTEX_POINT('',#9470);
#2692=VERTEX_POINT('',#9472);
#2693=VERTEX_POINT('',#9474);
#2694=VERTEX_POINT('',#9476);
#2695=VERTEX_POINT('',#9480);
#2696=VERTEX_POINT('',#9481);
#2697=VERTEX_POINT('',#9483);
#2698=VERTEX_POINT('',#9485);
#2699=VERTEX_POINT('',#9487);
#2700=VERTEX_POINT('',#9489);
#2701=VERTEX_POINT('',#9493);
#2702=VERTEX_POINT('',#9494);
#2703=VERTEX_POINT('',#9496);
#2704=VERTEX_POINT('',#9498);
#2705=VERTEX_POINT('',#9500);
#2706=VERTEX_POINT('',#9502);
#2707=VERTEX_POINT('',#9506);
#2708=VERTEX_POINT('',#9507);
#2709=VERTEX_POINT('',#9509);
#2710=VERTEX_POINT('',#9511);
#2711=VERTEX_POINT('',#9534);
#2712=VERTEX_POINT('',#9536);
#2713=VERTEX_POINT('',#9614);
#2714=VERTEX_POINT('',#9616);
#2715=VERTEX_POINT('',#9627);
#2716=VERTEX_POINT('',#9629);
#2717=VERTEX_POINT('',#9651);
#2718=VERTEX_POINT('',#9653);
#2719=VERTEX_POINT('',#9657);
#2720=VERTEX_POINT('',#9659);
#2721=VERTEX_POINT('',#9663);
#2722=VERTEX_POINT('',#9664);
#2723=VERTEX_POINT('',#9666);
#2724=VERTEX_POINT('',#9668);
#2725=VERTEX_POINT('',#9670);
#2726=VERTEX_POINT('',#9672);
#2727=VERTEX_POINT('',#9676);
#2728=VERTEX_POINT('',#9678);
#2729=VERTEX_POINT('',#9680);
#2730=VERTEX_POINT('',#9684);
#2731=VERTEX_POINT('',#9685);
#2732=VERTEX_POINT('',#9687);
#2733=VERTEX_POINT('',#9689);
#2734=VERTEX_POINT('',#9691);
#2735=VERTEX_POINT('',#9693);
#2736=VERTEX_POINT('',#9697);
#2737=VERTEX_POINT('',#9698);
#2738=VERTEX_POINT('',#9700);
#2739=VERTEX_POINT('',#9702);
#2740=VERTEX_POINT('',#9704);
#2741=VERTEX_POINT('',#9706);
#2742=VERTEX_POINT('',#9708);
#2743=VERTEX_POINT('',#9710);
#2744=VERTEX_POINT('',#9712);
#2745=VERTEX_POINT('',#9714);
#2746=VERTEX_POINT('',#9716);
#2747=VERTEX_POINT('',#9718);
#2748=VERTEX_POINT('',#9722);
#2749=VERTEX_POINT('',#9723);
#2750=VERTEX_POINT('',#9725);
#2751=VERTEX_POINT('',#9727);
#2752=VERTEX_POINT('',#9729);
#2753=VERTEX_POINT('',#9731);
#2754=VERTEX_POINT('',#9733);
#2755=VERTEX_POINT('',#9735);
#2756=VERTEX_POINT('',#9737);
#2757=VERTEX_POINT('',#9739);
#2758=VERTEX_POINT('',#9741);
#2759=VERTEX_POINT('',#9743);
#2760=VERTEX_POINT('',#9747);
#2761=VERTEX_POINT('',#9748);
#2762=VERTEX_POINT('',#9750);
#2763=VERTEX_POINT('',#9752);
#2764=VERTEX_POINT('',#9754);
#2765=VERTEX_POINT('',#9756);
#2766=VERTEX_POINT('',#9758);
#2767=VERTEX_POINT('',#9760);
#2768=VERTEX_POINT('',#9762);
#2769=VERTEX_POINT('',#9764);
#2770=VERTEX_POINT('',#9766);
#2771=VERTEX_POINT('',#9768);
#2772=VERTEX_POINT('',#9772);
#2773=VERTEX_POINT('',#9773);
#2774=VERTEX_POINT('',#9775);
#2775=VERTEX_POINT('',#9777);
#2776=VERTEX_POINT('',#9781);
#2777=VERTEX_POINT('',#9782);
#2778=VERTEX_POINT('',#9784);
#2779=VERTEX_POINT('',#9786);
#2780=VERTEX_POINT('',#9788);
#2781=VERTEX_POINT('',#9790);
#2782=VERTEX_POINT('',#9792);
#2783=VERTEX_POINT('',#9794);
#2784=VERTEX_POINT('',#9796);
#2785=VERTEX_POINT('',#9798);
#2786=VERTEX_POINT('',#9800);
#2787=VERTEX_POINT('',#9802);
#2788=VERTEX_POINT('',#9806);
#2789=VERTEX_POINT('',#9807);
#2790=VERTEX_POINT('',#9809);
#2791=VERTEX_POINT('',#9811);
#2792=VERTEX_POINT('',#9822);
#2793=VERTEX_POINT('',#9824);
#2794=VERTEX_POINT('',#9828);
#2795=VERTEX_POINT('',#9830);
#2796=VERTEX_POINT('',#9833);
#2797=VERTEX_POINT('',#9835);
#2798=VERTEX_POINT('',#9909);
#2799=VERTEX_POINT('',#9911);
#2800=VERTEX_POINT('',#9915);
#2801=VERTEX_POINT('',#9917);
#2802=VERTEX_POINT('',#9920);
#2803=VERTEX_POINT('',#9922);
#2804=VERTEX_POINT('',#9925);
#2805=VERTEX_POINT('',#9927);
#2806=VERTEX_POINT('',#9943);
#2807=VERTEX_POINT('',#9945);
#2808=VERTEX_POINT('',#9957);
#2809=VERTEX_POINT('',#9958);
#2810=VERTEX_POINT('',#9960);
#2811=VERTEX_POINT('',#9962);
#2812=VERTEX_POINT('',#9964);
#2813=VERTEX_POINT('',#9966);
#2814=VERTEX_POINT('',#9968);
#2815=VERTEX_POINT('',#9970);
#2816=VERTEX_POINT('',#9972);
#2817=VERTEX_POINT('',#9974);
#2818=VERTEX_POINT('',#9976);
#2819=VERTEX_POINT('',#9978);
#2820=VERTEX_POINT('',#9982);
#2821=VERTEX_POINT('',#9983);
#2822=VERTEX_POINT('',#9988);
#2823=VERTEX_POINT('',#9992);
#2824=VERTEX_POINT('',#9996);
#2825=VERTEX_POINT('',#10000);
#2826=VERTEX_POINT('',#10004);
#2827=VERTEX_POINT('',#10008);
#2828=VERTEX_POINT('',#10012);
#2829=VERTEX_POINT('',#10016);
#2830=VERTEX_POINT('',#10018);
#2831=VERTEX_POINT('',#10020);
#2832=VERTEX_POINT('',#10022);
#2833=VERTEX_POINT('',#10024);
#2834=VERTEX_POINT('',#10028);
#2835=VERTEX_POINT('',#10032);
#2836=VERTEX_POINT('',#10038);
#2837=VERTEX_POINT('',#10039);
#2838=VERTEX_POINT('',#10044);
#2839=VERTEX_POINT('',#10048);
#2840=VERTEX_POINT('',#10052);
#2841=VERTEX_POINT('',#10056);
#2842=VERTEX_POINT('',#10060);
#2843=VERTEX_POINT('',#10064);
#2844=VERTEX_POINT('',#10068);
#2845=VERTEX_POINT('',#10072);
#2846=VERTEX_POINT('',#10076);
#2847=VERTEX_POINT('',#10080);
#2848=VERTEX_POINT('',#10082);
#2849=VERTEX_POINT('',#10084);
#2850=VERTEX_POINT('',#10086);
#2851=VERTEX_POINT('',#10088);
#2852=VERTEX_POINT('',#10094);
#2853=VERTEX_POINT('',#10098);
#2854=VERTEX_POINT('',#10100);
#2855=VERTEX_POINT('',#10106);
#2856=VERTEX_POINT('',#10110);
#2857=VERTEX_POINT('',#10111);
#2858=VERTEX_POINT('',#10116);
#2859=VERTEX_POINT('',#10120);
#2860=VERTEX_POINT('',#10124);
#2861=VERTEX_POINT('',#10128);
#2862=VERTEX_POINT('',#10132);
#2863=VERTEX_POINT('',#10136);
#2864=VERTEX_POINT('',#10140);
#2865=VERTEX_POINT('',#10144);
#2866=VERTEX_POINT('',#10148);
#2867=VERTEX_POINT('',#10152);
#2868=VERTEX_POINT('',#10157);
#2869=VERTEX_POINT('',#10163);
#2870=VERTEX_POINT('',#10167);
#2871=VERTEX_POINT('',#10168);
#2872=VERTEX_POINT('',#10173);
#2873=VERTEX_POINT('',#10177);
#2874=VERTEX_POINT('',#10181);
#2875=VERTEX_POINT('',#10185);
#2876=VERTEX_POINT('',#10189);
#2877=VERTEX_POINT('',#10193);
#2878=VERTEX_POINT('',#10197);
#2879=VERTEX_POINT('',#10201);
#2880=VERTEX_POINT('',#10205);
#2881=VERTEX_POINT('',#10209);
#2882=VERTEX_POINT('',#10214);
#2883=VERTEX_POINT('',#10220);
#2884=VERTEX_POINT('',#10221);
#2885=VERTEX_POINT('',#10226);
#2886=VERTEX_POINT('',#10230);
#2887=VERTEX_POINT('',#10232);
#2888=VERTEX_POINT('',#10234);
#2889=VERTEX_POINT('',#10236);
#2890=VERTEX_POINT('',#10238);
#2891=VERTEX_POINT('',#10242);
#2892=VERTEX_POINT('',#10246);
#2893=VERTEX_POINT('',#10250);
#2894=VERTEX_POINT('',#10254);
#2895=VERTEX_POINT('',#10258);
#2896=VERTEX_POINT('',#10262);
#2897=VERTEX_POINT('',#10266);
#2898=VERTEX_POINT('',#10270);
#2899=VERTEX_POINT('',#10276);
#2900=VERTEX_POINT('',#10278);
#2901=VERTEX_POINT('',#10280);
#2902=VERTEX_POINT('',#10282);
#2903=VERTEX_POINT('',#10284);
#2904=VERTEX_POINT('',#10286);
#2905=VERTEX_POINT('',#10288);
#2906=VERTEX_POINT('',#10290);
#2907=VERTEX_POINT('',#10292);
#2908=VERTEX_POINT('',#10294);
#2909=VERTEX_POINT('',#10296);
#2910=VERTEX_POINT('',#10298);
#2911=VERTEX_POINT('',#10300);
#2912=VERTEX_POINT('',#10302);
#2913=VERTEX_POINT('',#10312);
#2914=VERTEX_POINT('',#10314);
#2915=VERTEX_POINT('',#10318);
#2916=VERTEX_POINT('',#10320);
#2917=VERTEX_POINT('',#10324);
#2918=VERTEX_POINT('',#10326);
#2919=VERTEX_POINT('',#10332);
#2920=VERTEX_POINT('',#10336);
#2921=VERTEX_POINT('',#10340);
#2922=VERTEX_POINT('',#10346);
#2923=VERTEX_POINT('',#10348);
#2924=VERTEX_POINT('',#10352);
#2925=VERTEX_POINT('',#10360);
#2926=VERTEX_POINT('',#10362);
#2927=VERTEX_POINT('',#10407);
#2928=LINE('',#8866,#3642);
#2929=LINE('',#8869,#3643);
#2930=LINE('',#8871,#3644);
#2931=LINE('',#8875,#3645);
#2932=LINE('',#8877,#3646);
#2933=LINE('',#8879,#3647);
#2934=LINE('',#8882,#3648);
#2935=LINE('',#8884,#3649);
#2936=LINE('',#8886,#3650);
#2937=LINE('',#8888,#3651);
#2938=LINE('',#8890,#3652);
#2939=LINE('',#8892,#3653);
#2940=LINE('',#8894,#3654);
#2941=LINE('',#8896,#3655);
#2942=LINE('',#8898,#3656);
#2943=LINE('',#8900,#3657);
#2944=LINE('',#8904,#3658);
#2945=LINE('',#8908,#3659);
#2946=LINE('',#8910,#3660);
#2947=LINE('',#8912,#3661);
#2948=LINE('',#8914,#3662);
#2949=LINE('',#8916,#3663);
#2950=LINE('',#8918,#3664);
#2951=LINE('',#8920,#3665);
#2952=LINE('',#8924,#3666);
#2953=LINE('',#8928,#3667);
#2954=LINE('',#8930,#3668);
#2955=LINE('',#8932,#3669);
#2956=LINE('',#8934,#3670);
#2957=LINE('',#8936,#3671);
#2958=LINE('',#8938,#3672);
#2959=LINE('',#8940,#3673);
#2960=LINE('',#8944,#3674);
#2961=LINE('',#8948,#3675);
#2962=LINE('',#8950,#3676);
#2963=LINE('',#8952,#3677);
#2964=LINE('',#8954,#3678);
#2965=LINE('',#8956,#3679);
#2966=LINE('',#8958,#3680);
#2967=LINE('',#8960,#3681);
#2968=LINE('',#8964,#3682);
#2969=LINE('',#8968,#3683);
#2970=LINE('',#8970,#3684);
#2971=LINE('',#8972,#3685);
#2972=LINE('',#8974,#3686);
#2973=LINE('',#8976,#3687);
#2974=LINE('',#8978,#3688);
#2975=LINE('',#8980,#3689);
#2976=LINE('',#8982,#3690);
#2977=LINE('',#8984,#3691);
#2978=LINE('',#8988,#3692);
#2979=LINE('',#8992,#3693);
#2980=LINE('',#8994,#3694);
#2981=LINE('',#8996,#3695);
#2982=LINE('',#8998,#3696);
#2983=LINE('',#9000,#3697);
#2984=LINE('',#9002,#3698);
#2985=LINE('',#9004,#3699);
#2986=LINE('',#9008,#3700);
#2987=LINE('',#9012,#3701);
#2988=LINE('',#9014,#3702);
#2989=LINE('',#9016,#3703);
#2990=LINE('',#9018,#3704);
#2991=LINE('',#9020,#3705);
#2992=LINE('',#9022,#3706);
#2993=LINE('',#9024,#3707);
#2994=LINE('',#9028,#3708);
#2995=LINE('',#9032,#3709);
#2996=LINE('',#9034,#3710);
#2997=LINE('',#9036,#3711);
#2998=LINE('',#9038,#3712);
#2999=LINE('',#9040,#3713);
#3000=LINE('',#9042,#3714);
#3001=LINE('',#9044,#3715);
#3002=LINE('',#9048,#3716);
#3003=LINE('',#9050,#3717);
#3004=LINE('',#9052,#3718);
#3005=LINE('',#9054,#3719);
#3006=LINE('',#9056,#3720);
#3007=LINE('',#9058,#3721);
#3008=LINE('',#9060,#3722);
#3009=LINE('',#9062,#3723);
#3010=LINE('',#9064,#3724);
#3011=LINE('',#9066,#3725);
#3012=LINE('',#9068,#3726);
#3013=LINE('',#9070,#3727);
#3014=LINE('',#9072,#3728);
#3015=LINE('',#9074,#3729);
#3016=LINE('',#9076,#3730);
#3017=LINE('',#9078,#3731);
#3018=LINE('',#9079,#3732);
#3019=LINE('',#9081,#3733);
#3020=LINE('',#9083,#3734);
#3021=LINE('',#9084,#3735);
#3022=LINE('',#9086,#3736);
#3023=LINE('',#9088,#3737);
#3024=LINE('',#9090,#3738);
#3025=LINE('',#9092,#3739);
#3026=LINE('',#9094,#3740);
#3027=LINE('',#9096,#3741);
#3028=LINE('',#9098,#3742);
#3029=LINE('',#9100,#3743);
#3030=LINE('',#9102,#3744);
#3031=LINE('',#9104,#3745);
#3032=LINE('',#9106,#3746);
#3033=LINE('',#9108,#3747);
#3034=LINE('',#9110,#3748);
#3035=LINE('',#9112,#3749);
#3036=LINE('',#9113,#3750);
#3037=LINE('',#9115,#3751);
#3038=LINE('',#9117,#3752);
#3039=LINE('',#9119,#3753);
#3040=LINE('',#9121,#3754);
#3041=LINE('',#9123,#3755);
#3042=LINE('',#9125,#3756);
#3043=LINE('',#9127,#3757);
#3044=LINE('',#9129,#3758);
#3045=LINE('',#9131,#3759);
#3046=LINE('',#9133,#3760);
#3047=LINE('',#9135,#3761);
#3048=LINE('',#9137,#3762);
#3049=LINE('',#9139,#3763);
#3050=LINE('',#9141,#3764);
#3051=LINE('',#9142,#3765);
#3052=LINE('',#9144,#3766);
#3053=LINE('',#9146,#3767);
#3054=LINE('',#9148,#3768);
#3055=LINE('',#9150,#3769);
#3056=LINE('',#9152,#3770);
#3057=LINE('',#9154,#3771);
#3058=LINE('',#9156,#3772);
#3059=LINE('',#9158,#3773);
#3060=LINE('',#9160,#3774);
#3061=LINE('',#9162,#3775);
#3062=LINE('',#9164,#3776);
#3063=LINE('',#9166,#3777);
#3064=LINE('',#9168,#3778);
#3065=LINE('',#9170,#3779);
#3066=LINE('',#9172,#3780);
#3067=LINE('',#9174,#3781);
#3068=LINE('',#9176,#3782);
#3069=LINE('',#9178,#3783);
#3070=LINE('',#9180,#3784);
#3071=LINE('',#9182,#3785);
#3072=LINE('',#9184,#3786);
#3073=LINE('',#9186,#3787);
#3074=LINE('',#9188,#3788);
#3075=LINE('',#9190,#3789);
#3076=LINE('',#9192,#3790);
#3077=LINE('',#9194,#3791);
#3078=LINE('',#9196,#3792);
#3079=LINE('',#9198,#3793);
#3080=LINE('',#9200,#3794);
#3081=LINE('',#9202,#3795);
#3082=LINE('',#9204,#3796);
#3083=LINE('',#9206,#3797);
#3084=LINE('',#9208,#3798);
#3085=LINE('',#9210,#3799);
#3086=LINE('',#9212,#3800);
#3087=LINE('',#9214,#3801);
#3088=LINE('',#9216,#3802);
#3089=LINE('',#9218,#3803);
#3090=LINE('',#9220,#3804);
#3091=LINE('',#9222,#3805);
#3092=LINE('',#9224,#3806);
#3093=LINE('',#9226,#3807);
#3094=LINE('',#9228,#3808);
#3095=LINE('',#9230,#3809);
#3096=LINE('',#9232,#3810);
#3097=LINE('',#9234,#3811);
#3098=LINE('',#9237,#3812);
#3099=LINE('',#9238,#3813);
#3100=LINE('',#9240,#3814);
#3101=LINE('',#9243,#3815);
#3102=LINE('',#9245,#3816);
#3103=LINE('',#9247,#3817);
#3104=LINE('',#9249,#3818);
#3105=LINE('',#9252,#3819);
#3106=LINE('',#9253,#3820);
#3107=LINE('',#9255,#3821);
#3108=LINE('',#9258,#3822);
#3109=LINE('',#9260,#3823);
#3110=LINE('',#9262,#3824);
#3111=LINE('',#9264,#3825);
#3112=LINE('',#9266,#3826);
#3113=LINE('',#9268,#3827);
#3114=LINE('',#9270,#3828);
#3115=LINE('',#9272,#3829);
#3116=LINE('',#9274,#3830);
#3117=LINE('',#9275,#3831);
#3118=LINE('',#9277,#3832);
#3119=LINE('',#9279,#3833);
#3120=LINE('',#9281,#3834);
#3121=LINE('',#9283,#3835);
#3122=LINE('',#9285,#3836);
#3123=LINE('',#9287,#3837);
#3124=LINE('',#9289,#3838);
#3125=LINE('',#9291,#3839);
#3126=LINE('',#9293,#3840);
#3127=LINE('',#9294,#3841);
#3128=LINE('',#9296,#3842);
#3129=LINE('',#9298,#3843);
#3130=LINE('',#9300,#3844);
#3131=LINE('',#9302,#3845);
#3132=LINE('',#9304,#3846);
#3133=LINE('',#9306,#3847);
#3134=LINE('',#9309,#3848);
#3135=LINE('',#9311,#3849);
#3136=LINE('',#9313,#3850);
#3137=LINE('',#9315,#3851);
#3138=LINE('',#9318,#3852);
#3139=LINE('',#9320,#3853);
#3140=LINE('',#9322,#3854);
#3141=LINE('',#9326,#3855);
#3142=LINE('',#9328,#3856);
#3143=LINE('',#9331,#3857);
#3144=LINE('',#9333,#3858);
#3145=LINE('',#9335,#3859);
#3146=LINE('',#9337,#3860);
#3147=LINE('',#9339,#3861);
#3148=LINE('',#9341,#3862);
#3149=LINE('',#9343,#3863);
#3150=LINE('',#9345,#3864);
#3151=LINE('',#9347,#3865);
#3152=LINE('',#9349,#3866);
#3153=LINE('',#9351,#3867);
#3154=LINE('',#9353,#3868);
#3155=LINE('',#9356,#3869);
#3156=LINE('',#9358,#3870);
#3157=LINE('',#9360,#3871);
#3158=LINE('',#9362,#3872);
#3159=LINE('',#9364,#3873);
#3160=LINE('',#9366,#3874);
#3161=LINE('',#9368,#3875);
#3162=LINE('',#9370,#3876);
#3163=LINE('',#9372,#3877);
#3164=LINE('',#9374,#3878);
#3165=LINE('',#9376,#3879);
#3166=LINE('',#9378,#3880);
#3167=LINE('',#9381,#3881);
#3168=LINE('',#9383,#3882);
#3169=LINE('',#9385,#3883);
#3170=LINE('',#9387,#3884);
#3171=LINE('',#9389,#3885);
#3172=LINE('',#9391,#3886);
#3173=LINE('',#9393,#3887);
#3174=LINE('',#9395,#3888);
#3175=LINE('',#9397,#3889);
#3176=LINE('',#9399,#3890);
#3177=LINE('',#9401,#3891);
#3178=LINE('',#9403,#3892);
#3179=LINE('',#9406,#3893);
#3180=LINE('',#9408,#3894);
#3181=LINE('',#9410,#3895);
#3182=LINE('',#9412,#3896);
#3183=LINE('',#9414,#3897);
#3184=LINE('',#9416,#3898);
#3185=LINE('',#9418,#3899);
#3186=LINE('',#9420,#3900);
#3187=LINE('',#9422,#3901);
#3188=LINE('',#9424,#3902);
#3189=LINE('',#9426,#3903);
#3190=LINE('',#9428,#3904);
#3191=LINE('',#9431,#3905);
#3192=LINE('',#9433,#3906);
#3193=LINE('',#9435,#3907);
#3194=LINE('',#9437,#3908);
#3195=LINE('',#9439,#3909);
#3196=LINE('',#9441,#3910);
#3197=LINE('',#9443,#3911);
#3198=LINE('',#9445,#3912);
#3199=LINE('',#9447,#3913);
#3200=LINE('',#9449,#3914);
#3201=LINE('',#9451,#3915);
#3202=LINE('',#9453,#3916);
#3203=LINE('',#9456,#3917);
#3204=LINE('',#9460,#3918);
#3205=LINE('',#9464,#3919);
#3206=LINE('',#9466,#3920);
#3207=LINE('',#9469,#3921);
#3208=LINE('',#9471,#3922);
#3209=LINE('',#9475,#3923);
#3210=LINE('',#9479,#3924);
#3211=LINE('',#9482,#3925);
#3212=LINE('',#9484,#3926);
#3213=LINE('',#9488,#3927);
#3214=LINE('',#9492,#3928);
#3215=LINE('',#9497,#3929);
#3216=LINE('',#9501,#3930);
#3217=LINE('',#9503,#3931);
#3218=LINE('',#9508,#3932);
#3219=LINE('',#9512,#3933);
#3220=LINE('',#9514,#3934);
#3221=LINE('',#9515,#3935);
#3222=LINE('',#9517,#3936);
#3223=LINE('',#9519,#3937);
#3224=LINE('',#9521,#3938);
#3225=LINE('',#9523,#3939);
#3226=LINE('',#9525,#3940);
#3227=LINE('',#9527,#3941);
#3228=LINE('',#9529,#3942);
#3229=LINE('',#9531,#3943);
#3230=LINE('',#9533,#3944);
#3231=LINE('',#9535,#3945);
#3232=LINE('',#9537,#3946);
#3233=LINE('',#9538,#3947);
#3234=LINE('',#9540,#3948);
#3235=LINE('',#9543,#3949);
#3236=LINE('',#9544,#3950);
#3237=LINE('',#9546,#3951);
#3238=LINE('',#9548,#3952);
#3239=LINE('',#9550,#3953);
#3240=LINE('',#9552,#3954);
#3241=LINE('',#9554,#3955);
#3242=LINE('',#9556,#3956);
#3243=LINE('',#9558,#3957);
#3244=LINE('',#9560,#3958);
#3245=LINE('',#9562,#3959);
#3246=LINE('',#9564,#3960);
#3247=LINE('',#9566,#3961);
#3248=LINE('',#9567,#3962);
#3249=LINE('',#9569,#3963);
#3250=LINE('',#9570,#3964);
#3251=LINE('',#9572,#3965);
#3252=LINE('',#9574,#3966);
#3253=LINE('',#9576,#3967);
#3254=LINE('',#9578,#3968);
#3255=LINE('',#9580,#3969);
#3256=LINE('',#9582,#3970);
#3257=LINE('',#9584,#3971);
#3258=LINE('',#9586,#3972);
#3259=LINE('',#9588,#3973);
#3260=LINE('',#9590,#3974);
#3261=LINE('',#9592,#3975);
#3262=LINE('',#9593,#3976);
#3263=LINE('',#9595,#3977);
#3264=LINE('',#9597,#3978);
#3265=LINE('',#9599,#3979);
#3266=LINE('',#9601,#3980);
#3267=LINE('',#9603,#3981);
#3268=LINE('',#9605,#3982);
#3269=LINE('',#9607,#3983);
#3270=LINE('',#9609,#3984);
#3271=LINE('',#9611,#3985);
#3272=LINE('',#9613,#3986);
#3273=LINE('',#9615,#3987);
#3274=LINE('',#9617,#3988);
#3275=LINE('',#9618,#3989);
#3276=LINE('',#9621,#3990);
#3277=LINE('',#9622,#3991);
#3278=LINE('',#9624,#3992);
#3279=LINE('',#9626,#3993);
#3280=LINE('',#9628,#3994);
#3281=LINE('',#9630,#3995);
#3282=LINE('',#9631,#3996);
#3283=LINE('',#9633,#3997);
#3284=LINE('',#9635,#3998);
#3285=LINE('',#9637,#3999);
#3286=LINE('',#9639,#4000);
#3287=LINE('',#9641,#4001);
#3288=LINE('',#9643,#4002);
#3289=LINE('',#9645,#4003);
#3290=LINE('',#9647,#4004);
#3291=LINE('',#9650,#4005);
#3292=LINE('',#9652,#4006);
#3293=LINE('',#9654,#4007);
#3294=LINE('',#9660,#4008);
#3295=LINE('',#9662,#4009);
#3296=LINE('',#9667,#4010);
#3297=LINE('',#9671,#4011);
#3298=LINE('',#9673,#4012);
#3299=LINE('',#9675,#4013);
#3300=LINE('',#9677,#4014);
#3301=LINE('',#9679,#4015);
#3302=LINE('',#9683,#4016);
#3303=LINE('',#9686,#4017);
#3304=LINE('',#9688,#4018);
#3305=LINE('',#9692,#4019);
#3306=LINE('',#9696,#4020);
#3307=LINE('',#9699,#4021);
#3308=LINE('',#9701,#4022);
#3309=LINE('',#9703,#4023);
#3310=LINE('',#9705,#4024);
#3311=LINE('',#9707,#4025);
#3312=LINE('',#9709,#4026);
#3313=LINE('',#9711,#4027);
#3314=LINE('',#9713,#4028);
#3315=LINE('',#9715,#4029);
#3316=LINE('',#9717,#4030);
#3317=LINE('',#9719,#4031);
#3318=LINE('',#9721,#4032);
#3319=LINE('',#9724,#4033);
#3320=LINE('',#9726,#4034);
#3321=LINE('',#9728,#4035);
#3322=LINE('',#9730,#4036);
#3323=LINE('',#9732,#4037);
#3324=LINE('',#9734,#4038);
#3325=LINE('',#9736,#4039);
#3326=LINE('',#9738,#4040);
#3327=LINE('',#9740,#4041);
#3328=LINE('',#9742,#4042);
#3329=LINE('',#9744,#4043);
#3330=LINE('',#9746,#4044);
#3331=LINE('',#9749,#4045);
#3332=LINE('',#9751,#4046);
#3333=LINE('',#9753,#4047);
#3334=LINE('',#9755,#4048);
#3335=LINE('',#9757,#4049);
#3336=LINE('',#9759,#4050);
#3337=LINE('',#9761,#4051);
#3338=LINE('',#9763,#4052);
#3339=LINE('',#9765,#4053);
#3340=LINE('',#9767,#4054);
#3341=LINE('',#9769,#4055);
#3342=LINE('',#9774,#4056);
#3343=LINE('',#9778,#4057);
#3344=LINE('',#9780,#4058);
#3345=LINE('',#9783,#4059);
#3346=LINE('',#9785,#4060);
#3347=LINE('',#9787,#4061);
#3348=LINE('',#9789,#4062);
#3349=LINE('',#9791,#4063);
#3350=LINE('',#9793,#4064);
#3351=LINE('',#9795,#4065);
#3352=LINE('',#9797,#4066);
#3353=LINE('',#9799,#4067);
#3354=LINE('',#9801,#4068);
#3355=LINE('',#9803,#4069);
#3356=LINE('',#9808,#4070);
#3357=LINE('',#9812,#4071);
#3358=LINE('',#9814,#4072);
#3359=LINE('',#9815,#4073);
#3360=LINE('',#9817,#4074);
#3361=LINE('',#9819,#4075);
#3362=LINE('',#9821,#4076);
#3363=LINE('',#9823,#4077);
#3364=LINE('',#9825,#4078);
#3365=LINE('',#9826,#4079);
#3366=LINE('',#9827,#4080);
#3367=LINE('',#9829,#4081);
#3368=LINE('',#9831,#4082);
#3369=LINE('',#9832,#4083);
#3370=LINE('',#9834,#4084);
#3371=LINE('',#9836,#4085);
#3372=LINE('',#9838,#4086);
#3373=LINE('',#9839,#4087);
#3374=LINE('',#9841,#4088);
#3375=LINE('',#9843,#4089);
#3376=LINE('',#9845,#4090);
#3377=LINE('',#9847,#4091);
#3378=LINE('',#9849,#4092);
#3379=LINE('',#9850,#4093);
#3380=LINE('',#9853,#4094);
#3381=LINE('',#9854,#4095);
#3382=LINE('',#9856,#4096);
#3383=LINE('',#9857,#4097);
#3384=LINE('',#9859,#4098);
#3385=LINE('',#9861,#4099);
#3386=LINE('',#9863,#4100);
#3387=LINE('',#9864,#4101);
#3388=LINE('',#9866,#4102);
#3389=LINE('',#9867,#4103);
#3390=LINE('',#9869,#4104);
#3391=LINE('',#9871,#4105);
#3392=LINE('',#9873,#4106);
#3393=LINE('',#9875,#4107);
#3394=LINE('',#9877,#4108);
#3395=LINE('',#9878,#4109);
#3396=LINE('',#9880,#4110);
#3397=LINE('',#9882,#4111);
#3398=LINE('',#9883,#4112);
#3399=LINE('',#9885,#4113);
#3400=LINE('',#9887,#4114);
#3401=LINE('',#9889,#4115);
#3402=LINE('',#9891,#4116);
#3403=LINE('',#9893,#4117);
#3404=LINE('',#9897,#4118);
#3405=LINE('',#9898,#4119);
#3406=LINE('',#9900,#4120);
#3407=LINE('',#9902,#4121);
#3408=LINE('',#9904,#4122);
#3409=LINE('',#9906,#4123);
#3410=LINE('',#9908,#4124);
#3411=LINE('',#9910,#4125);
#3412=LINE('',#9912,#4126);
#3413=LINE('',#9914,#4127);
#3414=LINE('',#9916,#4128);
#3415=LINE('',#9918,#4129);
#3416=LINE('',#9919,#4130);
#3417=LINE('',#9921,#4131);
#3418=LINE('',#9923,#4132);
#3419=LINE('',#9924,#4133);
#3420=LINE('',#9926,#4134);
#3421=LINE('',#9928,#4135);
#3422=LINE('',#9929,#4136);
#3423=LINE('',#9931,#4137);
#3424=LINE('',#9933,#4138);
#3425=LINE('',#9936,#4139);
#3426=LINE('',#9939,#4140);
#3427=LINE('',#9940,#4141);
#3428=LINE('',#9942,#4142);
#3429=LINE('',#9944,#4143);
#3430=LINE('',#9946,#4144);
#3431=LINE('',#9947,#4145);
#3432=LINE('',#9949,#4146);
#3433=LINE('',#9951,#4147);
#3434=LINE('',#9953,#4148);
#3435=LINE('',#9956,#4149);
#3436=LINE('',#9959,#4150);
#3437=LINE('',#9961,#4151);
#3438=LINE('',#9963,#4152);
#3439=LINE('',#9965,#4153);
#3440=LINE('',#9967,#4154);
#3441=LINE('',#9969,#4155);
#3442=LINE('',#9971,#4156);
#3443=LINE('',#9973,#4157);
#3444=LINE('',#9975,#4158);
#3445=LINE('',#9977,#4159);
#3446=LINE('',#9979,#4160);
#3447=LINE('',#9981,#4161);
#3448=LINE('',#9984,#4162);
#3449=LINE('',#9985,#4163);
#3450=LINE('',#9987,#4164);
#3451=LINE('',#9989,#4165);
#3452=LINE('',#9991,#4166);
#3453=LINE('',#9993,#4167);
#3454=LINE('',#9995,#4168);
#3455=LINE('',#9997,#4169);
#3456=LINE('',#9999,#4170);
#3457=LINE('',#10001,#4171);
#3458=LINE('',#10003,#4172);
#3459=LINE('',#10005,#4173);
#3460=LINE('',#10007,#4174);
#3461=LINE('',#10009,#4175);
#3462=LINE('',#10011,#4176);
#3463=LINE('',#10013,#4177);
#3464=LINE('',#10015,#4178);
#3465=LINE('',#10017,#4179);
#3466=LINE('',#10019,#4180);
#3467=LINE('',#10021,#4181);
#3468=LINE('',#10023,#4182);
#3469=LINE('',#10025,#4183);
#3470=LINE('',#10027,#4184);
#3471=LINE('',#10029,#4185);
#3472=LINE('',#10031,#4186);
#3473=LINE('',#10033,#4187);
#3474=LINE('',#10035,#4188);
#3475=LINE('',#10037,#4189);
#3476=LINE('',#10040,#4190);
#3477=LINE('',#10041,#4191);
#3478=LINE('',#10043,#4192);
#3479=LINE('',#10045,#4193);
#3480=LINE('',#10047,#4194);
#3481=LINE('',#10049,#4195);
#3482=LINE('',#10051,#4196);
#3483=LINE('',#10053,#4197);
#3484=LINE('',#10055,#4198);
#3485=LINE('',#10057,#4199);
#3486=LINE('',#10059,#4200);
#3487=LINE('',#10061,#4201);
#3488=LINE('',#10063,#4202);
#3489=LINE('',#10065,#4203);
#3490=LINE('',#10067,#4204);
#3491=LINE('',#10069,#4205);
#3492=LINE('',#10071,#4206);
#3493=LINE('',#10073,#4207);
#3494=LINE('',#10075,#4208);
#3495=LINE('',#10077,#4209);
#3496=LINE('',#10079,#4210);
#3497=LINE('',#10081,#4211);
#3498=LINE('',#10083,#4212);
#3499=LINE('',#10085,#4213);
#3500=LINE('',#10087,#4214);
#3501=LINE('',#10089,#4215);
#3502=LINE('',#10091,#4216);
#3503=LINE('',#10093,#4217);
#3504=LINE('',#10095,#4218);
#3505=LINE('',#10099,#4219);
#3506=LINE('',#10101,#4220);
#3507=LINE('',#10103,#4221);
#3508=LINE('',#10105,#4222);
#3509=LINE('',#10107,#4223);
#3510=LINE('',#10109,#4224);
#3511=LINE('',#10112,#4225);
#3512=LINE('',#10113,#4226);
#3513=LINE('',#10115,#4227);
#3514=LINE('',#10117,#4228);
#3515=LINE('',#10119,#4229);
#3516=LINE('',#10121,#4230);
#3517=LINE('',#10123,#4231);
#3518=LINE('',#10125,#4232);
#3519=LINE('',#10127,#4233);
#3520=LINE('',#10129,#4234);
#3521=LINE('',#10131,#4235);
#3522=LINE('',#10133,#4236);
#3523=LINE('',#10135,#4237);
#3524=LINE('',#10137,#4238);
#3525=LINE('',#10139,#4239);
#3526=LINE('',#10141,#4240);
#3527=LINE('',#10143,#4241);
#3528=LINE('',#10145,#4242);
#3529=LINE('',#10147,#4243);
#3530=LINE('',#10149,#4244);
#3531=LINE('',#10151,#4245);
#3532=LINE('',#10153,#4246);
#3533=LINE('',#10155,#4247);
#3534=LINE('',#10156,#4248);
#3535=LINE('',#10158,#4249);
#3536=LINE('',#10160,#4250);
#3537=LINE('',#10162,#4251);
#3538=LINE('',#10164,#4252);
#3539=LINE('',#10166,#4253);
#3540=LINE('',#10169,#4254);
#3541=LINE('',#10170,#4255);
#3542=LINE('',#10172,#4256);
#3543=LINE('',#10174,#4257);
#3544=LINE('',#10176,#4258);
#3545=LINE('',#10178,#4259);
#3546=LINE('',#10180,#4260);
#3547=LINE('',#10182,#4261);
#3548=LINE('',#10184,#4262);
#3549=LINE('',#10186,#4263);
#3550=LINE('',#10188,#4264);
#3551=LINE('',#10190,#4265);
#3552=LINE('',#10192,#4266);
#3553=LINE('',#10194,#4267);
#3554=LINE('',#10196,#4268);
#3555=LINE('',#10198,#4269);
#3556=LINE('',#10200,#4270);
#3557=LINE('',#10202,#4271);
#3558=LINE('',#10204,#4272);
#3559=LINE('',#10206,#4273);
#3560=LINE('',#10208,#4274);
#3561=LINE('',#10210,#4275);
#3562=LINE('',#10212,#4276);
#3563=LINE('',#10213,#4277);
#3564=LINE('',#10215,#4278);
#3565=LINE('',#10217,#4279);
#3566=LINE('',#10219,#4280);
#3567=LINE('',#10222,#4281);
#3568=LINE('',#10223,#4282);
#3569=LINE('',#10225,#4283);
#3570=LINE('',#10227,#4284);
#3571=LINE('',#10229,#4285);
#3572=LINE('',#10231,#4286);
#3573=LINE('',#10233,#4287);
#3574=LINE('',#10235,#4288);
#3575=LINE('',#10237,#4289);
#3576=LINE('',#10239,#4290);
#3577=LINE('',#10241,#4291);
#3578=LINE('',#10243,#4292);
#3579=LINE('',#10245,#4293);
#3580=LINE('',#10247,#4294);
#3581=LINE('',#10249,#4295);
#3582=LINE('',#10251,#4296);
#3583=LINE('',#10253,#4297);
#3584=LINE('',#10255,#4298);
#3585=LINE('',#10257,#4299);
#3586=LINE('',#10259,#4300);
#3587=LINE('',#10261,#4301);
#3588=LINE('',#10263,#4302);
#3589=LINE('',#10265,#4303);
#3590=LINE('',#10267,#4304);
#3591=LINE('',#10269,#4305);
#3592=LINE('',#10271,#4306);
#3593=LINE('',#10273,#4307);
#3594=LINE('',#10275,#4308);
#3595=LINE('',#10277,#4309);
#3596=LINE('',#10279,#4310);
#3597=LINE('',#10281,#4311);
#3598=LINE('',#10283,#4312);
#3599=LINE('',#10285,#4313);
#3600=LINE('',#10287,#4314);
#3601=LINE('',#10289,#4315);
#3602=LINE('',#10291,#4316);
#3603=LINE('',#10293,#4317);
#3604=LINE('',#10295,#4318);
#3605=LINE('',#10297,#4319);
#3606=LINE('',#10299,#4320);
#3607=LINE('',#10301,#4321);
#3608=LINE('',#10303,#4322);
#3609=LINE('',#10304,#4323);
#3610=LINE('',#10305,#4324);
#3611=LINE('',#10306,#4325);
#3612=LINE('',#10307,#4326);
#3613=LINE('',#10308,#4327);
#3614=LINE('',#10309,#4328);
#3615=LINE('',#10311,#4329);
#3616=LINE('',#10313,#4330);
#3617=LINE('',#10315,#4331);
#3618=LINE('',#10317,#4332);
#3619=LINE('',#10319,#4333);
#3620=LINE('',#10321,#4334);
#3621=LINE('',#10323,#4335);
#3622=LINE('',#10325,#4336);
#3623=LINE('',#10327,#4337);
#3624=LINE('',#10329,#4338);
#3625=LINE('',#10331,#4339);
#3626=LINE('',#10333,#4340);
#3627=LINE('',#10335,#4341);
#3628=LINE('',#10337,#4342);
#3629=LINE('',#10339,#4343);
#3630=LINE('',#10341,#4344);
#3631=LINE('',#10343,#4345);
#3632=LINE('',#10345,#4346);
#3633=LINE('',#10347,#4347);
#3634=LINE('',#10349,#4348);
#3635=LINE('',#10351,#4349);
#3636=LINE('',#10353,#4350);
#3637=LINE('',#10355,#4351);
#3638=LINE('',#10356,#4352);
#3639=LINE('',#10359,#4353);
#3640=LINE('',#10361,#4354);
#3641=LINE('',#10363,#4355);
#3642=VECTOR('',#7520,1000.);
#3643=VECTOR('',#7521,1000.);
#3644=VECTOR('',#7522,1000.);
#3645=VECTOR('',#7525,1000.);
#3646=VECTOR('',#7526,1000.);
#3647=VECTOR('',#7529,1000.);
#3648=VECTOR('',#7530,1000.);
#3649=VECTOR('',#7531,1000.);
#3650=VECTOR('',#7532,1000.);
#3651=VECTOR('',#7533,1000.);
#3652=VECTOR('',#7534,1000.);
#3653=VECTOR('',#7535,1000.);
#3654=VECTOR('',#7536,1000.);
#3655=VECTOR('',#7537,1000.);
#3656=VECTOR('',#7538,1000.);
#3657=VECTOR('',#7539,1000.);
#3658=VECTOR('',#7542,1000.);
#3659=VECTOR('',#7545,1000.);
#3660=VECTOR('',#7546,1000.);
#3661=VECTOR('',#7547,1000.);
#3662=VECTOR('',#7548,1000.);
#3663=VECTOR('',#7549,1000.);
#3664=VECTOR('',#7550,1000.);
#3665=VECTOR('',#7551,1000.);
#3666=VECTOR('',#7554,1000.);
#3667=VECTOR('',#7557,1000.);
#3668=VECTOR('',#7558,1000.);
#3669=VECTOR('',#7559,1000.);
#3670=VECTOR('',#7560,1000.);
#3671=VECTOR('',#7561,1000.);
#3672=VECTOR('',#7562,1000.);
#3673=VECTOR('',#7563,1000.);
#3674=VECTOR('',#7566,1000.);
#3675=VECTOR('',#7569,1000.);
#3676=VECTOR('',#7570,1000.);
#3677=VECTOR('',#7571,1000.);
#3678=VECTOR('',#7572,1000.);
#3679=VECTOR('',#7573,1000.);
#3680=VECTOR('',#7574,1000.);
#3681=VECTOR('',#7575,1000.);
#3682=VECTOR('',#7578,1000.);
#3683=VECTOR('',#7581,1000.);
#3684=VECTOR('',#7582,1000.);
#3685=VECTOR('',#7583,1000.);
#3686=VECTOR('',#7584,1000.);
#3687=VECTOR('',#7585,1000.);
#3688=VECTOR('',#7586,1000.);
#3689=VECTOR('',#7587,1000.);
#3690=VECTOR('',#7588,1000.);
#3691=VECTOR('',#7589,1000.);
#3692=VECTOR('',#7592,1000.);
#3693=VECTOR('',#7595,1000.);
#3694=VECTOR('',#7596,1000.);
#3695=VECTOR('',#7597,1000.);
#3696=VECTOR('',#7598,1000.);
#3697=VECTOR('',#7599,1000.);
#3698=VECTOR('',#7600,1000.);
#3699=VECTOR('',#7601,1000.);
#3700=VECTOR('',#7604,1000.);
#3701=VECTOR('',#7607,1000.);
#3702=VECTOR('',#7608,1000.);
#3703=VECTOR('',#7609,1000.);
#3704=VECTOR('',#7610,1000.);
#3705=VECTOR('',#7611,1000.);
#3706=VECTOR('',#7612,1000.);
#3707=VECTOR('',#7613,1000.);
#3708=VECTOR('',#7616,1000.);
#3709=VECTOR('',#7619,1000.);
#3710=VECTOR('',#7620,1000.);
#3711=VECTOR('',#7621,1000.);
#3712=VECTOR('',#7622,1000.);
#3713=VECTOR('',#7623,1000.);
#3714=VECTOR('',#7624,1000.);
#3715=VECTOR('',#7625,1000.);
#3716=VECTOR('',#7630,1000.);
#3717=VECTOR('',#7631,1000.);
#3718=VECTOR('',#7632,1000.);
#3719=VECTOR('',#7633,1000.);
#3720=VECTOR('',#7634,1000.);
#3721=VECTOR('',#7635,1000.);
#3722=VECTOR('',#7636,1000.);
#3723=VECTOR('',#7637,1000.);
#3724=VECTOR('',#7638,1000.);
#3725=VECTOR('',#7639,1000.);
#3726=VECTOR('',#7640,1000.);
#3727=VECTOR('',#7641,1000.);
#3728=VECTOR('',#7642,1000.);
#3729=VECTOR('',#7643,1000.);
#3730=VECTOR('',#7644,1000.);
#3731=VECTOR('',#7645,1000.);
#3732=VECTOR('',#7646,1000.);
#3733=VECTOR('',#7647,1000.);
#3734=VECTOR('',#7648,1000.);
#3735=VECTOR('',#7649,1000.);
#3736=VECTOR('',#7650,1000.);
#3737=VECTOR('',#7651,1000.);
#3738=VECTOR('',#7652,1000.);
#3739=VECTOR('',#7653,1000.);
#3740=VECTOR('',#7654,1000.);
#3741=VECTOR('',#7655,1000.);
#3742=VECTOR('',#7656,1000.);
#3743=VECTOR('',#7657,1000.);
#3744=VECTOR('',#7658,1000.);
#3745=VECTOR('',#7659,1000.);
#3746=VECTOR('',#7660,1000.);
#3747=VECTOR('',#7661,1000.);
#3748=VECTOR('',#7662,1000.);
#3749=VECTOR('',#7663,1000.);
#3750=VECTOR('',#7664,1000.);
#3751=VECTOR('',#7665,1000.);
#3752=VECTOR('',#7666,1000.);
#3753=VECTOR('',#7667,1000.);
#3754=VECTOR('',#7668,1000.);
#3755=VECTOR('',#7669,1000.);
#3756=VECTOR('',#7670,1000.);
#3757=VECTOR('',#7671,1000.);
#3758=VECTOR('',#7672,1000.);
#3759=VECTOR('',#7673,1000.);
#3760=VECTOR('',#7674,1000.);
#3761=VECTOR('',#7675,1000.);
#3762=VECTOR('',#7676,1000.);
#3763=VECTOR('',#7677,1000.);
#3764=VECTOR('',#7678,1000.);
#3765=VECTOR('',#7679,1000.);
#3766=VECTOR('',#7680,1000.);
#3767=VECTOR('',#7681,1000.);
#3768=VECTOR('',#7682,1000.);
#3769=VECTOR('',#7683,1000.);
#3770=VECTOR('',#7684,1000.);
#3771=VECTOR('',#7685,1000.);
#3772=VECTOR('',#7686,1000.);
#3773=VECTOR('',#7687,1000.);
#3774=VECTOR('',#7688,1000.);
#3775=VECTOR('',#7689,1000.);
#3776=VECTOR('',#7690,1000.);
#3777=VECTOR('',#7691,1000.);
#3778=VECTOR('',#7692,1000.);
#3779=VECTOR('',#7693,1000.);
#3780=VECTOR('',#7694,1000.);
#3781=VECTOR('',#7695,1000.);
#3782=VECTOR('',#7696,1000.);
#3783=VECTOR('',#7697,1000.);
#3784=VECTOR('',#7698,1000.);
#3785=VECTOR('',#7699,1000.);
#3786=VECTOR('',#7700,1000.);
#3787=VECTOR('',#7701,1000.);
#3788=VECTOR('',#7702,1000.);
#3789=VECTOR('',#7703,1000.);
#3790=VECTOR('',#7704,1000.);
#3791=VECTOR('',#7705,1000.);
#3792=VECTOR('',#7706,1000.);
#3793=VECTOR('',#7707,1000.);
#3794=VECTOR('',#7708,1000.);
#3795=VECTOR('',#7709,1000.);
#3796=VECTOR('',#7710,1000.);
#3797=VECTOR('',#7711,1000.);
#3798=VECTOR('',#7712,1000.);
#3799=VECTOR('',#7713,1000.);
#3800=VECTOR('',#7714,1000.);
#3801=VECTOR('',#7715,1000.);
#3802=VECTOR('',#7716,1000.);
#3803=VECTOR('',#7717,1000.);
#3804=VECTOR('',#7718,1000.);
#3805=VECTOR('',#7719,1000.);
#3806=VECTOR('',#7720,1000.);
#3807=VECTOR('',#7721,1000.);
#3808=VECTOR('',#7722,1000.);
#3809=VECTOR('',#7723,1000.);
#3810=VECTOR('',#7724,1000.);
#3811=VECTOR('',#7727,1000.);
#3812=VECTOR('',#7728,1000.);
#3813=VECTOR('',#7729,1000.);
#3814=VECTOR('',#7732,1000.);
#3815=VECTOR('',#7733,1000.);
#3816=VECTOR('',#7734,1000.);
#3817=VECTOR('',#7735,1000.);
#3818=VECTOR('',#7738,1000.);
#3819=VECTOR('',#7739,1000.);
#3820=VECTOR('',#7740,1000.);
#3821=VECTOR('',#7743,1000.);
#3822=VECTOR('',#7744,1000.);
#3823=VECTOR('',#7745,1000.);
#3824=VECTOR('',#7746,1000.);
#3825=VECTOR('',#7749,1000.);
#3826=VECTOR('',#7750,1000.);
#3827=VECTOR('',#7751,1000.);
#3828=VECTOR('',#7754,1000.);
#3829=VECTOR('',#7755,1000.);
#3830=VECTOR('',#7756,1000.);
#3831=VECTOR('',#7757,1000.);
#3832=VECTOR('',#7758,1000.);
#3833=VECTOR('',#7761,1000.);
#3834=VECTOR('',#7762,1000.);
#3835=VECTOR('',#7763,1000.);
#3836=VECTOR('',#7766,1000.);
#3837=VECTOR('',#7767,1000.);
#3838=VECTOR('',#7770,1000.);
#3839=VECTOR('',#7771,1000.);
#3840=VECTOR('',#7774,1000.);
#3841=VECTOR('',#7775,1000.);
#3842=VECTOR('',#7776,1000.);
#3843=VECTOR('',#7777,1000.);
#3844=VECTOR('',#7778,1000.);
#3845=VECTOR('',#7779,1000.);
#3846=VECTOR('',#7780,1000.);
#3847=VECTOR('',#7783,1000.);
#3848=VECTOR('',#7788,1000.);
#3849=VECTOR('',#7791,1000.);
#3850=VECTOR('',#7794,1000.);
#3851=VECTOR('',#7797,1000.);
#3852=VECTOR('',#7802,1000.);
#3853=VECTOR('',#7803,1000.);
#3854=VECTOR('',#7804,1000.);
#3855=VECTOR('',#7809,1000.);
#3856=VECTOR('',#7812,1000.);
#3857=VECTOR('',#7813,1000.);
#3858=VECTOR('',#7814,1000.);
#3859=VECTOR('',#7815,1000.);
#3860=VECTOR('',#7816,1000.);
#3861=VECTOR('',#7817,1000.);
#3862=VECTOR('',#7818,1000.);
#3863=VECTOR('',#7819,1000.);
#3864=VECTOR('',#7820,1000.);
#3865=VECTOR('',#7821,1000.);
#3866=VECTOR('',#7822,1000.);
#3867=VECTOR('',#7823,1000.);
#3868=VECTOR('',#7826,1000.);
#3869=VECTOR('',#7827,1000.);
#3870=VECTOR('',#7828,1000.);
#3871=VECTOR('',#7829,1000.);
#3872=VECTOR('',#7830,1000.);
#3873=VECTOR('',#7831,1000.);
#3874=VECTOR('',#7832,1000.);
#3875=VECTOR('',#7833,1000.);
#3876=VECTOR('',#7834,1000.);
#3877=VECTOR('',#7835,1000.);
#3878=VECTOR('',#7836,1000.);
#3879=VECTOR('',#7837,1000.);
#3880=VECTOR('',#7840,1000.);
#3881=VECTOR('',#7841,1000.);
#3882=VECTOR('',#7842,1000.);
#3883=VECTOR('',#7843,1000.);
#3884=VECTOR('',#7844,1000.);
#3885=VECTOR('',#7845,1000.);
#3886=VECTOR('',#7846,1000.);
#3887=VECTOR('',#7847,1000.);
#3888=VECTOR('',#7848,1000.);
#3889=VECTOR('',#7849,1000.);
#3890=VECTOR('',#7850,1000.);
#3891=VECTOR('',#7851,1000.);
#3892=VECTOR('',#7854,1000.);
#3893=VECTOR('',#7855,1000.);
#3894=VECTOR('',#7856,1000.);
#3895=VECTOR('',#7857,1000.);
#3896=VECTOR('',#7858,1000.);
#3897=VECTOR('',#7859,1000.);
#3898=VECTOR('',#7860,1000.);
#3899=VECTOR('',#7861,1000.);
#3900=VECTOR('',#7862,1000.);
#3901=VECTOR('',#7863,1000.);
#3902=VECTOR('',#7864,1000.);
#3903=VECTOR('',#7865,1000.);
#3904=VECTOR('',#7868,1000.);
#3905=VECTOR('',#7869,1000.);
#3906=VECTOR('',#7870,1000.);
#3907=VECTOR('',#7871,1000.);
#3908=VECTOR('',#7872,1000.);
#3909=VECTOR('',#7873,1000.);
#3910=VECTOR('',#7874,1000.);
#3911=VECTOR('',#7875,1000.);
#3912=VECTOR('',#7876,1000.);
#3913=VECTOR('',#7877,1000.);
#3914=VECTOR('',#7878,1000.);
#3915=VECTOR('',#7879,1000.);
#3916=VECTOR('',#7882,1000.);
#3917=VECTOR('',#7883,1000.);
#3918=VECTOR('',#7886,1000.);
#3919=VECTOR('',#7889,1000.);
#3920=VECTOR('',#7892,1000.);
#3921=VECTOR('',#7893,1000.);
#3922=VECTOR('',#7894,1000.);
#3923=VECTOR('',#7897,1000.);
#3924=VECTOR('',#7902,1000.);
#3925=VECTOR('',#7903,1000.);
#3926=VECTOR('',#7904,1000.);
#3927=VECTOR('',#7907,1000.);
#3928=VECTOR('',#7912,1000.);
#3929=VECTOR('',#7915,1000.);
#3930=VECTOR('',#7918,1000.);
#3931=VECTOR('',#7919,1000.);
#3932=VECTOR('',#7924,1000.);
#3933=VECTOR('',#7927,1000.);
#3934=VECTOR('',#7930,1000.);
#3935=VECTOR('',#7931,1000.);
#3936=VECTOR('',#7934,1000.);
#3937=VECTOR('',#7937,1000.);
#3938=VECTOR('',#7940,1000.);
#3939=VECTOR('',#7943,1000.);
#3940=VECTOR('',#7946,1000.);
#3941=VECTOR('',#7949,1000.);
#3942=VECTOR('',#7952,1000.);
#3943=VECTOR('',#7955,1000.);
#3944=VECTOR('',#7958,1000.);
#3945=VECTOR('',#7959,1000.);
#3946=VECTOR('',#7960,1000.);
#3947=VECTOR('',#7961,1000.);
#3948=VECTOR('',#7964,1000.);
#3949=VECTOR('',#7969,1000.);
#3950=VECTOR('',#7970,1000.);
#3951=VECTOR('',#7973,1000.);
#3952=VECTOR('',#7976,1000.);
#3953=VECTOR('',#7979,1000.);
#3954=VECTOR('',#7982,1000.);
#3955=VECTOR('',#7985,1000.);
#3956=VECTOR('',#7988,1000.);
#3957=VECTOR('',#7991,1000.);
#3958=VECTOR('',#7994,1000.);
#3959=VECTOR('',#7997,1000.);
#3960=VECTOR('',#8000,1000.);
#3961=VECTOR('',#8003,1000.);
#3962=VECTOR('',#8004,1000.);
#3963=VECTOR('',#8007,1000.);
#3964=VECTOR('',#8008,1000.);
#3965=VECTOR('',#8011,1000.);
#3966=VECTOR('',#8014,1000.);
#3967=VECTOR('',#8017,1000.);
#3968=VECTOR('',#8020,1000.);
#3969=VECTOR('',#8023,1000.);
#3970=VECTOR('',#8026,1000.);
#3971=VECTOR('',#8029,1000.);
#3972=VECTOR('',#8032,1000.);
#3973=VECTOR('',#8035,1000.);
#3974=VECTOR('',#8038,1000.);
#3975=VECTOR('',#8041,1000.);
#3976=VECTOR('',#8042,1000.);
#3977=VECTOR('',#8045,1000.);
#3978=VECTOR('',#8048,1000.);
#3979=VECTOR('',#8051,1000.);
#3980=VECTOR('',#8054,1000.);
#3981=VECTOR('',#8057,1000.);
#3982=VECTOR('',#8060,1000.);
#3983=VECTOR('',#8063,1000.);
#3984=VECTOR('',#8066,1000.);
#3985=VECTOR('',#8069,1000.);
#3986=VECTOR('',#8072,1000.);
#3987=VECTOR('',#8073,1000.);
#3988=VECTOR('',#8074,1000.);
#3989=VECTOR('',#8075,1000.);
#3990=VECTOR('',#8080,1000.);
#3991=VECTOR('',#8081,1000.);
#3992=VECTOR('',#8084,1000.);
#3993=VECTOR('',#8087,1000.);
#3994=VECTOR('',#8088,1000.);
#3995=VECTOR('',#8089,1000.);
#3996=VECTOR('',#8090,1000.);
#3997=VECTOR('',#8093,1000.);
#3998=VECTOR('',#8096,1000.);
#3999=VECTOR('',#8099,1000.);
#4000=VECTOR('',#8102,1000.);
#4001=VECTOR('',#8105,1000.);
#4002=VECTOR('',#8108,1000.);
#4003=VECTOR('',#8111,1000.);
#4004=VECTOR('',#8114,1000.);
#4005=VECTOR('',#8119,1000.);
#4006=VECTOR('',#8120,1000.);
#4007=VECTOR('',#8121,1000.);
#4008=VECTOR('',#8128,1000.);
#4009=VECTOR('',#8131,1000.);
#4010=VECTOR('',#8134,1000.);
#4011=VECTOR('',#8137,1000.);
#4012=VECTOR('',#8138,1000.);
#4013=VECTOR('',#8141,1000.);
#4014=VECTOR('',#8142,1000.);
#4015=VECTOR('',#8143,1000.);
#4016=VECTOR('',#8148,1000.);
#4017=VECTOR('',#8149,1000.);
#4018=VECTOR('',#8150,1000.);
#4019=VECTOR('',#8153,1000.);
#4020=VECTOR('',#8158,1000.);
#4021=VECTOR('',#8159,1000.);
#4022=VECTOR('',#8160,1000.);
#4023=VECTOR('',#8161,1000.);
#4024=VECTOR('',#8162,1000.);
#4025=VECTOR('',#8163,1000.);
#4026=VECTOR('',#8164,1000.);
#4027=VECTOR('',#8165,1000.);
#4028=VECTOR('',#8166,1000.);
#4029=VECTOR('',#8167,1000.);
#4030=VECTOR('',#8168,1000.);
#4031=VECTOR('',#8169,1000.);
#4032=VECTOR('',#8172,1000.);
#4033=VECTOR('',#8173,1000.);
#4034=VECTOR('',#8174,1000.);
#4035=VECTOR('',#8175,1000.);
#4036=VECTOR('',#8176,1000.);
#4037=VECTOR('',#8177,1000.);
#4038=VECTOR('',#8178,1000.);
#4039=VECTOR('',#8179,1000.);
#4040=VECTOR('',#8180,1000.);
#4041=VECTOR('',#8181,1000.);
#4042=VECTOR('',#8182,1000.);
#4043=VECTOR('',#8183,1000.);
#4044=VECTOR('',#8186,1000.);
#4045=VECTOR('',#8187,1000.);
#4046=VECTOR('',#8188,1000.);
#4047=VECTOR('',#8189,1000.);
#4048=VECTOR('',#8190,1000.);
#4049=VECTOR('',#8191,1000.);
#4050=VECTOR('',#8192,1000.);
#4051=VECTOR('',#8193,1000.);
#4052=VECTOR('',#8194,1000.);
#4053=VECTOR('',#8195,1000.);
#4054=VECTOR('',#8196,1000.);
#4055=VECTOR('',#8197,1000.);
#4056=VECTOR('',#8202,1000.);
#4057=VECTOR('',#8205,1000.);
#4058=VECTOR('',#8208,1000.);
#4059=VECTOR('',#8209,1000.);
#4060=VECTOR('',#8210,1000.);
#4061=VECTOR('',#8211,1000.);
#4062=VECTOR('',#8212,1000.);
#4063=VECTOR('',#8213,1000.);
#4064=VECTOR('',#8214,1000.);
#4065=VECTOR('',#8215,1000.);
#4066=VECTOR('',#8216,1000.);
#4067=VECTOR('',#8217,1000.);
#4068=VECTOR('',#8218,1000.);
#4069=VECTOR('',#8219,1000.);
#4070=VECTOR('',#8224,1000.);
#4071=VECTOR('',#8227,1000.);
#4072=VECTOR('',#8230,1000.);
#4073=VECTOR('',#8231,1000.);
#4074=VECTOR('',#8234,1000.);
#4075=VECTOR('',#8237,1000.);
#4076=VECTOR('',#8240,1000.);
#4077=VECTOR('',#8241,1000.);
#4078=VECTOR('',#8242,1000.);
#4079=VECTOR('',#8243,1000.);
#4080=VECTOR('',#8244,1000.);
#4081=VECTOR('',#8245,1000.);
#4082=VECTOR('',#8246,1000.);
#4083=VECTOR('',#8247,1000.);
#4084=VECTOR('',#8248,1000.);
#4085=VECTOR('',#8249,1000.);
#4086=VECTOR('',#8252,1000.);
#4087=VECTOR('',#8253,1000.);
#4088=VECTOR('',#8256,1000.);
#4089=VECTOR('',#8259,1000.);
#4090=VECTOR('',#8262,1000.);
#4091=VECTOR('',#8265,1000.);
#4092=VECTOR('',#8268,1000.);
#4093=VECTOR('',#8269,1000.);
#4094=VECTOR('',#8274,1000.);
#4095=VECTOR('',#8275,1000.);
#4096=VECTOR('',#8278,1000.);
#4097=VECTOR('',#8279,1000.);
#4098=VECTOR('',#8282,1000.);
#4099=VECTOR('',#8285,1000.);
#4100=VECTOR('',#8288,1000.);
#4101=VECTOR('',#8289,1000.);
#4102=VECTOR('',#8292,1000.);
#4103=VECTOR('',#8293,1000.);
#4104=VECTOR('',#8296,1000.);
#4105=VECTOR('',#8299,1000.);
#4106=VECTOR('',#8302,1000.);
#4107=VECTOR('',#8305,1000.);
#4108=VECTOR('',#8308,1000.);
#4109=VECTOR('',#8309,1000.);
#4110=VECTOR('',#8312,1000.);
#4111=VECTOR('',#8315,1000.);
#4112=VECTOR('',#8316,1000.);
#4113=VECTOR('',#8319,1000.);
#4114=VECTOR('',#8322,1000.);
#4115=VECTOR('',#8325,1000.);
#4116=VECTOR('',#8328,1000.);
#4117=VECTOR('',#8331,1000.);
#4118=VECTOR('',#8338,1000.);
#4119=VECTOR('',#8339,1000.);
#4120=VECTOR('',#8342,1000.);
#4121=VECTOR('',#8345,1000.);
#4122=VECTOR('',#8348,1000.);
#4123=VECTOR('',#8351,1000.);
#4124=VECTOR('',#8354,1000.);
#4125=VECTOR('',#8355,1000.);
#4126=VECTOR('',#8356,1000.);
#4127=VECTOR('',#8359,1000.);
#4128=VECTOR('',#8360,1000.);
#4129=VECTOR('',#8361,1000.);
#4130=VECTOR('',#8362,1000.);
#4131=VECTOR('',#8363,1000.);
#4132=VECTOR('',#8364,1000.);
#4133=VECTOR('',#8365,1000.);
#4134=VECTOR('',#8366,1000.);
#4135=VECTOR('',#8367,1000.);
#4136=VECTOR('',#8368,1000.);
#4137=VECTOR('',#8371,1000.);
#4138=VECTOR('',#8374,1000.);
#4139=VECTOR('',#8379,1000.);
#4140=VECTOR('',#8384,1000.);
#4141=VECTOR('',#8385,1000.);
#4142=VECTOR('',#8388,1000.);
#4143=VECTOR('',#8389,1000.);
#4144=VECTOR('',#8390,1000.);
#4145=VECTOR('',#8391,1000.);
#4146=VECTOR('',#8394,1000.);
#4147=VECTOR('',#8397,1000.);
#4148=VECTOR('',#8400,1000.);
#4149=VECTOR('',#8405,1000.);
#4150=VECTOR('',#8406,1000.);
#4151=VECTOR('',#8407,1000.);
#4152=VECTOR('',#8408,1000.);
#4153=VECTOR('',#8409,1000.);
#4154=VECTOR('',#8410,1000.);
#4155=VECTOR('',#8411,1000.);
#4156=VECTOR('',#8412,1000.);
#4157=VECTOR('',#8413,1000.);
#4158=VECTOR('',#8414,1000.);
#4159=VECTOR('',#8415,1000.);
#4160=VECTOR('',#8416,1000.);
#4161=VECTOR('',#8419,1000.);
#4162=VECTOR('',#8420,1000.);
#4163=VECTOR('',#8421,1000.);
#4164=VECTOR('',#8424,1000.);
#4165=VECTOR('',#8425,1000.);
#4166=VECTOR('',#8428,1000.);
#4167=VECTOR('',#8429,1000.);
#4168=VECTOR('',#8432,1000.);
#4169=VECTOR('',#8433,1000.);
#4170=VECTOR('',#8436,1000.);
#4171=VECTOR('',#8437,1000.);
#4172=VECTOR('',#8440,1000.);
#4173=VECTOR('',#8441,1000.);
#4174=VECTOR('',#8444,1000.);
#4175=VECTOR('',#8445,1000.);
#4176=VECTOR('',#8448,1000.);
#4177=VECTOR('',#8449,1000.);
#4178=VECTOR('',#8452,1000.);
#4179=VECTOR('',#8453,1000.);
#4180=VECTOR('',#8454,1000.);
#4181=VECTOR('',#8455,1000.);
#4182=VECTOR('',#8456,1000.);
#4183=VECTOR('',#8457,1000.);
#4184=VECTOR('',#8460,1000.);
#4185=VECTOR('',#8461,1000.);
#4186=VECTOR('',#8464,1000.);
#4187=VECTOR('',#8465,1000.);
#4188=VECTOR('',#8468,1000.);
#4189=VECTOR('',#8471,1000.);
#4190=VECTOR('',#8472,1000.);
#4191=VECTOR('',#8473,1000.);
#4192=VECTOR('',#8476,1000.);
#4193=VECTOR('',#8477,1000.);
#4194=VECTOR('',#8480,1000.);
#4195=VECTOR('',#8481,1000.);
#4196=VECTOR('',#8484,1000.);
#4197=VECTOR('',#8485,1000.);
#4198=VECTOR('',#8488,1000.);
#4199=VECTOR('',#8489,1000.);
#4200=VECTOR('',#8492,1000.);
#4201=VECTOR('',#8493,1000.);
#4202=VECTOR('',#8496,1000.);
#4203=VECTOR('',#8497,1000.);
#4204=VECTOR('',#8500,1000.);
#4205=VECTOR('',#8501,1000.);
#4206=VECTOR('',#8504,1000.);
#4207=VECTOR('',#8505,1000.);
#4208=VECTOR('',#8508,1000.);
#4209=VECTOR('',#8509,1000.);
#4210=VECTOR('',#8512,1000.);
#4211=VECTOR('',#8513,1000.);
#4212=VECTOR('',#8514,1000.);
#4213=VECTOR('',#8515,1000.);
#4214=VECTOR('',#8516,1000.);
#4215=VECTOR('',#8517,1000.);
#4216=VECTOR('',#8520,1000.);
#4217=VECTOR('',#8523,1000.);
#4218=VECTOR('',#8524,1000.);
#4219=VECTOR('',#8529,1000.);
#4220=VECTOR('',#8530,1000.);
#4221=VECTOR('',#8533,1000.);
#4222=VECTOR('',#8536,1000.);
#4223=VECTOR('',#8537,1000.);
#4224=VECTOR('',#8540,1000.);
#4225=VECTOR('',#8541,1000.);
#4226=VECTOR('',#8542,1000.);
#4227=VECTOR('',#8545,1000.);
#4228=VECTOR('',#8546,1000.);
#4229=VECTOR('',#8549,1000.);
#4230=VECTOR('',#8550,1000.);
#4231=VECTOR('',#8553,1000.);
#4232=VECTOR('',#8554,1000.);
#4233=VECTOR('',#8557,1000.);
#4234=VECTOR('',#8558,1000.);
#4235=VECTOR('',#8561,1000.);
#4236=VECTOR('',#8562,1000.);
#4237=VECTOR('',#8565,1000.);
#4238=VECTOR('',#8566,1000.);
#4239=VECTOR('',#8569,1000.);
#4240=VECTOR('',#8570,1000.);
#4241=VECTOR('',#8573,1000.);
#4242=VECTOR('',#8574,1000.);
#4243=VECTOR('',#8577,1000.);
#4244=VECTOR('',#8578,1000.);
#4245=VECTOR('',#8581,1000.);
#4246=VECTOR('',#8582,1000.);
#4247=VECTOR('',#8585,1000.);
#4248=VECTOR('',#8586,1000.);
#4249=VECTOR('',#8587,1000.);
#4250=VECTOR('',#8590,1000.);
#4251=VECTOR('',#8593,1000.);
#4252=VECTOR('',#8594,1000.);
#4253=VECTOR('',#8597,1000.);
#4254=VECTOR('',#8598,1000.);
#4255=VECTOR('',#8599,1000.);
#4256=VECTOR('',#8602,1000.);
#4257=VECTOR('',#8603,1000.);
#4258=VECTOR('',#8606,1000.);
#4259=VECTOR('',#8607,1000.);
#4260=VECTOR('',#8610,1000.);
#4261=VECTOR('',#8611,1000.);
#4262=VECTOR('',#8614,1000.);
#4263=VECTOR('',#8615,1000.);
#4264=VECTOR('',#8618,1000.);
#4265=VECTOR('',#8619,1000.);
#4266=VECTOR('',#8622,1000.);
#4267=VECTOR('',#8623,1000.);
#4268=VECTOR('',#8626,1000.);
#4269=VECTOR('',#8627,1000.);
#4270=VECTOR('',#8630,1000.);
#4271=VECTOR('',#8631,1000.);
#4272=VECTOR('',#8634,1000.);
#4273=VECTOR('',#8635,1000.);
#4274=VECTOR('',#8638,1000.);
#4275=VECTOR('',#8639,1000.);
#4276=VECTOR('',#8642,1000.);
#4277=VECTOR('',#8643,1000.);
#4278=VECTOR('',#8644,1000.);
#4279=VECTOR('',#8647,1000.);
#4280=VECTOR('',#8650,1000.);
#4281=VECTOR('',#8651,1000.);
#4282=VECTOR('',#8652,1000.);
#4283=VECTOR('',#8655,1000.);
#4284=VECTOR('',#8656,1000.);
#4285=VECTOR('',#8659,1000.);
#4286=VECTOR('',#8660,1000.);
#4287=VECTOR('',#8661,1000.);
#4288=VECTOR('',#8662,1000.);
#4289=VECTOR('',#8663,1000.);
#4290=VECTOR('',#8664,1000.);
#4291=VECTOR('',#8667,1000.);
#4292=VECTOR('',#8668,1000.);
#4293=VECTOR('',#8671,1000.);
#4294=VECTOR('',#8672,1000.);
#4295=VECTOR('',#8675,1000.);
#4296=VECTOR('',#8676,1000.);
#4297=VECTOR('',#8679,1000.);
#4298=VECTOR('',#8680,1000.);
#4299=VECTOR('',#8683,1000.);
#4300=VECTOR('',#8684,1000.);
#4301=VECTOR('',#8687,1000.);
#4302=VECTOR('',#8688,1000.);
#4303=VECTOR('',#8691,1000.);
#4304=VECTOR('',#8692,1000.);
#4305=VECTOR('',#8695,1000.);
#4306=VECTOR('',#8696,1000.);
#4307=VECTOR('',#8699,1000.);
#4308=VECTOR('',#8702,1000.);
#4309=VECTOR('',#8703,1000.);
#4310=VECTOR('',#8704,1000.);
#4311=VECTOR('',#8705,1000.);
#4312=VECTOR('',#8706,1000.);
#4313=VECTOR('',#8707,1000.);
#4314=VECTOR('',#8708,1000.);
#4315=VECTOR('',#8709,1000.);
#4316=VECTOR('',#8710,1000.);
#4317=VECTOR('',#8711,1000.);
#4318=VECTOR('',#8712,1000.);
#4319=VECTOR('',#8713,1000.);
#4320=VECTOR('',#8714,1000.);
#4321=VECTOR('',#8715,1000.);
#4322=VECTOR('',#8716,1000.);
#4323=VECTOR('',#8717,1000.);
#4324=VECTOR('',#8718,1000.);
#4325=VECTOR('',#8719,1000.);
#4326=VECTOR('',#8720,1000.);
#4327=VECTOR('',#8721,1000.);
#4328=VECTOR('',#8722,1000.);
#4329=VECTOR('',#8725,1000.);
#4330=VECTOR('',#8726,1000.);
#4331=VECTOR('',#8727,1000.);
#4332=VECTOR('',#8730,1000.);
#4333=VECTOR('',#8731,1000.);
#4334=VECTOR('',#8732,1000.);
#4335=VECTOR('',#8735,1000.);
#4336=VECTOR('',#8736,1000.);
#4337=VECTOR('',#8737,1000.);
#4338=VECTOR('',#8740,1000.);
#4339=VECTOR('',#8743,1000.);
#4340=VECTOR('',#8744,1000.);
#4341=VECTOR('',#8747,1000.);
#4342=VECTOR('',#8748,1000.);
#4343=VECTOR('',#8751,1000.);
#4344=VECTOR('',#8752,1000.);
#4345=VECTOR('',#8755,1000.);
#4346=VECTOR('',#8758,1000.);
#4347=VECTOR('',#8759,1000.);
#4348=VECTOR('',#8760,1000.);
#4349=VECTOR('',#8763,1000.);
#4350=VECTOR('',#8764,1000.);
#4351=VECTOR('',#8767,1000.);
#4352=VECTOR('',#8768,1000.);
#4353=VECTOR('',#8773,1000.);
#4354=VECTOR('',#8774,1000.);
#4355=VECTOR('',#8775,1000.);
#4356=EDGE_LOOP('',(#104,#105,#106,#107,#108,#109));
#4357=EDGE_LOOP('',(#110,#111,#112,#113,#114,#115,#116,#117,#118,#119,#120,
#121,#122,#123,#124,#125,#126,#127,#128,#129,#130,#131,#132,#133,#134,#135,
#136,#137,#138,#139,#140,#141,#142,#143,#144,#145,#146,#147,#148,#149,#150,
#151,#152,#153,#154,#155,#156,#157,#158,#159,#160,#161,#162,#163,#164,#165,
#166,#167,#168,#169,#170,#171,#172,#173,#174,#175,#176,#177,#178,#179,#180,
#181,#182,#183,#184,#185,#186,#187,#188,#189,#190,#191,#192,#193));
#4358=EDGE_LOOP('',(#194,#195,#196,#197,#198,#199,#200,#201,#202,#203,#204,
#205,#206,#207,#208,#209,#210,#211,#212,#213,#214,#215,#216,#217,#218,#219,
#220,#221,#222,#223,#224,#225,#226,#227,#228,#229,#230,#231,#232,#233,#234,
#235,#236,#237,#238,#239,#240,#241,#242,#243,#244,#245,#246,#247,#248,#249,
#250,#251,#252,#253,#254,#255,#256,#257,#258,#259,#260,#261,#262,#263,#264,
#265,#266,#267,#268,#269,#270,#271,#272,#273,#274,#275,#276,#277,#278,#279,
#280,#281,#282,#283,#284,#285,#286,#287,#288,#289,#290,#291,#292,#293));
#4359=EDGE_LOOP('',(#294,#295,#296,#297));
#4360=EDGE_LOOP('',(#298,#299,#300,#301));
#4361=EDGE_LOOP('',(#302,#303,#304,#305));
#4362=EDGE_LOOP('',(#306,#307,#308,#309));
#4363=EDGE_LOOP('',(#310,#311,#312,#313));
#4364=EDGE_LOOP('',(#314,#315,#316,#317,#318,#319,#320,#321));
#4365=EDGE_LOOP('',(#322,#323,#324,#325));
#4366=EDGE_LOOP('',(#326,#327,#328,#329));
#4367=EDGE_LOOP('',(#330,#331,#332,#333));
#4368=EDGE_LOOP('',(#334,#335,#336,#337,#338,#339,#340,#341,#342,#343,#344,
#345));
#4369=EDGE_LOOP('',(#346,#347,#348,#349));
#4370=EDGE_LOOP('',(#350,#351,#352,#353));
#4371=EDGE_LOOP('',(#354,#355,#356,#357));
#4372=EDGE_LOOP('',(#358,#359,#360,#361));
#4373=EDGE_LOOP('',(#362,#363,#364,#365));
#4374=EDGE_LOOP('',(#366,#367,#368,#369));
#4375=EDGE_LOOP('',(#370,#371,#372,#373));
#4376=EDGE_LOOP('',(#374,#375,#376,#377));
#4377=EDGE_LOOP('',(#378,#379,#380,#381));
#4378=EDGE_LOOP('',(#382,#383,#384,#385,#386,#387,#388,#389,#390,#391,#392,
#393));
#4379=EDGE_LOOP('',(#394,#395,#396,#397,#398,#399,#400,#401,#402,#403,#404,
#405));
#4380=EDGE_LOOP('',(#406,#407,#408,#409,#410,#411,#412,#413,#414,#415,#416,
#417));
#4381=EDGE_LOOP('',(#418,#419,#420,#421,#422,#423,#424,#425,#426,#427,#428,
#429));
#4382=EDGE_LOOP('',(#430,#431,#432,#433,#434,#435,#436,#437,#438,#439,#440,
#441));
#4383=EDGE_LOOP('',(#442,#443,#444,#445,#446,#447));
#4384=EDGE_LOOP('',(#448,#449,#450,#451,#452,#453));
#4385=EDGE_LOOP('',(#454,#455,#456,#457,#458,#459));
#4386=EDGE_LOOP('',(#460,#461,#462,#463,#464,#465));
#4387=EDGE_LOOP('',(#466,#467,#468,#469));
#4388=EDGE_LOOP('',(#470,#471,#472,#473));
#4389=EDGE_LOOP('',(#474,#475,#476,#477));
#4390=EDGE_LOOP('',(#478,#479,#480,#481));
#4391=EDGE_LOOP('',(#482,#483,#484,#485));
#4392=EDGE_LOOP('',(#486,#487,#488,#489));
#4393=EDGE_LOOP('',(#490,#491,#492,#493));
#4394=EDGE_LOOP('',(#494,#495,#496,#497));
#4395=EDGE_LOOP('',(#498,#499,#500,#501));
#4396=EDGE_LOOP('',(#502,#503,#504,#505));
#4397=EDGE_LOOP('',(#506,#507,#508,#509,#510,#511,#512,#513));
#4398=EDGE_LOOP('',(#514,#515,#516,#517));
#4399=EDGE_LOOP('',(#518,#519,#520,#521));
#4400=EDGE_LOOP('',(#522,#523,#524,#525));
#4401=EDGE_LOOP('',(#526,#527,#528,#529));
#4402=EDGE_LOOP('',(#530,#531,#532,#533));
#4403=EDGE_LOOP('',(#534,#535,#536,#537));
#4404=EDGE_LOOP('',(#538,#539,#540,#541));
#4405=EDGE_LOOP('',(#542,#543,#544,#545));
#4406=EDGE_LOOP('',(#546,#547,#548,#549));
#4407=EDGE_LOOP('',(#550,#551,#552,#553));
#4408=EDGE_LOOP('',(#554,#555,#556,#557));
#4409=EDGE_LOOP('',(#558,#559,#560,#561));
#4410=EDGE_LOOP('',(#562,#563,#564,#565));
#4411=EDGE_LOOP('',(#566,#567,#568,#569,#570,#571,#572,#573));
#4412=EDGE_LOOP('',(#574,#575,#576,#577));
#4413=EDGE_LOOP('',(#578,#579,#580,#581));
#4414=EDGE_LOOP('',(#582,#583,#584,#585));
#4415=EDGE_LOOP('',(#586,#587,#588,#589));
#4416=EDGE_LOOP('',(#590,#591,#592,#593));
#4417=EDGE_LOOP('',(#594,#595,#596,#597));
#4418=EDGE_LOOP('',(#598,#599,#600,#601));
#4419=EDGE_LOOP('',(#602,#603,#604,#605));
#4420=EDGE_LOOP('',(#606,#607,#608,#609));
#4421=EDGE_LOOP('',(#610,#611,#612,#613));
#4422=EDGE_LOOP('',(#614,#615,#616,#617));
#4423=EDGE_LOOP('',(#618,#619,#620,#621));
#4424=EDGE_LOOP('',(#622,#623,#624,#625));
#4425=EDGE_LOOP('',(#626,#627,#628,#629));
#4426=EDGE_LOOP('',(#630,#631,#632,#633));
#4427=EDGE_LOOP('',(#634,#635,#636,#637));
#4428=EDGE_LOOP('',(#638,#639,#640,#641));
#4429=EDGE_LOOP('',(#642,#643,#644,#645));
#4430=EDGE_LOOP('',(#646,#647,#648,#649));
#4431=EDGE_LOOP('',(#650,#651,#652,#653));
#4432=EDGE_LOOP('',(#654,#655,#656,#657));
#4433=EDGE_LOOP('',(#658,#659,#660,#661,#662,#663,#664,#665));
#4434=EDGE_LOOP('',(#666,#667,#668,#669));
#4435=EDGE_LOOP('',(#670,#671,#672,#673));
#4436=EDGE_LOOP('',(#674,#675,#676,#677));
#4437=EDGE_LOOP('',(#678,#679,#680,#681,#682,#683,#684,#685));
#4438=EDGE_LOOP('',(#686,#687,#688,#689));
#4439=EDGE_LOOP('',(#690,#691,#692,#693));
#4440=EDGE_LOOP('',(#694,#695,#696,#697));
#4441=EDGE_LOOP('',(#698,#699,#700,#701));
#4442=EDGE_LOOP('',(#702,#703,#704,#705));
#4443=EDGE_LOOP('',(#706,#707,#708,#709));
#4444=EDGE_LOOP('',(#710,#711,#712,#713));
#4445=EDGE_LOOP('',(#714,#715,#716,#717));
#4446=EDGE_LOOP('',(#718,#719,#720,#721));
#4447=EDGE_LOOP('',(#722,#723,#724,#725,#726,#727,#728,#729));
#4448=EDGE_LOOP('',(#730,#731,#732,#733));
#4449=EDGE_LOOP('',(#734,#735,#736,#737,#738,#739));
#4450=EDGE_LOOP('',(#740,#741,#742,#743,#744,#745));
#4451=EDGE_LOOP('',(#746,#747,#748,#749,#750,#751));
#4452=EDGE_LOOP('',(#752,#753,#754,#755,#756,#757,#758,#759,#760,#761,#762,
#763));
#4453=EDGE_LOOP('',(#764,#765,#766,#767,#768,#769,#770,#771,#772,#773,#774,
#775));
#4454=EDGE_LOOP('',(#776,#777,#778,#779,#780,#781,#782,#783,#784,#785,#786,
#787));
#4455=EDGE_LOOP('',(#788,#789,#790,#791));
#4456=EDGE_LOOP('',(#792,#793,#794,#795,#796,#797,#798,#799,#800,#801,#802,
#803));
#4457=EDGE_LOOP('',(#804,#805,#806,#807));
#4458=EDGE_LOOP('',(#808,#809,#810,#811));
#4459=EDGE_LOOP('',(#812,#813,#814,#815));
#4460=EDGE_LOOP('',(#816,#817,#818,#819));
#4461=EDGE_LOOP('',(#820,#821,#822,#823,#824,#825,#826,#827,#828,#829,#830,
#831,#832,#833,#834,#835));
#4462=EDGE_LOOP('',(#836,#837,#838,#839));
#4463=EDGE_LOOP('',(#840,#841,#842,#843));
#4464=EDGE_LOOP('',(#844,#845,#846,#847));
#4465=EDGE_LOOP('',(#848,#849,#850,#851));
#4466=EDGE_LOOP('',(#852,#853,#854,#855));
#4467=EDGE_LOOP('',(#856,#857,#858,#859,#860,#861,#862,#863));
#4468=EDGE_LOOP('',(#864,#865,#866,#867,#868));
#4469=EDGE_LOOP('',(#869,#870,#871,#872));
#4470=EDGE_LOOP('',(#873,#874,#875,#876));
#4471=EDGE_LOOP('',(#877,#878,#879,#880));
#4472=EDGE_LOOP('',(#881,#882,#883,#884));
#4473=EDGE_LOOP('',(#885,#886,#887,#888,#889,#890,#891,#892));
#4474=EDGE_LOOP('',(#893,#894,#895,#896));
#4475=EDGE_LOOP('',(#897,#898,#899,#900));
#4476=EDGE_LOOP('',(#901,#902,#903,#904));
#4477=EDGE_LOOP('',(#905,#906,#907,#908));
#4478=EDGE_LOOP('',(#909,#910,#911,#912));
#4479=EDGE_LOOP('',(#913,#914,#915,#916,#917,#918,#919,#920));
#4480=EDGE_LOOP('',(#921,#922,#923,#924,#925));
#4481=EDGE_LOOP('',(#926,#927,#928,#929));
#4482=EDGE_LOOP('',(#930,#931,#932,#933));
#4483=EDGE_LOOP('',(#934,#935,#936,#937));
#4484=EDGE_LOOP('',(#938,#939,#940,#941));
#4485=EDGE_LOOP('',(#942,#943,#944,#945));
#4486=EDGE_LOOP('',(#946,#947,#948,#949,#950,#951,#952,#953));
#4487=EDGE_LOOP('',(#954,#955,#956,#957,#958));
#4488=EDGE_LOOP('',(#959,#960,#961,#962,#963));
#4489=EDGE_LOOP('',(#964,#965,#966,#967));
#4490=EDGE_LOOP('',(#968,#969,#970,#971));
#4491=EDGE_LOOP('',(#972,#973,#974,#975));
#4492=EDGE_LOOP('',(#976,#977,#978,#979));
#4493=EDGE_LOOP('',(#980,#981,#982,#983));
#4494=EDGE_LOOP('',(#984,#985,#986,#987,#988,#989,#990,#991));
#4495=EDGE_LOOP('',(#992,#993,#994,#995,#996,#997,#998,#999,#1000,#1001,
#1002,#1003,#1004,#1005,#1006,#1007));
#4496=EDGE_LOOP('',(#1008,#1009,#1010,#1011));
#4497=EDGE_LOOP('',(#1012,#1013,#1014,#1015));
#4498=EDGE_LOOP('',(#1016,#1017,#1018,#1019));
#4499=EDGE_LOOP('',(#1020,#1021,#1022,#1023));
#4500=EDGE_LOOP('',(#1024,#1025,#1026,#1027));
#4501=EDGE_LOOP('',(#1028,#1029,#1030,#1031));
#4502=EDGE_LOOP('',(#1032,#1033,#1034,#1035,#1036,#1037,#1038,#1039));
#4503=EDGE_LOOP('',(#1040,#1041,#1042,#1043));
#4504=EDGE_LOOP('',(#1044,#1045,#1046,#1047));
#4505=EDGE_LOOP('',(#1048,#1049,#1050,#1051));
#4506=EDGE_LOOP('',(#1052,#1053,#1054,#1055));
#4507=EDGE_LOOP('',(#1056,#1057,#1058,#1059,#1060,#1061,#1062,#1063,#1064,
#1065,#1066,#1067));
#4508=EDGE_LOOP('',(#1068,#1069,#1070,#1071));
#4509=EDGE_LOOP('',(#1072,#1073,#1074,#1075));
#4510=EDGE_LOOP('',(#1076,#1077,#1078,#1079));
#4511=EDGE_LOOP('',(#1080,#1081,#1082,#1083));
#4512=EDGE_LOOP('',(#1084,#1085,#1086,#1087));
#4513=EDGE_LOOP('',(#1088,#1089,#1090,#1091));
#4514=EDGE_LOOP('',(#1092,#1093,#1094,#1095));
#4515=EDGE_LOOP('',(#1096,#1097,#1098,#1099));
#4516=EDGE_LOOP('',(#1100,#1101,#1102,#1103,#1104,#1105,#1106,#1107));
#4517=EDGE_LOOP('',(#1108,#1109,#1110,#1111));
#4518=EDGE_LOOP('',(#1112,#1113,#1114,#1115));
#4519=EDGE_LOOP('',(#1116,#1117,#1118,#1119));
#4520=EDGE_LOOP('',(#1120,#1121,#1122,#1123));
#4521=EDGE_LOOP('',(#1124,#1125,#1126,#1127));
#4522=EDGE_LOOP('',(#1128,#1129,#1130,#1131));
#4523=EDGE_LOOP('',(#1132,#1133,#1134,#1135));
#4524=EDGE_LOOP('',(#1136,#1137,#1138,#1139));
#4525=EDGE_LOOP('',(#1140,#1141,#1142,#1143));
#4526=EDGE_LOOP('',(#1144,#1145,#1146,#1147));
#4527=EDGE_LOOP('',(#1148,#1149,#1150,#1151));
#4528=EDGE_LOOP('',(#1152,#1153,#1154,#1155));
#4529=EDGE_LOOP('',(#1156,#1157,#1158,#1159));
#4530=EDGE_LOOP('',(#1160,#1161,#1162,#1163,#1164,#1165,#1166,#1167));
#4531=EDGE_LOOP('',(#1168,#1169,#1170,#1171));
#4532=EDGE_LOOP('',(#1172,#1173,#1174,#1175));
#4533=EDGE_LOOP('',(#1176));
#4534=EDGE_LOOP('',(#1177,#1178,#1179,#1180));
#4535=EDGE_LOOP('',(#1181,#1182,#1183,#1184));
#4536=EDGE_LOOP('',(#1185,#1186,#1187,#1188,#1189));
#4537=EDGE_LOOP('',(#1190,#1191,#1192,#1193));
#4538=EDGE_LOOP('',(#1194,#1195,#1196,#1197));
#4539=EDGE_LOOP('',(#1198,#1199,#1200,#1201));
#4540=EDGE_LOOP('',(#1202,#1203,#1204,#1205));
#4541=EDGE_LOOP('',(#1206,#1207,#1208,#1209));
#4542=EDGE_LOOP('',(#1210,#1211,#1212,#1213));
#4543=EDGE_LOOP('',(#1214,#1215,#1216,#1217));
#4544=EDGE_LOOP('',(#1218,#1219,#1220,#1221));
#4545=EDGE_LOOP('',(#1222,#1223,#1224,#1225));
#4546=EDGE_LOOP('',(#1226,#1227,#1228,#1229));
#4547=EDGE_LOOP('',(#1230,#1231,#1232,#1233));
#4548=EDGE_LOOP('',(#1234,#1235,#1236,#1237,#1238,#1239,#1240,#1241));
#4549=EDGE_LOOP('',(#1242,#1243,#1244,#1245,#1246));
#4550=EDGE_LOOP('',(#1247,#1248,#1249,#1250,#1251));
#4551=EDGE_LOOP('',(#1252,#1253,#1254,#1255));
#4552=EDGE_LOOP('',(#1256,#1257,#1258,#1259));
#4553=EDGE_LOOP('',(#1260,#1261,#1262,#1263));
#4554=EDGE_LOOP('',(#1264,#1265,#1266,#1267));
#4555=EDGE_LOOP('',(#1268,#1269,#1270,#1271));
#4556=EDGE_LOOP('',(#1272,#1273,#1274,#1275));
#4557=EDGE_LOOP('',(#1276,#1277,#1278,#1279));
#4558=EDGE_LOOP('',(#1280,#1281,#1282,#1283));
#4559=EDGE_LOOP('',(#1284,#1285,#1286,#1287));
#4560=EDGE_LOOP('',(#1288,#1289,#1290,#1291));
#4561=EDGE_LOOP('',(#1292,#1293,#1294,#1295));
#4562=EDGE_LOOP('',(#1296,#1297,#1298,#1299,#1300,#1301,#1302,#1303));
#4563=EDGE_LOOP('',(#1304,#1305,#1306,#1307,#1308));
#4564=EDGE_LOOP('',(#1309,#1310,#1311,#1312));
#4565=EDGE_LOOP('',(#1313,#1314,#1315,#1316));
#4566=EDGE_LOOP('',(#1317,#1318,#1319,#1320,#1321,#1322,#1323,#1324));
#4567=EDGE_LOOP('',(#1325,#1326,#1327,#1328));
#4568=EDGE_LOOP('',(#1329,#1330,#1331,#1332));
#4569=EDGE_LOOP('',(#1333,#1334,#1335,#1336));
#4570=EDGE_LOOP('',(#1337,#1338,#1339,#1340));
#4571=EDGE_LOOP('',(#1341,#1342,#1343,#1344));
#4572=EDGE_LOOP('',(#1345,#1346,#1347,#1348));
#4573=EDGE_LOOP('',(#1349,#1350,#1351,#1352));
#4574=EDGE_LOOP('',(#1353,#1354,#1355,#1356));
#4575=EDGE_LOOP('',(#1357,#1358,#1359,#1360));
#4576=EDGE_LOOP('',(#1361,#1362,#1363,#1364,#1365,#1366,#1367,#1368,#1369,
#1370,#1371,#1372,#1373,#1374,#1375,#1376,#1377,#1378,#1379,#1380,#1381,
#1382,#1383,#1384,#1385,#1386,#1387,#1388,#1389,#1390,#1391,#1392,#1393,
#1394,#1395,#1396,#1397,#1398,#1399,#1400,#1401,#1402,#1403,#1404,#1405,
#1406,#1407,#1408,#1409,#1410,#1411,#1412,#1413,#1414,#1415,#1416,#1417,
#1418,#1419,#1420,#1421,#1422,#1423,#1424,#1425,#1426,#1427,#1428,#1429,
#1430,#1431,#1432,#1433,#1434,#1435,#1436,#1437,#1438,#1439,#1440,#1441,
#1442,#1443,#1444,#1445,#1446,#1447,#1448,#1449,#1450,#1451,#1452,#1453,
#1454,#1455,#1456,#1457,#1458,#1459,#1460));
#4577=EDGE_LOOP('',(#1461,#1462,#1463,#1464));
#4578=EDGE_LOOP('',(#1465,#1466,#1467,#1468));
#4579=EDGE_LOOP('',(#1469,#1470,#1471,#1472));
#4580=EDGE_LOOP('',(#1473,#1474,#1475,#1476));
#4581=EDGE_LOOP('',(#1477,#1478,#1479,#1480));
#4582=EDGE_LOOP('',(#1481,#1482,#1483,#1484));
#4583=EDGE_LOOP('',(#1485,#1486,#1487,#1488));
#4584=EDGE_LOOP('',(#1489,#1490,#1491,#1492));
#4585=EDGE_LOOP('',(#1493,#1494,#1495,#1496));
#4586=EDGE_LOOP('',(#1497,#1498,#1499,#1500));
#4587=EDGE_LOOP('',(#1501,#1502,#1503,#1504,#1505,#1506,#1507,#1508,#1509,
#1510,#1511,#1512));
#4588=EDGE_LOOP('',(#1513,#1514,#1515,#1516));
#4589=EDGE_LOOP('',(#1517,#1518,#1519,#1520,#1521,#1522,#1523,#1524));
#4590=EDGE_LOOP('',(#1525,#1526,#1527,#1528,#1529));
#4591=EDGE_LOOP('',(#1530,#1531,#1532,#1533,#1534));
#4592=EDGE_LOOP('',(#1535,#1536,#1537,#1538));
#4593=EDGE_LOOP('',(#1539,#1540,#1541,#1542,#1543));
#4594=EDGE_LOOP('',(#1544,#1545,#1546,#1547,#1548));
#4595=EDGE_LOOP('',(#1549,#1550,#1551,#1552));
#4596=EDGE_LOOP('',(#1553,#1554,#1555,#1556,#1557));
#4597=EDGE_LOOP('',(#1558,#1559,#1560,#1561,#1562));
#4598=EDGE_LOOP('',(#1563,#1564,#1565,#1566));
#4599=EDGE_LOOP('',(#1567,#1568,#1569,#1570,#1571));
#4600=EDGE_LOOP('',(#1572,#1573,#1574,#1575,#1576));
#4601=EDGE_LOOP('',(#1577,#1578,#1579,#1580));
#4602=EDGE_LOOP('',(#1581,#1582,#1583,#1584,#1585));
#4603=EDGE_LOOP('',(#1586,#1587,#1588,#1589,#1590));
#4604=EDGE_LOOP('',(#1591,#1592,#1593,#1594));
#4605=EDGE_LOOP('',(#1595,#1596,#1597,#1598,#1599));
#4606=EDGE_LOOP('',(#1600,#1601,#1602,#1603,#1604));
#4607=EDGE_LOOP('',(#1605,#1606,#1607,#1608));
#4608=EDGE_LOOP('',(#1609,#1610,#1611,#1612,#1613));
#4609=EDGE_LOOP('',(#1614,#1615,#1616,#1617,#1618));
#4610=EDGE_LOOP('',(#1619,#1620,#1621,#1622));
#4611=EDGE_LOOP('',(#1623,#1624,#1625,#1626,#1627));
#4612=EDGE_LOOP('',(#1628,#1629,#1630,#1631,#1632));
#4613=EDGE_LOOP('',(#1633,#1634,#1635,#1636));
#4614=EDGE_LOOP('',(#1637,#1638,#1639,#1640));
#4615=EDGE_LOOP('',(#1641));
#4616=EDGE_LOOP('',(#1642));
#4617=EDGE_LOOP('',(#1643));
#4618=FACE_BOUND('',#4356,.T.);
#4619=FACE_BOUND('',#4357,.T.);
#4620=FACE_BOUND('',#4358,.T.);
#4621=FACE_BOUND('',#4359,.T.);
#4622=FACE_BOUND('',#4360,.T.);
#4623=FACE_BOUND('',#4361,.T.);
#4624=FACE_BOUND('',#4362,.T.);
#4625=FACE_BOUND('',#4363,.T.);
#4626=FACE_BOUND('',#4364,.T.);
#4627=FACE_BOUND('',#4365,.T.);
#4628=FACE_BOUND('',#4366,.T.);
#4629=FACE_BOUND('',#4367,.T.);
#4630=FACE_BOUND('',#4368,.T.);
#4631=FACE_BOUND('',#4369,.T.);
#4632=FACE_BOUND('',#4370,.T.);
#4633=FACE_BOUND('',#4371,.T.);
#4634=FACE_BOUND('',#4372,.T.);
#4635=FACE_BOUND('',#4373,.T.);
#4636=FACE_BOUND('',#4374,.T.);
#4637=FACE_BOUND('',#4375,.T.);
#4638=FACE_BOUND('',#4376,.T.);
#4639=FACE_BOUND('',#4377,.T.);
#4640=FACE_BOUND('',#4378,.T.);
#4641=FACE_BOUND('',#4379,.T.);
#4642=FACE_BOUND('',#4380,.T.);
#4643=FACE_BOUND('',#4381,.T.);
#4644=FACE_BOUND('',#4382,.T.);
#4645=FACE_BOUND('',#4383,.T.);
#4646=FACE_BOUND('',#4384,.T.);
#4647=FACE_BOUND('',#4385,.T.);
#4648=FACE_BOUND('',#4386,.T.);
#4649=FACE_BOUND('',#4387,.T.);
#4650=FACE_BOUND('',#4388,.T.);
#4651=FACE_BOUND('',#4389,.T.);
#4652=FACE_BOUND('',#4390,.T.);
#4653=FACE_BOUND('',#4391,.T.);
#4654=FACE_BOUND('',#4392,.T.);
#4655=FACE_BOUND('',#4393,.T.);
#4656=FACE_BOUND('',#4394,.T.);
#4657=FACE_BOUND('',#4395,.T.);
#4658=FACE_BOUND('',#4396,.T.);
#4659=FACE_BOUND('',#4397,.T.);
#4660=FACE_BOUND('',#4398,.T.);
#4661=FACE_BOUND('',#4399,.T.);
#4662=FACE_BOUND('',#4400,.T.);
#4663=FACE_BOUND('',#4401,.T.);
#4664=FACE_BOUND('',#4402,.T.);
#4665=FACE_BOUND('',#4403,.T.);
#4666=FACE_BOUND('',#4404,.T.);
#4667=FACE_BOUND('',#4405,.T.);
#4668=FACE_BOUND('',#4406,.T.);
#4669=FACE_BOUND('',#4407,.T.);
#4670=FACE_BOUND('',#4408,.T.);
#4671=FACE_BOUND('',#4409,.T.);
#4672=FACE_BOUND('',#4410,.T.);
#4673=FACE_BOUND('',#4411,.T.);
#4674=FACE_BOUND('',#4412,.T.);
#4675=FACE_BOUND('',#4413,.T.);
#4676=FACE_BOUND('',#4414,.T.);
#4677=FACE_BOUND('',#4415,.T.);
#4678=FACE_BOUND('',#4416,.T.);
#4679=FACE_BOUND('',#4417,.T.);
#4680=FACE_BOUND('',#4418,.T.);
#4681=FACE_BOUND('',#4419,.T.);
#4682=FACE_BOUND('',#4420,.T.);
#4683=FACE_BOUND('',#4421,.T.);
#4684=FACE_BOUND('',#4422,.T.);
#4685=FACE_BOUND('',#4423,.T.);
#4686=FACE_BOUND('',#4424,.T.);
#4687=FACE_BOUND('',#4425,.T.);
#4688=FACE_BOUND('',#4426,.T.);
#4689=FACE_BOUND('',#4427,.T.);
#4690=FACE_BOUND('',#4428,.T.);
#4691=FACE_BOUND('',#4429,.T.);
#4692=FACE_BOUND('',#4430,.T.);
#4693=FACE_BOUND('',#4431,.T.);
#4694=FACE_BOUND('',#4432,.T.);
#4695=FACE_BOUND('',#4433,.T.);
#4696=FACE_BOUND('',#4434,.T.);
#4697=FACE_BOUND('',#4435,.T.);
#4698=FACE_BOUND('',#4436,.T.);
#4699=FACE_BOUND('',#4437,.T.);
#4700=FACE_BOUND('',#4438,.T.);
#4701=FACE_BOUND('',#4439,.T.);
#4702=FACE_BOUND('',#4440,.T.);
#4703=FACE_BOUND('',#4441,.T.);
#4704=FACE_BOUND('',#4442,.T.);
#4705=FACE_BOUND('',#4443,.T.);
#4706=FACE_BOUND('',#4444,.T.);
#4707=FACE_BOUND('',#4445,.T.);
#4708=FACE_BOUND('',#4446,.T.);
#4709=FACE_BOUND('',#4447,.T.);
#4710=FACE_BOUND('',#4448,.T.);
#4711=FACE_BOUND('',#4449,.T.);
#4712=FACE_BOUND('',#4450,.T.);
#4713=FACE_BOUND('',#4451,.T.);
#4714=FACE_BOUND('',#4452,.T.);
#4715=FACE_BOUND('',#4453,.T.);
#4716=FACE_BOUND('',#4454,.T.);
#4717=FACE_BOUND('',#4455,.T.);
#4718=FACE_BOUND('',#4456,.T.);
#4719=FACE_BOUND('',#4457,.T.);
#4720=FACE_BOUND('',#4458,.T.);
#4721=FACE_BOUND('',#4459,.T.);
#4722=FACE_BOUND('',#4460,.T.);
#4723=FACE_BOUND('',#4461,.T.);
#4724=FACE_BOUND('',#4462,.T.);
#4725=FACE_BOUND('',#4463,.T.);
#4726=FACE_BOUND('',#4464,.T.);
#4727=FACE_BOUND('',#4465,.T.);
#4728=FACE_BOUND('',#4466,.T.);
#4729=FACE_BOUND('',#4467,.T.);
#4730=FACE_BOUND('',#4468,.T.);
#4731=FACE_BOUND('',#4469,.T.);
#4732=FACE_BOUND('',#4470,.T.);
#4733=FACE_BOUND('',#4471,.T.);
#4734=FACE_BOUND('',#4472,.T.);
#4735=FACE_BOUND('',#4473,.T.);
#4736=FACE_BOUND('',#4474,.T.);
#4737=FACE_BOUND('',#4475,.T.);
#4738=FACE_BOUND('',#4476,.T.);
#4739=FACE_BOUND('',#4477,.T.);
#4740=FACE_BOUND('',#4478,.T.);
#4741=FACE_BOUND('',#4479,.T.);
#4742=FACE_BOUND('',#4480,.T.);
#4743=FACE_BOUND('',#4481,.T.);
#4744=FACE_BOUND('',#4482,.T.);
#4745=FACE_BOUND('',#4483,.T.);
#4746=FACE_BOUND('',#4484,.T.);
#4747=FACE_BOUND('',#4485,.T.);
#4748=FACE_BOUND('',#4486,.T.);
#4749=FACE_BOUND('',#4487,.T.);
#4750=FACE_BOUND('',#4488,.T.);
#4751=FACE_BOUND('',#4489,.T.);
#4752=FACE_BOUND('',#4490,.T.);
#4753=FACE_BOUND('',#4491,.T.);
#4754=FACE_BOUND('',#4492,.T.);
#4755=FACE_BOUND('',#4493,.T.);
#4756=FACE_BOUND('',#4494,.T.);
#4757=FACE_BOUND('',#4495,.T.);
#4758=FACE_BOUND('',#4496,.T.);
#4759=FACE_BOUND('',#4497,.T.);
#4760=FACE_BOUND('',#4498,.T.);
#4761=FACE_BOUND('',#4499,.T.);
#4762=FACE_BOUND('',#4500,.T.);
#4763=FACE_BOUND('',#4501,.T.);
#4764=FACE_BOUND('',#4502,.T.);
#4765=FACE_BOUND('',#4503,.T.);
#4766=FACE_BOUND('',#4504,.T.);
#4767=FACE_BOUND('',#4505,.T.);
#4768=FACE_BOUND('',#4506,.T.);
#4769=FACE_BOUND('',#4507,.T.);
#4770=FACE_BOUND('',#4508,.T.);
#4771=FACE_BOUND('',#4509,.T.);
#4772=FACE_BOUND('',#4510,.T.);
#4773=FACE_BOUND('',#4511,.T.);
#4774=FACE_BOUND('',#4512,.T.);
#4775=FACE_BOUND('',#4513,.T.);
#4776=FACE_BOUND('',#4514,.T.);
#4777=FACE_BOUND('',#4515,.T.);
#4778=FACE_BOUND('',#4516,.T.);
#4779=FACE_BOUND('',#4517,.T.);
#4780=FACE_BOUND('',#4518,.T.);
#4781=FACE_BOUND('',#4519,.T.);
#4782=FACE_BOUND('',#4520,.T.);
#4783=FACE_BOUND('',#4521,.T.);
#4784=FACE_BOUND('',#4522,.T.);
#4785=FACE_BOUND('',#4523,.T.);
#4786=FACE_BOUND('',#4524,.T.);
#4787=FACE_BOUND('',#4525,.T.);
#4788=FACE_BOUND('',#4526,.T.);
#4789=FACE_BOUND('',#4527,.T.);
#4790=FACE_BOUND('',#4528,.T.);
#4791=FACE_BOUND('',#4529,.T.);
#4792=FACE_BOUND('',#4530,.T.);
#4793=FACE_BOUND('',#4531,.T.);
#4794=FACE_BOUND('',#4532,.T.);
#4795=FACE_BOUND('',#4533,.T.);
#4796=FACE_BOUND('',#4534,.T.);
#4797=FACE_BOUND('',#4535,.T.);
#4798=FACE_BOUND('',#4536,.T.);
#4799=FACE_BOUND('',#4537,.T.);
#4800=FACE_BOUND('',#4538,.T.);
#4801=FACE_BOUND('',#4539,.T.);
#4802=FACE_BOUND('',#4540,.T.);
#4803=FACE_BOUND('',#4541,.T.);
#4804=FACE_BOUND('',#4542,.T.);
#4805=FACE_BOUND('',#4543,.T.);
#4806=FACE_BOUND('',#4544,.T.);
#4807=FACE_BOUND('',#4545,.T.);
#4808=FACE_BOUND('',#4546,.T.);
#4809=FACE_BOUND('',#4547,.T.);
#4810=FACE_BOUND('',#4548,.T.);
#4811=FACE_BOUND('',#4549,.T.);
#4812=FACE_BOUND('',#4550,.T.);
#4813=FACE_BOUND('',#4551,.T.);
#4814=FACE_BOUND('',#4552,.T.);
#4815=FACE_BOUND('',#4553,.T.);
#4816=FACE_BOUND('',#4554,.T.);
#4817=FACE_BOUND('',#4555,.T.);
#4818=FACE_BOUND('',#4556,.T.);
#4819=FACE_BOUND('',#4557,.T.);
#4820=FACE_BOUND('',#4558,.T.);
#4821=FACE_BOUND('',#4559,.T.);
#4822=FACE_BOUND('',#4560,.T.);
#4823=FACE_BOUND('',#4561,.T.);
#4824=FACE_BOUND('',#4562,.T.);
#4825=FACE_BOUND('',#4563,.T.);
#4826=FACE_BOUND('',#4564,.T.);
#4827=FACE_BOUND('',#4565,.T.);
#4828=FACE_BOUND('',#4566,.T.);
#4829=FACE_BOUND('',#4567,.T.);
#4830=FACE_BOUND('',#4568,.T.);
#4831=FACE_BOUND('',#4569,.T.);
#4832=FACE_BOUND('',#4570,.T.);
#4833=FACE_BOUND('',#4571,.T.);
#4834=FACE_BOUND('',#4572,.T.);
#4835=FACE_BOUND('',#4573,.T.);
#4836=FACE_BOUND('',#4574,.T.);
#4837=FACE_BOUND('',#4575,.T.);
#4838=FACE_BOUND('',#4576,.T.);
#4839=FACE_BOUND('',#4577,.T.);
#4840=FACE_BOUND('',#4578,.T.);
#4841=FACE_BOUND('',#4579,.T.);
#4842=FACE_BOUND('',#4580,.T.);
#4843=FACE_BOUND('',#4581,.T.);
#4844=FACE_BOUND('',#4582,.T.);
#4845=FACE_BOUND('',#4583,.T.);
#4846=FACE_BOUND('',#4584,.T.);
#4847=FACE_BOUND('',#4585,.T.);
#4848=FACE_BOUND('',#4586,.T.);
#4849=FACE_BOUND('',#4587,.T.);
#4850=FACE_BOUND('',#4588,.T.);
#4851=FACE_BOUND('',#4589,.T.);
#4852=FACE_BOUND('',#4590,.T.);
#4853=FACE_BOUND('',#4591,.T.);
#4854=FACE_BOUND('',#4592,.T.);
#4855=FACE_BOUND('',#4593,.T.);
#4856=FACE_BOUND('',#4594,.T.);
#4857=FACE_BOUND('',#4595,.T.);
#4858=FACE_BOUND('',#4596,.T.);
#4859=FACE_BOUND('',#4597,.T.);
#4860=FACE_BOUND('',#4598,.T.);
#4861=FACE_BOUND('',#4599,.T.);
#4862=FACE_BOUND('',#4600,.T.);
#4863=FACE_BOUND('',#4601,.T.);
#4864=FACE_BOUND('',#4602,.T.);
#4865=FACE_BOUND('',#4603,.T.);
#4866=FACE_BOUND('',#4604,.T.);
#4867=FACE_BOUND('',#4605,.T.);
#4868=FACE_BOUND('',#4606,.T.);
#4869=FACE_BOUND('',#4607,.T.);
#4870=FACE_BOUND('',#4608,.T.);
#4871=FACE_BOUND('',#4609,.T.);
#4872=FACE_BOUND('',#4610,.T.);
#4873=FACE_BOUND('',#4611,.T.);
#4874=FACE_BOUND('',#4612,.T.);
#4875=FACE_BOUND('',#4613,.T.);
#4876=FACE_BOUND('',#4614,.T.);
#4877=FACE_BOUND('',#4615,.T.);
#4878=FACE_BOUND('',#4616,.T.);
#4879=FACE_BOUND('',#4617,.T.);
#4880=PLANE('',#7200);
#4881=PLANE('',#7202);
#4882=PLANE('',#7218);
#4883=PLANE('',#7219);
#4884=PLANE('',#7220);
#4885=PLANE('',#7221);
#4886=PLANE('',#7222);
#4887=PLANE('',#7223);
#4888=PLANE('',#7224);
#4889=PLANE('',#7225);
#4890=PLANE('',#7226);
#4891=PLANE('',#7227);
#4892=PLANE('',#7228);
#4893=PLANE('',#7229);
#4894=PLANE('',#7230);
#4895=PLANE('',#7231);
#4896=PLANE('',#7232);
#4897=PLANE('',#7233);
#4898=PLANE('',#7234);
#4899=PLANE('',#7235);
#4900=PLANE('',#7236);
#4901=PLANE('',#7239);
#4902=PLANE('',#7240);
#4903=PLANE('',#7241);
#4904=PLANE('',#7242);
#4905=PLANE('',#7243);
#4906=PLANE('',#7244);
#4907=PLANE('',#7247);
#4908=PLANE('',#7250);
#4909=PLANE('',#7253);
#4910=PLANE('',#7259);
#4911=PLANE('',#7260);
#4912=PLANE('',#7261);
#4913=PLANE('',#7262);
#4914=PLANE('',#7263);
#4915=PLANE('',#7264);
#4916=PLANE('',#7265);
#4917=PLANE('',#7266);
#4918=PLANE('',#7267);
#4919=PLANE('',#7268);
#4920=PLANE('',#7269);
#4921=PLANE('',#7270);
#4922=PLANE('',#7271);
#4923=PLANE('',#7272);
#4924=PLANE('',#7273);
#4925=PLANE('',#7274);
#4926=PLANE('',#7275);
#4927=PLANE('',#7276);
#4928=PLANE('',#7277);
#4929=PLANE('',#7278);
#4930=PLANE('',#7279);
#4931=PLANE('',#7280);
#4932=PLANE('',#7281);
#4933=PLANE('',#7282);
#4934=PLANE('',#7283);
#4935=PLANE('',#7284);
#4936=PLANE('',#7285);
#4937=PLANE('',#7286);
#4938=PLANE('',#7287);
#4939=PLANE('',#7288);
#4940=PLANE('',#7289);
#4941=PLANE('',#7290);
#4942=PLANE('',#7291);
#4943=PLANE('',#7292);
#4944=PLANE('',#7293);
#4945=PLANE('',#7294);
#4946=PLANE('',#7295);
#4947=PLANE('',#7296);
#4948=PLANE('',#7297);
#4949=PLANE('',#7298);
#4950=PLANE('',#7299);
#4951=PLANE('',#7300);
#4952=PLANE('',#7301);
#4953=PLANE('',#7302);
#4954=PLANE('',#7303);
#4955=PLANE('',#7304);
#4956=PLANE('',#7305);
#4957=PLANE('',#7306);
#4958=PLANE('',#7307);
#4959=PLANE('',#7308);
#4960=PLANE('',#7309);
#4961=PLANE('',#7310);
#4962=PLANE('',#7311);
#4963=PLANE('',#7312);
#4964=PLANE('',#7313);
#4965=PLANE('',#7314);
#4966=PLANE('',#7315);
#4967=PLANE('',#7316);
#4968=PLANE('',#7317);
#4969=PLANE('',#7318);
#4970=PLANE('',#7322);
#4971=PLANE('',#7325);
#4972=PLANE('',#7327);
#4973=PLANE('',#7330);
#4974=PLANE('',#7331);
#4975=PLANE('',#7332);
#4976=PLANE('',#7336);
#4977=PLANE('',#7340);
#4978=PLANE('',#7342);
#4979=PLANE('',#7343);
#4980=PLANE('',#7344);
#4981=PLANE('',#7346);
#4982=PLANE('',#7348);
#4983=PLANE('',#7349);
#4984=PLANE('',#7350);
#4985=PLANE('',#7351);
#4986=PLANE('',#7352);
#4987=PLANE('',#7354);
#4988=PLANE('',#7355);
#4989=PLANE('',#7356);
#4990=PLANE('',#7358);
#4991=PLANE('',#7360);
#4992=PLANE('',#7361);
#4993=PLANE('',#7362);
#4994=PLANE('',#7363);
#4995=PLANE('',#7365);
#4996=PLANE('',#7367);
#4997=PLANE('',#7368);
#4998=PLANE('',#7369);
#4999=PLANE('',#7370);
#5000=PLANE('',#7371);
#5001=PLANE('',#7373);
#5002=PLANE('',#7375);
#5003=PLANE('',#7376);
#5004=PLANE('',#7377);
#5005=PLANE('',#7378);
#5006=PLANE('',#7380);
#5007=PLANE('',#7381);
#5008=PLANE('',#7383);
#5009=PLANE('',#7384);
#5010=PLANE('',#7385);
#5011=PLANE('',#7387);
#5012=PLANE('',#7389);
#5013=PLANE('',#7390);
#5014=PLANE('',#7391);
#5015=PLANE('',#7392);
#5016=PLANE('',#7393);
#5017=PLANE('',#7394);
#5018=PLANE('',#7395);
#5019=PLANE('',#7396);
#5020=PLANE('',#7397);
#5021=PLANE('',#7398);
#5022=PLANE('',#7399);
#5023=PLANE('',#7400);
#5024=PLANE('',#7401);
#5025=PLANE('',#7402);
#5026=PLANE('',#7403);
#5027=PLANE('',#7404);
#5028=PLANE('',#7405);
#5029=PLANE('',#7406);
#5030=PLANE('',#7407);
#5031=PLANE('',#7408);
#5032=PLANE('',#7409);
#5033=PLANE('',#7410);
#5034=PLANE('',#7411);
#5035=PLANE('',#7412);
#5036=PLANE('',#7413);
#5037=PLANE('',#7414);
#5038=PLANE('',#7415);
#5039=PLANE('',#7417);
#5040=PLANE('',#7418);
#5041=PLANE('',#7419);
#5042=PLANE('',#7420);
#5043=PLANE('',#7421);
#5044=PLANE('',#7422);
#5045=PLANE('',#7423);
#5046=PLANE('',#7424);
#5047=PLANE('',#7425);
#5048=PLANE('',#7426);
#5049=PLANE('',#7427);
#5050=PLANE('',#7428);
#5051=PLANE('',#7429);
#5052=PLANE('',#7430);
#5053=PLANE('',#7431);
#5054=PLANE('',#7432);
#5055=PLANE('',#7433);
#5056=PLANE('',#7434);
#5057=PLANE('',#7435);
#5058=PLANE('',#7436);
#5059=PLANE('',#7437);
#5060=PLANE('',#7438);
#5061=PLANE('',#7439);
#5062=PLANE('',#7440);
#5063=PLANE('',#7441);
#5064=PLANE('',#7442);
#5065=PLANE('',#7443);
#5066=PLANE('',#7444);
#5067=PLANE('',#7445);
#5068=PLANE('',#7446);
#5069=PLANE('',#7447);
#5070=PLANE('',#7448);
#5071=PLANE('',#7449);
#5072=PLANE('',#7450);
#5073=PLANE('',#7451);
#5074=PLANE('',#7452);
#5075=PLANE('',#7453);
#5076=PLANE('',#7454);
#5077=PLANE('',#7455);
#5078=PLANE('',#7456);
#5079=PLANE('',#7457);
#5080=PLANE('',#7458);
#5081=PLANE('',#7459);
#5082=PLANE('',#7460);
#5083=PLANE('',#7461);
#5084=PLANE('',#7462);
#5085=PLANE('',#7463);
#5086=PLANE('',#7464);
#5087=PLANE('',#7465);
#5088=PLANE('',#7466);
#5089=PLANE('',#7467);
#5090=PLANE('',#7468);
#5091=PLANE('',#7469);
#5092=PLANE('',#7470);
#5093=PLANE('',#7471);
#5094=PLANE('',#7472);
#5095=PLANE('',#7474);
#5096=PLANE('',#7477);
#5097=PLANE('',#7479);
#5098=PLANE('',#7482);
#5099=PLANE('',#7484);
#5100=PLANE('',#7487);
#5101=PLANE('',#7489);
#5102=PLANE('',#7492);
#5103=PLANE('',#7494);
#5104=PLANE('',#7497);
#5105=PLANE('',#7499);
#5106=PLANE('',#7502);
#5107=PLANE('',#7504);
#5108=PLANE('',#7507);
#5109=PLANE('',#7509);
#5110=PLANE('',#7512);
#5111=PLANE('',#7515);
#5112=STYLED_ITEM('',(#5372),#6935);
#5113=STYLED_ITEM('',(#5373),#6936);
#5114=STYLED_ITEM('',(#5374),#6937);
#5115=STYLED_ITEM('',(#5375),#6938);
#5116=STYLED_ITEM('',(#5376),#6939);
#5117=STYLED_ITEM('',(#5377),#6940);
#5118=STYLED_ITEM('',(#5378),#6941);
#5119=STYLED_ITEM('',(#5379),#6942);
#5120=STYLED_ITEM('',(#5380),#6943);
#5121=STYLED_ITEM('',(#5381),#6944);
#5122=STYLED_ITEM('',(#5382),#6945);
#5123=STYLED_ITEM('',(#5383),#6946);
#5124=STYLED_ITEM('',(#5384),#6947);
#5125=STYLED_ITEM('',(#5385),#6948);
#5126=STYLED_ITEM('',(#5386),#6949);
#5127=STYLED_ITEM('',(#5387),#6950);
#5128=STYLED_ITEM('',(#5388),#6951);
#5129=STYLED_ITEM('',(#5389),#6952);
#5130=STYLED_ITEM('',(#5390),#6953);
#5131=STYLED_ITEM('',(#5391),#6954);
#5132=STYLED_ITEM('',(#5392),#6955);
#5133=STYLED_ITEM('',(#5393),#6956);
#5134=STYLED_ITEM('',(#5394),#6957);
#5135=STYLED_ITEM('',(#5395),#6958);
#5136=STYLED_ITEM('',(#5396),#6959);
#5137=STYLED_ITEM('',(#5397),#6960);
#5138=STYLED_ITEM('',(#5398),#6961);
#5139=STYLED_ITEM('',(#5399),#6962);
#5140=STYLED_ITEM('',(#5400),#6963);
#5141=STYLED_ITEM('',(#5401),#6964);
#5142=STYLED_ITEM('',(#5402),#6965);
#5143=STYLED_ITEM('',(#5403),#6966);
#5144=STYLED_ITEM('',(#5404),#6967);
#5145=STYLED_ITEM('',(#5405),#6968);
#5146=STYLED_ITEM('',(#5406),#6969);
#5147=STYLED_ITEM('',(#5407),#6970);
#5148=STYLED_ITEM('',(#5408),#6971);
#5149=STYLED_ITEM('',(#5409),#6972);
#5150=STYLED_ITEM('',(#5410),#6973);
#5151=STYLED_ITEM('',(#5411),#6974);
#5152=STYLED_ITEM('',(#5412),#6975);
#5153=STYLED_ITEM('',(#5413),#6976);
#5154=STYLED_ITEM('',(#5414),#6977);
#5155=STYLED_ITEM('',(#5415),#6978);
#5156=STYLED_ITEM('',(#5416),#6979);
#5157=STYLED_ITEM('',(#5417),#6980);
#5158=STYLED_ITEM('',(#5418),#6981);
#5159=STYLED_ITEM('',(#5419),#6982);
#5160=STYLED_ITEM('',(#5420),#6983);
#5161=STYLED_ITEM('',(#5421),#6984);
#5162=STYLED_ITEM('',(#5422),#6985);
#5163=STYLED_ITEM('',(#5423),#6986);
#5164=STYLED_ITEM('',(#5424),#6987);
#5165=STYLED_ITEM('',(#5425),#6988);
#5166=STYLED_ITEM('',(#5426),#6989);
#5167=STYLED_ITEM('',(#5427),#6990);
#5168=STYLED_ITEM('',(#5428),#6991);
#5169=STYLED_ITEM('',(#5429),#6992);
#5170=STYLED_ITEM('',(#5430),#6993);
#5171=STYLED_ITEM('',(#5431),#6994);
#5172=STYLED_ITEM('',(#5432),#6995);
#5173=STYLED_ITEM('',(#5433),#6996);
#5174=STYLED_ITEM('',(#5434),#6997);
#5175=STYLED_ITEM('',(#5435),#6998);
#5176=STYLED_ITEM('',(#5436),#6999);
#5177=STYLED_ITEM('',(#5437),#7000);
#5178=STYLED_ITEM('',(#5438),#7001);
#5179=STYLED_ITEM('',(#5439),#7002);
#5180=STYLED_ITEM('',(#5440),#7003);
#5181=STYLED_ITEM('',(#5441),#7004);
#5182=STYLED_ITEM('',(#5442),#7005);
#5183=STYLED_ITEM('',(#5443),#7006);
#5184=STYLED_ITEM('',(#5444),#7007);
#5185=STYLED_ITEM('',(#5445),#7008);
#5186=STYLED_ITEM('',(#5446),#7009);
#5187=STYLED_ITEM('',(#5447),#7010);
#5188=STYLED_ITEM('',(#5448),#7011);
#5189=STYLED_ITEM('',(#5449),#7012);
#5190=STYLED_ITEM('',(#5450),#7013);
#5191=STYLED_ITEM('',(#5451),#7014);
#5192=STYLED_ITEM('',(#5452),#7015);
#5193=STYLED_ITEM('',(#5453),#7016);
#5194=STYLED_ITEM('',(#5454),#7017);
#5195=STYLED_ITEM('',(#5455),#7018);
#5196=STYLED_ITEM('',(#5456),#7019);
#5197=STYLED_ITEM('',(#5457),#7020);
#5198=STYLED_ITEM('',(#5458),#7021);
#5199=STYLED_ITEM('',(#5459),#7022);
#5200=STYLED_ITEM('',(#5460),#7023);
#5201=STYLED_ITEM('',(#5461),#7024);
#5202=STYLED_ITEM('',(#5462),#7025);
#5203=STYLED_ITEM('',(#5463),#7026);
#5204=STYLED_ITEM('',(#5464),#7027);
#5205=STYLED_ITEM('',(#5465),#7028);
#5206=STYLED_ITEM('',(#5466),#7029);
#5207=STYLED_ITEM('',(#5467),#7030);
#5208=STYLED_ITEM('',(#5468),#7031);
#5209=STYLED_ITEM('',(#5469),#7032);
#5210=STYLED_ITEM('',(#5470),#7033);
#5211=STYLED_ITEM('',(#5471),#7034);
#5212=STYLED_ITEM('',(#5472),#7035);
#5213=STYLED_ITEM('',(#5473),#7036);
#5214=STYLED_ITEM('',(#5474),#7037);
#5215=STYLED_ITEM('',(#5475),#7038);
#5216=STYLED_ITEM('',(#5476),#7039);
#5217=STYLED_ITEM('',(#5477),#7040);
#5218=STYLED_ITEM('',(#5478),#7041);
#5219=STYLED_ITEM('',(#5479),#7042);
#5220=STYLED_ITEM('',(#5480),#7043);
#5221=STYLED_ITEM('',(#5481),#7044);
#5222=STYLED_ITEM('',(#5482),#7045);
#5223=STYLED_ITEM('',(#5483),#7046);
#5224=STYLED_ITEM('',(#5484),#7047);
#5225=STYLED_ITEM('',(#5485),#7048);
#5226=STYLED_ITEM('',(#5486),#7049);
#5227=STYLED_ITEM('',(#5487),#7050);
#5228=STYLED_ITEM('',(#5488),#7051);
#5229=STYLED_ITEM('',(#5489),#7052);
#5230=STYLED_ITEM('',(#5490),#7053);
#5231=STYLED_ITEM('',(#5491),#7054);
#5232=STYLED_ITEM('',(#5492),#7055);
#5233=STYLED_ITEM('',(#5493),#7056);
#5234=STYLED_ITEM('',(#5494),#7057);
#5235=STYLED_ITEM('',(#5495),#7058);
#5236=STYLED_ITEM('',(#5496),#7059);
#5237=STYLED_ITEM('',(#5497),#7060);
#5238=STYLED_ITEM('',(#5498),#7061);
#5239=STYLED_ITEM('',(#5499),#7062);
#5240=STYLED_ITEM('',(#5500),#7063);
#5241=STYLED_ITEM('',(#5501),#7064);
#5242=STYLED_ITEM('',(#5502),#7065);
#5243=STYLED_ITEM('',(#5503),#7066);
#5244=STYLED_ITEM('',(#5504),#7067);
#5245=STYLED_ITEM('',(#5505),#7068);
#5246=STYLED_ITEM('',(#5506),#7069);
#5247=STYLED_ITEM('',(#5507),#7070);
#5248=STYLED_ITEM('',(#5508),#7071);
#5249=STYLED_ITEM('',(#5509),#7072);
#5250=STYLED_ITEM('',(#5510),#7073);
#5251=STYLED_ITEM('',(#5511),#7074);
#5252=STYLED_ITEM('',(#5512),#7075);
#5253=STYLED_ITEM('',(#5513),#7076);
#5254=STYLED_ITEM('',(#5514),#7077);
#5255=STYLED_ITEM('',(#5515),#7078);
#5256=STYLED_ITEM('',(#5516),#7079);
#5257=STYLED_ITEM('',(#5517),#7080);
#5258=STYLED_ITEM('',(#5518),#7081);
#5259=STYLED_ITEM('',(#5519),#7082);
#5260=STYLED_ITEM('',(#5520),#7083);
#5261=STYLED_ITEM('',(#5521),#7084);
#5262=STYLED_ITEM('',(#5522),#7085);
#5263=STYLED_ITEM('',(#5523),#7086);
#5264=STYLED_ITEM('',(#5524),#7087);
#5265=STYLED_ITEM('',(#5525),#7088);
#5266=STYLED_ITEM('',(#5526),#7089);
#5267=STYLED_ITEM('',(#5527),#7090);
#5268=STYLED_ITEM('',(#5528),#7091);
#5269=STYLED_ITEM('',(#5529),#7092);
#5270=STYLED_ITEM('',(#5530),#7093);
#5271=STYLED_ITEM('',(#5531),#7094);
#5272=STYLED_ITEM('',(#5532),#7095);
#5273=STYLED_ITEM('',(#5533),#7096);
#5274=STYLED_ITEM('',(#5534),#7097);
#5275=STYLED_ITEM('',(#5535),#7098);
#5276=STYLED_ITEM('',(#5536),#7099);
#5277=STYLED_ITEM('',(#5537),#7100);
#5278=STYLED_ITEM('',(#5538),#7101);
#5279=STYLED_ITEM('',(#5539),#7102);
#5280=STYLED_ITEM('',(#5540),#7103);
#5281=STYLED_ITEM('',(#5541),#7104);
#5282=STYLED_ITEM('',(#5542),#7105);
#5283=STYLED_ITEM('',(#5543),#7106);
#5284=STYLED_ITEM('',(#5544),#7107);
#5285=STYLED_ITEM('',(#5545),#7108);
#5286=STYLED_ITEM('',(#5546),#7109);
#5287=STYLED_ITEM('',(#5547),#7110);
#5288=STYLED_ITEM('',(#5548),#7111);
#5289=STYLED_ITEM('',(#5549),#7112);
#5290=STYLED_ITEM('',(#5550),#7113);
#5291=STYLED_ITEM('',(#5551),#7114);
#5292=STYLED_ITEM('',(#5552),#7115);
#5293=STYLED_ITEM('',(#5553),#7116);
#5294=STYLED_ITEM('',(#5554),#7117);
#5295=STYLED_ITEM('',(#5555),#7118);
#5296=STYLED_ITEM('',(#5556),#7119);
#5297=STYLED_ITEM('',(#5557),#7120);
#5298=STYLED_ITEM('',(#5558),#7121);
#5299=STYLED_ITEM('',(#5559),#7122);
#5300=STYLED_ITEM('',(#5560),#7123);
#5301=STYLED_ITEM('',(#5561),#7124);
#5302=STYLED_ITEM('',(#5562),#7125);
#5303=STYLED_ITEM('',(#5563),#7126);
#5304=STYLED_ITEM('',(#5564),#7127);
#5305=STYLED_ITEM('',(#5565),#7128);
#5306=STYLED_ITEM('',(#5566),#7129);
#5307=STYLED_ITEM('',(#5567),#7130);
#5308=STYLED_ITEM('',(#5568),#7131);
#5309=STYLED_ITEM('',(#5569),#7132);
#5310=STYLED_ITEM('',(#5570),#7133);
#5311=STYLED_ITEM('',(#5571),#7134);
#5312=STYLED_ITEM('',(#5572),#7135);
#5313=STYLED_ITEM('',(#5573),#7136);
#5314=STYLED_ITEM('',(#5574),#7137);
#5315=STYLED_ITEM('',(#5575),#7138);
#5316=STYLED_ITEM('',(#5576),#7139);
#5317=STYLED_ITEM('',(#5577),#7140);
#5318=STYLED_ITEM('',(#5578),#7141);
#5319=STYLED_ITEM('',(#5579),#7142);
#5320=STYLED_ITEM('',(#5580),#7143);
#5321=STYLED_ITEM('',(#5581),#7144);
#5322=STYLED_ITEM('',(#5582),#7145);
#5323=STYLED_ITEM('',(#5583),#7146);
#5324=STYLED_ITEM('',(#5584),#7147);
#5325=STYLED_ITEM('',(#5585),#7148);
#5326=STYLED_ITEM('',(#5586),#7149);
#5327=STYLED_ITEM('',(#5587),#7150);
#5328=STYLED_ITEM('',(#5588),#7151);
#5329=STYLED_ITEM('',(#5589),#7152);
#5330=STYLED_ITEM('',(#5590),#7153);
#5331=STYLED_ITEM('',(#5591),#7154);
#5332=STYLED_ITEM('',(#5592),#7155);
#5333=STYLED_ITEM('',(#5593),#7156);
#5334=STYLED_ITEM('',(#5594),#7157);
#5335=STYLED_ITEM('',(#5595),#7158);
#5336=STYLED_ITEM('',(#5596),#7159);
#5337=STYLED_ITEM('',(#5597),#7160);
#5338=STYLED_ITEM('',(#5598),#7161);
#5339=STYLED_ITEM('',(#5599),#7162);
#5340=STYLED_ITEM('',(#5600),#7163);
#5341=STYLED_ITEM('',(#5601),#7164);
#5342=STYLED_ITEM('',(#5602),#7165);
#5343=STYLED_ITEM('',(#5603),#7166);
#5344=STYLED_ITEM('',(#5604),#7167);
#5345=STYLED_ITEM('',(#5605),#7168);
#5346=STYLED_ITEM('',(#5606),#7169);
#5347=STYLED_ITEM('',(#5607),#7170);
#5348=STYLED_ITEM('',(#5608),#7171);
#5349=STYLED_ITEM('',(#5609),#7172);
#5350=STYLED_ITEM('',(#5610),#7173);
#5351=STYLED_ITEM('',(#5611),#7174);
#5352=STYLED_ITEM('',(#5612),#7175);
#5353=STYLED_ITEM('',(#5613),#7176);
#5354=STYLED_ITEM('',(#5614),#7177);
#5355=STYLED_ITEM('',(#5615),#7178);
#5356=STYLED_ITEM('',(#5616),#7179);
#5357=STYLED_ITEM('',(#5617),#7180);
#5358=STYLED_ITEM('',(#5618),#7181);
#5359=STYLED_ITEM('',(#5619),#7182);
#5360=STYLED_ITEM('',(#5620),#7183);
#5361=STYLED_ITEM('',(#5621),#7184);
#5362=STYLED_ITEM('',(#5622),#7185);
#5363=STYLED_ITEM('',(#5623),#7186);
#5364=STYLED_ITEM('',(#5624),#7187);
#5365=STYLED_ITEM('',(#5625),#7188);
#5366=STYLED_ITEM('',(#5626),#7189);
#5367=STYLED_ITEM('',(#5627),#7190);
#5368=STYLED_ITEM('',(#5628),#7191);
#5369=STYLED_ITEM('',(#5629),#7192);
#5370=STYLED_ITEM('',(#5630),#7193);
#5371=STYLED_ITEM('',(#5631),#7194);
#5372=PRESENTATION_STYLE_ASSIGNMENT((#5632));
#5373=PRESENTATION_STYLE_ASSIGNMENT((#5633));
#5374=PRESENTATION_STYLE_ASSIGNMENT((#5634));
#5375=PRESENTATION_STYLE_ASSIGNMENT((#5635));
#5376=PRESENTATION_STYLE_ASSIGNMENT((#5636));
#5377=PRESENTATION_STYLE_ASSIGNMENT((#5637));
#5378=PRESENTATION_STYLE_ASSIGNMENT((#5638));
#5379=PRESENTATION_STYLE_ASSIGNMENT((#5639));
#5380=PRESENTATION_STYLE_ASSIGNMENT((#5640));
#5381=PRESENTATION_STYLE_ASSIGNMENT((#5641));
#5382=PRESENTATION_STYLE_ASSIGNMENT((#5642));
#5383=PRESENTATION_STYLE_ASSIGNMENT((#5643));
#5384=PRESENTATION_STYLE_ASSIGNMENT((#5644));
#5385=PRESENTATION_STYLE_ASSIGNMENT((#5645));
#5386=PRESENTATION_STYLE_ASSIGNMENT((#5646));
#5387=PRESENTATION_STYLE_ASSIGNMENT((#5647));
#5388=PRESENTATION_STYLE_ASSIGNMENT((#5648));
#5389=PRESENTATION_STYLE_ASSIGNMENT((#5649));
#5390=PRESENTATION_STYLE_ASSIGNMENT((#5650));
#5391=PRESENTATION_STYLE_ASSIGNMENT((#5651));
#5392=PRESENTATION_STYLE_ASSIGNMENT((#5652));
#5393=PRESENTATION_STYLE_ASSIGNMENT((#5653));
#5394=PRESENTATION_STYLE_ASSIGNMENT((#5654));
#5395=PRESENTATION_STYLE_ASSIGNMENT((#5655));
#5396=PRESENTATION_STYLE_ASSIGNMENT((#5656));
#5397=PRESENTATION_STYLE_ASSIGNMENT((#5657));
#5398=PRESENTATION_STYLE_ASSIGNMENT((#5658));
#5399=PRESENTATION_STYLE_ASSIGNMENT((#5659));
#5400=PRESENTATION_STYLE_ASSIGNMENT((#5660));
#5401=PRESENTATION_STYLE_ASSIGNMENT((#5661));
#5402=PRESENTATION_STYLE_ASSIGNMENT((#5662));
#5403=PRESENTATION_STYLE_ASSIGNMENT((#5663));
#5404=PRESENTATION_STYLE_ASSIGNMENT((#5664));
#5405=PRESENTATION_STYLE_ASSIGNMENT((#5665));
#5406=PRESENTATION_STYLE_ASSIGNMENT((#5666));
#5407=PRESENTATION_STYLE_ASSIGNMENT((#5667));
#5408=PRESENTATION_STYLE_ASSIGNMENT((#5668));
#5409=PRESENTATION_STYLE_ASSIGNMENT((#5669));
#5410=PRESENTATION_STYLE_ASSIGNMENT((#5670));
#5411=PRESENTATION_STYLE_ASSIGNMENT((#5671));
#5412=PRESENTATION_STYLE_ASSIGNMENT((#5672));
#5413=PRESENTATION_STYLE_ASSIGNMENT((#5673));
#5414=PRESENTATION_STYLE_ASSIGNMENT((#5674));
#5415=PRESENTATION_STYLE_ASSIGNMENT((#5675));
#5416=PRESENTATION_STYLE_ASSIGNMENT((#5676));
#5417=PRESENTATION_STYLE_ASSIGNMENT((#5677));
#5418=PRESENTATION_STYLE_ASSIGNMENT((#5678));
#5419=PRESENTATION_STYLE_ASSIGNMENT((#5679));
#5420=PRESENTATION_STYLE_ASSIGNMENT((#5680));
#5421=PRESENTATION_STYLE_ASSIGNMENT((#5681));
#5422=PRESENTATION_STYLE_ASSIGNMENT((#5682));
#5423=PRESENTATION_STYLE_ASSIGNMENT((#5683));
#5424=PRESENTATION_STYLE_ASSIGNMENT((#5684));
#5425=PRESENTATION_STYLE_ASSIGNMENT((#5685));
#5426=PRESENTATION_STYLE_ASSIGNMENT((#5686));
#5427=PRESENTATION_STYLE_ASSIGNMENT((#5687));
#5428=PRESENTATION_STYLE_ASSIGNMENT((#5688));
#5429=PRESENTATION_STYLE_ASSIGNMENT((#5689));
#5430=PRESENTATION_STYLE_ASSIGNMENT((#5690));
#5431=PRESENTATION_STYLE_ASSIGNMENT((#5691));
#5432=PRESENTATION_STYLE_ASSIGNMENT((#5692));
#5433=PRESENTATION_STYLE_ASSIGNMENT((#5693));
#5434=PRESENTATION_STYLE_ASSIGNMENT((#5694));
#5435=PRESENTATION_STYLE_ASSIGNMENT((#5695));
#5436=PRESENTATION_STYLE_ASSIGNMENT((#5696));
#5437=PRESENTATION_STYLE_ASSIGNMENT((#5697));
#5438=PRESENTATION_STYLE_ASSIGNMENT((#5698));
#5439=PRESENTATION_STYLE_ASSIGNMENT((#5699));
#5440=PRESENTATION_STYLE_ASSIGNMENT((#5700));
#5441=PRESENTATION_STYLE_ASSIGNMENT((#5701));
#5442=PRESENTATION_STYLE_ASSIGNMENT((#5702));
#5443=PRESENTATION_STYLE_ASSIGNMENT((#5703));
#5444=PRESENTATION_STYLE_ASSIGNMENT((#5704));
#5445=PRESENTATION_STYLE_ASSIGNMENT((#5705));
#5446=PRESENTATION_STYLE_ASSIGNMENT((#5706));
#5447=PRESENTATION_STYLE_ASSIGNMENT((#5707));
#5448=PRESENTATION_STYLE_ASSIGNMENT((#5708));
#5449=PRESENTATION_STYLE_ASSIGNMENT((#5709));
#5450=PRESENTATION_STYLE_ASSIGNMENT((#5710));
#5451=PRESENTATION_STYLE_ASSIGNMENT((#5711));
#5452=PRESENTATION_STYLE_ASSIGNMENT((#5712));
#5453=PRESENTATION_STYLE_ASSIGNMENT((#5713));
#5454=PRESENTATION_STYLE_ASSIGNMENT((#5714));
#5455=PRESENTATION_STYLE_ASSIGNMENT((#5715));
#5456=PRESENTATION_STYLE_ASSIGNMENT((#5716));
#5457=PRESENTATION_STYLE_ASSIGNMENT((#5717));
#5458=PRESENTATION_STYLE_ASSIGNMENT((#5718));
#5459=PRESENTATION_STYLE_ASSIGNMENT((#5719));
#5460=PRESENTATION_STYLE_ASSIGNMENT((#5720));
#5461=PRESENTATION_STYLE_ASSIGNMENT((#5721));
#5462=PRESENTATION_STYLE_ASSIGNMENT((#5722));
#5463=PRESENTATION_STYLE_ASSIGNMENT((#5723));
#5464=PRESENTATION_STYLE_ASSIGNMENT((#5724));
#5465=PRESENTATION_STYLE_ASSIGNMENT((#5725));
#5466=PRESENTATION_STYLE_ASSIGNMENT((#5726));
#5467=PRESENTATION_STYLE_ASSIGNMENT((#5727));
#5468=PRESENTATION_STYLE_ASSIGNMENT((#5728));
#5469=PRESENTATION_STYLE_ASSIGNMENT((#5729));
#5470=PRESENTATION_STYLE_ASSIGNMENT((#5730));
#5471=PRESENTATION_STYLE_ASSIGNMENT((#5731));
#5472=PRESENTATION_STYLE_ASSIGNMENT((#5732));
#5473=PRESENTATION_STYLE_ASSIGNMENT((#5733));
#5474=PRESENTATION_STYLE_ASSIGNMENT((#5734));
#5475=PRESENTATION_STYLE_ASSIGNMENT((#5735));
#5476=PRESENTATION_STYLE_ASSIGNMENT((#5736));
#5477=PRESENTATION_STYLE_ASSIGNMENT((#5737));
#5478=PRESENTATION_STYLE_ASSIGNMENT((#5738));
#5479=PRESENTATION_STYLE_ASSIGNMENT((#5739));
#5480=PRESENTATION_STYLE_ASSIGNMENT((#5740));
#5481=PRESENTATION_STYLE_ASSIGNMENT((#5741));
#5482=PRESENTATION_STYLE_ASSIGNMENT((#5742));
#5483=PRESENTATION_STYLE_ASSIGNMENT((#5743));
#5484=PRESENTATION_STYLE_ASSIGNMENT((#5744));
#5485=PRESENTATION_STYLE_ASSIGNMENT((#5745));
#5486=PRESENTATION_STYLE_ASSIGNMENT((#5746));
#5487=PRESENTATION_STYLE_ASSIGNMENT((#5747));
#5488=PRESENTATION_STYLE_ASSIGNMENT((#5748));
#5489=PRESENTATION_STYLE_ASSIGNMENT((#5749));
#5490=PRESENTATION_STYLE_ASSIGNMENT((#5750));
#5491=PRESENTATION_STYLE_ASSIGNMENT((#5751));
#5492=PRESENTATION_STYLE_ASSIGNMENT((#5752));
#5493=PRESENTATION_STYLE_ASSIGNMENT((#5753));
#5494=PRESENTATION_STYLE_ASSIGNMENT((#5754));
#5495=PRESENTATION_STYLE_ASSIGNMENT((#5755));
#5496=PRESENTATION_STYLE_ASSIGNMENT((#5756));
#5497=PRESENTATION_STYLE_ASSIGNMENT((#5757));
#5498=PRESENTATION_STYLE_ASSIGNMENT((#5758));
#5499=PRESENTATION_STYLE_ASSIGNMENT((#5759));
#5500=PRESENTATION_STYLE_ASSIGNMENT((#5760));
#5501=PRESENTATION_STYLE_ASSIGNMENT((#5761));
#5502=PRESENTATION_STYLE_ASSIGNMENT((#5762));
#5503=PRESENTATION_STYLE_ASSIGNMENT((#5763));
#5504=PRESENTATION_STYLE_ASSIGNMENT((#5764));
#5505=PRESENTATION_STYLE_ASSIGNMENT((#5765));
#5506=PRESENTATION_STYLE_ASSIGNMENT((#5766));
#5507=PRESENTATION_STYLE_ASSIGNMENT((#5767));
#5508=PRESENTATION_STYLE_ASSIGNMENT((#5768));
#5509=PRESENTATION_STYLE_ASSIGNMENT((#5769));
#5510=PRESENTATION_STYLE_ASSIGNMENT((#5770));
#5511=PRESENTATION_STYLE_ASSIGNMENT((#5771));
#5512=PRESENTATION_STYLE_ASSIGNMENT((#5772));
#5513=PRESENTATION_STYLE_ASSIGNMENT((#5773));
#5514=PRESENTATION_STYLE_ASSIGNMENT((#5774));
#5515=PRESENTATION_STYLE_ASSIGNMENT((#5775));
#5516=PRESENTATION_STYLE_ASSIGNMENT((#5776));
#5517=PRESENTATION_STYLE_ASSIGNMENT((#5777));
#5518=PRESENTATION_STYLE_ASSIGNMENT((#5778));
#5519=PRESENTATION_STYLE_ASSIGNMENT((#5779));
#5520=PRESENTATION_STYLE_ASSIGNMENT((#5780));
#5521=PRESENTATION_STYLE_ASSIGNMENT((#5781));
#5522=PRESENTATION_STYLE_ASSIGNMENT((#5782));
#5523=PRESENTATION_STYLE_ASSIGNMENT((#5783));
#5524=PRESENTATION_STYLE_ASSIGNMENT((#5784));
#5525=PRESENTATION_STYLE_ASSIGNMENT((#5785));
#5526=PRESENTATION_STYLE_ASSIGNMENT((#5786));
#5527=PRESENTATION_STYLE_ASSIGNMENT((#5787));
#5528=PRESENTATION_STYLE_ASSIGNMENT((#5788));
#5529=PRESENTATION_STYLE_ASSIGNMENT((#5789));
#5530=PRESENTATION_STYLE_ASSIGNMENT((#5790));
#5531=PRESENTATION_STYLE_ASSIGNMENT((#5791));
#5532=PRESENTATION_STYLE_ASSIGNMENT((#5792));
#5533=PRESENTATION_STYLE_ASSIGNMENT((#5793));
#5534=PRESENTATION_STYLE_ASSIGNMENT((#5794));
#5535=PRESENTATION_STYLE_ASSIGNMENT((#5795));
#5536=PRESENTATION_STYLE_ASSIGNMENT((#5796));
#5537=PRESENTATION_STYLE_ASSIGNMENT((#5797));
#5538=PRESENTATION_STYLE_ASSIGNMENT((#5798));
#5539=PRESENTATION_STYLE_ASSIGNMENT((#5799));
#5540=PRESENTATION_STYLE_ASSIGNMENT((#5800));
#5541=PRESENTATION_STYLE_ASSIGNMENT((#5801));
#5542=PRESENTATION_STYLE_ASSIGNMENT((#5802));
#5543=PRESENTATION_STYLE_ASSIGNMENT((#5803));
#5544=PRESENTATION_STYLE_ASSIGNMENT((#5804));
#5545=PRESENTATION_STYLE_ASSIGNMENT((#5805));
#5546=PRESENTATION_STYLE_ASSIGNMENT((#5806));
#5547=PRESENTATION_STYLE_ASSIGNMENT((#5807));
#5548=PRESENTATION_STYLE_ASSIGNMENT((#5808));
#5549=PRESENTATION_STYLE_ASSIGNMENT((#5809));
#5550=PRESENTATION_STYLE_ASSIGNMENT((#5810));
#5551=PRESENTATION_STYLE_ASSIGNMENT((#5811));
#5552=PRESENTATION_STYLE_ASSIGNMENT((#5812));
#5553=PRESENTATION_STYLE_ASSIGNMENT((#5813));
#5554=PRESENTATION_STYLE_ASSIGNMENT((#5814));
#5555=PRESENTATION_STYLE_ASSIGNMENT((#5815));
#5556=PRESENTATION_STYLE_ASSIGNMENT((#5816));
#5557=PRESENTATION_STYLE_ASSIGNMENT((#5817));
#5558=PRESENTATION_STYLE_ASSIGNMENT((#5818));
#5559=PRESENTATION_STYLE_ASSIGNMENT((#5819));
#5560=PRESENTATION_STYLE_ASSIGNMENT((#5820));
#5561=PRESENTATION_STYLE_ASSIGNMENT((#5821));
#5562=PRESENTATION_STYLE_ASSIGNMENT((#5822));
#5563=PRESENTATION_STYLE_ASSIGNMENT((#5823));
#5564=PRESENTATION_STYLE_ASSIGNMENT((#5824));
#5565=PRESENTATION_STYLE_ASSIGNMENT((#5825));
#5566=PRESENTATION_STYLE_ASSIGNMENT((#5826));
#5567=PRESENTATION_STYLE_ASSIGNMENT((#5827));
#5568=PRESENTATION_STYLE_ASSIGNMENT((#5828));
#5569=PRESENTATION_STYLE_ASSIGNMENT((#5829));
#5570=PRESENTATION_STYLE_ASSIGNMENT((#5830));
#5571=PRESENTATION_STYLE_ASSIGNMENT((#5831));
#5572=PRESENTATION_STYLE_ASSIGNMENT((#5832));
#5573=PRESENTATION_STYLE_ASSIGNMENT((#5833));
#5574=PRESENTATION_STYLE_ASSIGNMENT((#5834));
#5575=PRESENTATION_STYLE_ASSIGNMENT((#5835));
#5576=PRESENTATION_STYLE_ASSIGNMENT((#5836));
#5577=PRESENTATION_STYLE_ASSIGNMENT((#5837));
#5578=PRESENTATION_STYLE_ASSIGNMENT((#5838));
#5579=PRESENTATION_STYLE_ASSIGNMENT((#5839));
#5580=PRESENTATION_STYLE_ASSIGNMENT((#5840));
#5581=PRESENTATION_STYLE_ASSIGNMENT((#5841));
#5582=PRESENTATION_STYLE_ASSIGNMENT((#5842));
#5583=PRESENTATION_STYLE_ASSIGNMENT((#5843));
#5584=PRESENTATION_STYLE_ASSIGNMENT((#5844));
#5585=PRESENTATION_STYLE_ASSIGNMENT((#5845));
#5586=PRESENTATION_STYLE_ASSIGNMENT((#5846));
#5587=PRESENTATION_STYLE_ASSIGNMENT((#5847));
#5588=PRESENTATION_STYLE_ASSIGNMENT((#5848));
#5589=PRESENTATION_STYLE_ASSIGNMENT((#5849));
#5590=PRESENTATION_STYLE_ASSIGNMENT((#5850));
#5591=PRESENTATION_STYLE_ASSIGNMENT((#5851));
#5592=PRESENTATION_STYLE_ASSIGNMENT((#5852));
#5593=PRESENTATION_STYLE_ASSIGNMENT((#5853));
#5594=PRESENTATION_STYLE_ASSIGNMENT((#5854));
#5595=PRESENTATION_STYLE_ASSIGNMENT((#5855));
#5596=PRESENTATION_STYLE_ASSIGNMENT((#5856));
#5597=PRESENTATION_STYLE_ASSIGNMENT((#5857));
#5598=PRESENTATION_STYLE_ASSIGNMENT((#5858));
#5599=PRESENTATION_STYLE_ASSIGNMENT((#5859));
#5600=PRESENTATION_STYLE_ASSIGNMENT((#5860));
#5601=PRESENTATION_STYLE_ASSIGNMENT((#5861));
#5602=PRESENTATION_STYLE_ASSIGNMENT((#5862));
#5603=PRESENTATION_STYLE_ASSIGNMENT((#5863));
#5604=PRESENTATION_STYLE_ASSIGNMENT((#5864));
#5605=PRESENTATION_STYLE_ASSIGNMENT((#5865));
#5606=PRESENTATION_STYLE_ASSIGNMENT((#5866));
#5607=PRESENTATION_STYLE_ASSIGNMENT((#5867));
#5608=PRESENTATION_STYLE_ASSIGNMENT((#5868));
#5609=PRESENTATION_STYLE_ASSIGNMENT((#5869));
#5610=PRESENTATION_STYLE_ASSIGNMENT((#5870));
#5611=PRESENTATION_STYLE_ASSIGNMENT((#5871));
#5612=PRESENTATION_STYLE_ASSIGNMENT((#5872));
#5613=PRESENTATION_STYLE_ASSIGNMENT((#5873));
#5614=PRESENTATION_STYLE_ASSIGNMENT((#5874));
#5615=PRESENTATION_STYLE_ASSIGNMENT((#5875));
#5616=PRESENTATION_STYLE_ASSIGNMENT((#5876));
#5617=PRESENTATION_STYLE_ASSIGNMENT((#5877));
#5618=PRESENTATION_STYLE_ASSIGNMENT((#5878));
#5619=PRESENTATION_STYLE_ASSIGNMENT((#5879));
#5620=PRESENTATION_STYLE_ASSIGNMENT((#5880));
#5621=PRESENTATION_STYLE_ASSIGNMENT((#5881));
#5622=PRESENTATION_STYLE_ASSIGNMENT((#5882));
#5623=PRESENTATION_STYLE_ASSIGNMENT((#5883));
#5624=PRESENTATION_STYLE_ASSIGNMENT((#5884));
#5625=PRESENTATION_STYLE_ASSIGNMENT((#5885));
#5626=PRESENTATION_STYLE_ASSIGNMENT((#5886));
#5627=PRESENTATION_STYLE_ASSIGNMENT((#5887));
#5628=PRESENTATION_STYLE_ASSIGNMENT((#5888));
#5629=PRESENTATION_STYLE_ASSIGNMENT((#5889));
#5630=PRESENTATION_STYLE_ASSIGNMENT((#5890));
#5631=PRESENTATION_STYLE_ASSIGNMENT((#5891));
#5632=SURFACE_STYLE_USAGE(.BOTH.,#5892);
#5633=SURFACE_STYLE_USAGE(.BOTH.,#5893);
#5634=SURFACE_STYLE_USAGE(.BOTH.,#5894);
#5635=SURFACE_STYLE_USAGE(.BOTH.,#5895);
#5636=SURFACE_STYLE_USAGE(.BOTH.,#5896);
#5637=SURFACE_STYLE_USAGE(.BOTH.,#5897);
#5638=SURFACE_STYLE_USAGE(.BOTH.,#5898);
#5639=SURFACE_STYLE_USAGE(.BOTH.,#5899);
#5640=SURFACE_STYLE_USAGE(.BOTH.,#5900);
#5641=SURFACE_STYLE_USAGE(.BOTH.,#5901);
#5642=SURFACE_STYLE_USAGE(.BOTH.,#5902);
#5643=SURFACE_STYLE_USAGE(.BOTH.,#5903);
#5644=SURFACE_STYLE_USAGE(.BOTH.,#5904);
#5645=SURFACE_STYLE_USAGE(.BOTH.,#5905);
#5646=SURFACE_STYLE_USAGE(.BOTH.,#5906);
#5647=SURFACE_STYLE_USAGE(.BOTH.,#5907);
#5648=SURFACE_STYLE_USAGE(.BOTH.,#5908);
#5649=SURFACE_STYLE_USAGE(.BOTH.,#5909);
#5650=SURFACE_STYLE_USAGE(.BOTH.,#5910);
#5651=SURFACE_STYLE_USAGE(.BOTH.,#5911);
#5652=SURFACE_STYLE_USAGE(.BOTH.,#5912);
#5653=SURFACE_STYLE_USAGE(.BOTH.,#5913);
#5654=SURFACE_STYLE_USAGE(.BOTH.,#5914);
#5655=SURFACE_STYLE_USAGE(.BOTH.,#5915);
#5656=SURFACE_STYLE_USAGE(.BOTH.,#5916);
#5657=SURFACE_STYLE_USAGE(.BOTH.,#5917);
#5658=SURFACE_STYLE_USAGE(.BOTH.,#5918);
#5659=SURFACE_STYLE_USAGE(.BOTH.,#5919);
#5660=SURFACE_STYLE_USAGE(.BOTH.,#5920);
#5661=SURFACE_STYLE_USAGE(.BOTH.,#5921);
#5662=SURFACE_STYLE_USAGE(.BOTH.,#5922);
#5663=SURFACE_STYLE_USAGE(.BOTH.,#5923);
#5664=SURFACE_STYLE_USAGE(.BOTH.,#5924);
#5665=SURFACE_STYLE_USAGE(.BOTH.,#5925);
#5666=SURFACE_STYLE_USAGE(.BOTH.,#5926);
#5667=SURFACE_STYLE_USAGE(.BOTH.,#5927);
#5668=SURFACE_STYLE_USAGE(.BOTH.,#5928);
#5669=SURFACE_STYLE_USAGE(.BOTH.,#5929);
#5670=SURFACE_STYLE_USAGE(.BOTH.,#5930);
#5671=SURFACE_STYLE_USAGE(.BOTH.,#5931);
#5672=SURFACE_STYLE_USAGE(.BOTH.,#5932);
#5673=SURFACE_STYLE_USAGE(.BOTH.,#5933);
#5674=SURFACE_STYLE_USAGE(.BOTH.,#5934);
#5675=SURFACE_STYLE_USAGE(.BOTH.,#5935);
#5676=SURFACE_STYLE_USAGE(.BOTH.,#5936);
#5677=SURFACE_STYLE_USAGE(.BOTH.,#5937);
#5678=SURFACE_STYLE_USAGE(.BOTH.,#5938);
#5679=SURFACE_STYLE_USAGE(.BOTH.,#5939);
#5680=SURFACE_STYLE_USAGE(.BOTH.,#5940);
#5681=SURFACE_STYLE_USAGE(.BOTH.,#5941);
#5682=SURFACE_STYLE_USAGE(.BOTH.,#5942);
#5683=SURFACE_STYLE_USAGE(.BOTH.,#5943);
#5684=SURFACE_STYLE_USAGE(.BOTH.,#5944);
#5685=SURFACE_STYLE_USAGE(.BOTH.,#5945);
#5686=SURFACE_STYLE_USAGE(.BOTH.,#5946);
#5687=SURFACE_STYLE_USAGE(.BOTH.,#5947);
#5688=SURFACE_STYLE_USAGE(.BOTH.,#5948);
#5689=SURFACE_STYLE_USAGE(.BOTH.,#5949);
#5690=SURFACE_STYLE_USAGE(.BOTH.,#5950);
#5691=SURFACE_STYLE_USAGE(.BOTH.,#5951);
#5692=SURFACE_STYLE_USAGE(.BOTH.,#5952);
#5693=SURFACE_STYLE_USAGE(.BOTH.,#5953);
#5694=SURFACE_STYLE_USAGE(.BOTH.,#5954);
#5695=SURFACE_STYLE_USAGE(.BOTH.,#5955);
#5696=SURFACE_STYLE_USAGE(.BOTH.,#5956);
#5697=SURFACE_STYLE_USAGE(.BOTH.,#5957);
#5698=SURFACE_STYLE_USAGE(.BOTH.,#5958);
#5699=SURFACE_STYLE_USAGE(.BOTH.,#5959);
#5700=SURFACE_STYLE_USAGE(.BOTH.,#5960);
#5701=SURFACE_STYLE_USAGE(.BOTH.,#5961);
#5702=SURFACE_STYLE_USAGE(.BOTH.,#5962);
#5703=SURFACE_STYLE_USAGE(.BOTH.,#5963);
#5704=SURFACE_STYLE_USAGE(.BOTH.,#5964);
#5705=SURFACE_STYLE_USAGE(.BOTH.,#5965);
#5706=SURFACE_STYLE_USAGE(.BOTH.,#5966);
#5707=SURFACE_STYLE_USAGE(.BOTH.,#5967);
#5708=SURFACE_STYLE_USAGE(.BOTH.,#5968);
#5709=SURFACE_STYLE_USAGE(.BOTH.,#5969);
#5710=SURFACE_STYLE_USAGE(.BOTH.,#5970);
#5711=SURFACE_STYLE_USAGE(.BOTH.,#5971);
#5712=SURFACE_STYLE_USAGE(.BOTH.,#5972);
#5713=SURFACE_STYLE_USAGE(.BOTH.,#5973);
#5714=SURFACE_STYLE_USAGE(.BOTH.,#5974);
#5715=SURFACE_STYLE_USAGE(.BOTH.,#5975);
#5716=SURFACE_STYLE_USAGE(.BOTH.,#5976);
#5717=SURFACE_STYLE_USAGE(.BOTH.,#5977);
#5718=SURFACE_STYLE_USAGE(.BOTH.,#5978);
#5719=SURFACE_STYLE_USAGE(.BOTH.,#5979);
#5720=SURFACE_STYLE_USAGE(.BOTH.,#5980);
#5721=SURFACE_STYLE_USAGE(.BOTH.,#5981);
#5722=SURFACE_STYLE_USAGE(.BOTH.,#5982);
#5723=SURFACE_STYLE_USAGE(.BOTH.,#5983);
#5724=SURFACE_STYLE_USAGE(.BOTH.,#5984);
#5725=SURFACE_STYLE_USAGE(.BOTH.,#5985);
#5726=SURFACE_STYLE_USAGE(.BOTH.,#5986);
#5727=SURFACE_STYLE_USAGE(.BOTH.,#5987);
#5728=SURFACE_STYLE_USAGE(.BOTH.,#5988);
#5729=SURFACE_STYLE_USAGE(.BOTH.,#5989);
#5730=SURFACE_STYLE_USAGE(.BOTH.,#5990);
#5731=SURFACE_STYLE_USAGE(.BOTH.,#5991);
#5732=SURFACE_STYLE_USAGE(.BOTH.,#5992);
#5733=SURFACE_STYLE_USAGE(.BOTH.,#5993);
#5734=SURFACE_STYLE_USAGE(.BOTH.,#5994);
#5735=SURFACE_STYLE_USAGE(.BOTH.,#5995);
#5736=SURFACE_STYLE_USAGE(.BOTH.,#5996);
#5737=SURFACE_STYLE_USAGE(.BOTH.,#5997);
#5738=SURFACE_STYLE_USAGE(.BOTH.,#5998);
#5739=SURFACE_STYLE_USAGE(.BOTH.,#5999);
#5740=SURFACE_STYLE_USAGE(.BOTH.,#6000);
#5741=SURFACE_STYLE_USAGE(.BOTH.,#6001);
#5742=SURFACE_STYLE_USAGE(.BOTH.,#6002);
#5743=SURFACE_STYLE_USAGE(.BOTH.,#6003);
#5744=SURFACE_STYLE_USAGE(.BOTH.,#6004);
#5745=SURFACE_STYLE_USAGE(.BOTH.,#6005);
#5746=SURFACE_STYLE_USAGE(.BOTH.,#6006);
#5747=SURFACE_STYLE_USAGE(.BOTH.,#6007);
#5748=SURFACE_STYLE_USAGE(.BOTH.,#6008);
#5749=SURFACE_STYLE_USAGE(.BOTH.,#6009);
#5750=SURFACE_STYLE_USAGE(.BOTH.,#6010);
#5751=SURFACE_STYLE_USAGE(.BOTH.,#6011);
#5752=SURFACE_STYLE_USAGE(.BOTH.,#6012);
#5753=SURFACE_STYLE_USAGE(.BOTH.,#6013);
#5754=SURFACE_STYLE_USAGE(.BOTH.,#6014);
#5755=SURFACE_STYLE_USAGE(.BOTH.,#6015);
#5756=SURFACE_STYLE_USAGE(.BOTH.,#6016);
#5757=SURFACE_STYLE_USAGE(.BOTH.,#6017);
#5758=SURFACE_STYLE_USAGE(.BOTH.,#6018);
#5759=SURFACE_STYLE_USAGE(.BOTH.,#6019);
#5760=SURFACE_STYLE_USAGE(.BOTH.,#6020);
#5761=SURFACE_STYLE_USAGE(.BOTH.,#6021);
#5762=SURFACE_STYLE_USAGE(.BOTH.,#6022);
#5763=SURFACE_STYLE_USAGE(.BOTH.,#6023);
#5764=SURFACE_STYLE_USAGE(.BOTH.,#6024);
#5765=SURFACE_STYLE_USAGE(.BOTH.,#6025);
#5766=SURFACE_STYLE_USAGE(.BOTH.,#6026);
#5767=SURFACE_STYLE_USAGE(.BOTH.,#6027);
#5768=SURFACE_STYLE_USAGE(.BOTH.,#6028);
#5769=SURFACE_STYLE_USAGE(.BOTH.,#6029);
#5770=SURFACE_STYLE_USAGE(.BOTH.,#6030);
#5771=SURFACE_STYLE_USAGE(.BOTH.,#6031);
#5772=SURFACE_STYLE_USAGE(.BOTH.,#6032);
#5773=SURFACE_STYLE_USAGE(.BOTH.,#6033);
#5774=SURFACE_STYLE_USAGE(.BOTH.,#6034);
#5775=SURFACE_STYLE_USAGE(.BOTH.,#6035);
#5776=SURFACE_STYLE_USAGE(.BOTH.,#6036);
#5777=SURFACE_STYLE_USAGE(.BOTH.,#6037);
#5778=SURFACE_STYLE_USAGE(.BOTH.,#6038);
#5779=SURFACE_STYLE_USAGE(.BOTH.,#6039);
#5780=SURFACE_STYLE_USAGE(.BOTH.,#6040);
#5781=SURFACE_STYLE_USAGE(.BOTH.,#6041);
#5782=SURFACE_STYLE_USAGE(.BOTH.,#6042);
#5783=SURFACE_STYLE_USAGE(.BOTH.,#6043);
#5784=SURFACE_STYLE_USAGE(.BOTH.,#6044);
#5785=SURFACE_STYLE_USAGE(.BOTH.,#6045);
#5786=SURFACE_STYLE_USAGE(.BOTH.,#6046);
#5787=SURFACE_STYLE_USAGE(.BOTH.,#6047);
#5788=SURFACE_STYLE_USAGE(.BOTH.,#6048);
#5789=SURFACE_STYLE_USAGE(.BOTH.,#6049);
#5790=SURFACE_STYLE_USAGE(.BOTH.,#6050);
#5791=SURFACE_STYLE_USAGE(.BOTH.,#6051);
#5792=SURFACE_STYLE_USAGE(.BOTH.,#6052);
#5793=SURFACE_STYLE_USAGE(.BOTH.,#6053);
#5794=SURFACE_STYLE_USAGE(.BOTH.,#6054);
#5795=SURFACE_STYLE_USAGE(.BOTH.,#6055);
#5796=SURFACE_STYLE_USAGE(.BOTH.,#6056);
#5797=SURFACE_STYLE_USAGE(.BOTH.,#6057);
#5798=SURFACE_STYLE_USAGE(.BOTH.,#6058);
#5799=SURFACE_STYLE_USAGE(.BOTH.,#6059);
#5800=SURFACE_STYLE_USAGE(.BOTH.,#6060);
#5801=SURFACE_STYLE_USAGE(.BOTH.,#6061);
#5802=SURFACE_STYLE_USAGE(.BOTH.,#6062);
#5803=SURFACE_STYLE_USAGE(.BOTH.,#6063);
#5804=SURFACE_STYLE_USAGE(.BOTH.,#6064);
#5805=SURFACE_STYLE_USAGE(.BOTH.,#6065);
#5806=SURFACE_STYLE_USAGE(.BOTH.,#6066);
#5807=SURFACE_STYLE_USAGE(.BOTH.,#6067);
#5808=SURFACE_STYLE_USAGE(.BOTH.,#6068);
#5809=SURFACE_STYLE_USAGE(.BOTH.,#6069);
#5810=SURFACE_STYLE_USAGE(.BOTH.,#6070);
#5811=SURFACE_STYLE_USAGE(.BOTH.,#6071);
#5812=SURFACE_STYLE_USAGE(.BOTH.,#6072);
#5813=SURFACE_STYLE_USAGE(.BOTH.,#6073);
#5814=SURFACE_STYLE_USAGE(.BOTH.,#6074);
#5815=SURFACE_STYLE_USAGE(.BOTH.,#6075);
#5816=SURFACE_STYLE_USAGE(.BOTH.,#6076);
#5817=SURFACE_STYLE_USAGE(.BOTH.,#6077);
#5818=SURFACE_STYLE_USAGE(.BOTH.,#6078);
#5819=SURFACE_STYLE_USAGE(.BOTH.,#6079);
#5820=SURFACE_STYLE_USAGE(.BOTH.,#6080);
#5821=SURFACE_STYLE_USAGE(.BOTH.,#6081);
#5822=SURFACE_STYLE_USAGE(.BOTH.,#6082);
#5823=SURFACE_STYLE_USAGE(.BOTH.,#6083);
#5824=SURFACE_STYLE_USAGE(.BOTH.,#6084);
#5825=SURFACE_STYLE_USAGE(.BOTH.,#6085);
#5826=SURFACE_STYLE_USAGE(.BOTH.,#6086);
#5827=SURFACE_STYLE_USAGE(.BOTH.,#6087);
#5828=SURFACE_STYLE_USAGE(.BOTH.,#6088);
#5829=SURFACE_STYLE_USAGE(.BOTH.,#6089);
#5830=SURFACE_STYLE_USAGE(.BOTH.,#6090);
#5831=SURFACE_STYLE_USAGE(.BOTH.,#6091);
#5832=SURFACE_STYLE_USAGE(.BOTH.,#6092);
#5833=SURFACE_STYLE_USAGE(.BOTH.,#6093);
#5834=SURFACE_STYLE_USAGE(.BOTH.,#6094);
#5835=SURFACE_STYLE_USAGE(.BOTH.,#6095);
#5836=SURFACE_STYLE_USAGE(.BOTH.,#6096);
#5837=SURFACE_STYLE_USAGE(.BOTH.,#6097);
#5838=SURFACE_STYLE_USAGE(.BOTH.,#6098);
#5839=SURFACE_STYLE_USAGE(.BOTH.,#6099);
#5840=SURFACE_STYLE_USAGE(.BOTH.,#6100);
#5841=SURFACE_STYLE_USAGE(.BOTH.,#6101);
#5842=SURFACE_STYLE_USAGE(.BOTH.,#6102);
#5843=SURFACE_STYLE_USAGE(.BOTH.,#6103);
#5844=SURFACE_STYLE_USAGE(.BOTH.,#6104);
#5845=SURFACE_STYLE_USAGE(.BOTH.,#6105);
#5846=SURFACE_STYLE_USAGE(.BOTH.,#6106);
#5847=SURFACE_STYLE_USAGE(.BOTH.,#6107);
#5848=SURFACE_STYLE_USAGE(.BOTH.,#6108);
#5849=SURFACE_STYLE_USAGE(.BOTH.,#6109);
#5850=SURFACE_STYLE_USAGE(.BOTH.,#6110);
#5851=SURFACE_STYLE_USAGE(.BOTH.,#6111);
#5852=SURFACE_STYLE_USAGE(.BOTH.,#6112);
#5853=SURFACE_STYLE_USAGE(.BOTH.,#6113);
#5854=SURFACE_STYLE_USAGE(.BOTH.,#6114);
#5855=SURFACE_STYLE_USAGE(.BOTH.,#6115);
#5856=SURFACE_STYLE_USAGE(.BOTH.,#6116);
#5857=SURFACE_STYLE_USAGE(.BOTH.,#6117);
#5858=SURFACE_STYLE_USAGE(.BOTH.,#6118);
#5859=SURFACE_STYLE_USAGE(.BOTH.,#6119);
#5860=SURFACE_STYLE_USAGE(.BOTH.,#6120);
#5861=SURFACE_STYLE_USAGE(.BOTH.,#6121);
#5862=SURFACE_STYLE_USAGE(.BOTH.,#6122);
#5863=SURFACE_STYLE_USAGE(.BOTH.,#6123);
#5864=SURFACE_STYLE_USAGE(.BOTH.,#6124);
#5865=SURFACE_STYLE_USAGE(.BOTH.,#6125);
#5866=SURFACE_STYLE_USAGE(.BOTH.,#6126);
#5867=SURFACE_STYLE_USAGE(.BOTH.,#6127);
#5868=SURFACE_STYLE_USAGE(.BOTH.,#6128);
#5869=SURFACE_STYLE_USAGE(.BOTH.,#6129);
#5870=SURFACE_STYLE_USAGE(.BOTH.,#6130);
#5871=SURFACE_STYLE_USAGE(.BOTH.,#6131);
#5872=SURFACE_STYLE_USAGE(.BOTH.,#6132);
#5873=SURFACE_STYLE_USAGE(.BOTH.,#6133);
#5874=SURFACE_STYLE_USAGE(.BOTH.,#6134);
#5875=SURFACE_STYLE_USAGE(.BOTH.,#6135);
#5876=SURFACE_STYLE_USAGE(.BOTH.,#6136);
#5877=SURFACE_STYLE_USAGE(.BOTH.,#6137);
#5878=SURFACE_STYLE_USAGE(.BOTH.,#6138);
#5879=SURFACE_STYLE_USAGE(.BOTH.,#6139);
#5880=SURFACE_STYLE_USAGE(.BOTH.,#6140);
#5881=SURFACE_STYLE_USAGE(.BOTH.,#6141);
#5882=SURFACE_STYLE_USAGE(.BOTH.,#6142);
#5883=SURFACE_STYLE_USAGE(.BOTH.,#6143);
#5884=SURFACE_STYLE_USAGE(.BOTH.,#6144);
#5885=SURFACE_STYLE_USAGE(.BOTH.,#6145);
#5886=SURFACE_STYLE_USAGE(.BOTH.,#6146);
#5887=SURFACE_STYLE_USAGE(.BOTH.,#6147);
#5888=SURFACE_STYLE_USAGE(.BOTH.,#6148);
#5889=SURFACE_STYLE_USAGE(.BOTH.,#6149);
#5890=SURFACE_STYLE_USAGE(.BOTH.,#6150);
#5891=SURFACE_STYLE_USAGE(.BOTH.,#6151);
#5892=SURFACE_SIDE_STYLE('',(#6152));
#5893=SURFACE_SIDE_STYLE('',(#6153));
#5894=SURFACE_SIDE_STYLE('',(#6154));
#5895=SURFACE_SIDE_STYLE('',(#6155));
#5896=SURFACE_SIDE_STYLE('',(#6156));
#5897=SURFACE_SIDE_STYLE('',(#6157));
#5898=SURFACE_SIDE_STYLE('',(#6158));
#5899=SURFACE_SIDE_STYLE('',(#6159));
#5900=SURFACE_SIDE_STYLE('',(#6160));
#5901=SURFACE_SIDE_STYLE('',(#6161));
#5902=SURFACE_SIDE_STYLE('',(#6162));
#5903=SURFACE_SIDE_STYLE('',(#6163));
#5904=SURFACE_SIDE_STYLE('',(#6164));
#5905=SURFACE_SIDE_STYLE('',(#6165));
#5906=SURFACE_SIDE_STYLE('',(#6166));
#5907=SURFACE_SIDE_STYLE('',(#6167));
#5908=SURFACE_SIDE_STYLE('',(#6168));
#5909=SURFACE_SIDE_STYLE('',(#6169));
#5910=SURFACE_SIDE_STYLE('',(#6170));
#5911=SURFACE_SIDE_STYLE('',(#6171));
#5912=SURFACE_SIDE_STYLE('',(#6172));
#5913=SURFACE_SIDE_STYLE('',(#6173));
#5914=SURFACE_SIDE_STYLE('',(#6174));
#5915=SURFACE_SIDE_STYLE('',(#6175));
#5916=SURFACE_SIDE_STYLE('',(#6176));
#5917=SURFACE_SIDE_STYLE('',(#6177));
#5918=SURFACE_SIDE_STYLE('',(#6178));
#5919=SURFACE_SIDE_STYLE('',(#6179));
#5920=SURFACE_SIDE_STYLE('',(#6180));
#5921=SURFACE_SIDE_STYLE('',(#6181));
#5922=SURFACE_SIDE_STYLE('',(#6182));
#5923=SURFACE_SIDE_STYLE('',(#6183));
#5924=SURFACE_SIDE_STYLE('',(#6184));
#5925=SURFACE_SIDE_STYLE('',(#6185));
#5926=SURFACE_SIDE_STYLE('',(#6186));
#5927=SURFACE_SIDE_STYLE('',(#6187));
#5928=SURFACE_SIDE_STYLE('',(#6188));
#5929=SURFACE_SIDE_STYLE('',(#6189));
#5930=SURFACE_SIDE_STYLE('',(#6190));
#5931=SURFACE_SIDE_STYLE('',(#6191));
#5932=SURFACE_SIDE_STYLE('',(#6192));
#5933=SURFACE_SIDE_STYLE('',(#6193));
#5934=SURFACE_SIDE_STYLE('',(#6194));
#5935=SURFACE_SIDE_STYLE('',(#6195));
#5936=SURFACE_SIDE_STYLE('',(#6196));
#5937=SURFACE_SIDE_STYLE('',(#6197));
#5938=SURFACE_SIDE_STYLE('',(#6198));
#5939=SURFACE_SIDE_STYLE('',(#6199));
#5940=SURFACE_SIDE_STYLE('',(#6200));
#5941=SURFACE_SIDE_STYLE('',(#6201));
#5942=SURFACE_SIDE_STYLE('',(#6202));
#5943=SURFACE_SIDE_STYLE('',(#6203));
#5944=SURFACE_SIDE_STYLE('',(#6204));
#5945=SURFACE_SIDE_STYLE('',(#6205));
#5946=SURFACE_SIDE_STYLE('',(#6206));
#5947=SURFACE_SIDE_STYLE('',(#6207));
#5948=SURFACE_SIDE_STYLE('',(#6208));
#5949=SURFACE_SIDE_STYLE('',(#6209));
#5950=SURFACE_SIDE_STYLE('',(#6210));
#5951=SURFACE_SIDE_STYLE('',(#6211));
#5952=SURFACE_SIDE_STYLE('',(#6212));
#5953=SURFACE_SIDE_STYLE('',(#6213));
#5954=SURFACE_SIDE_STYLE('',(#6214));
#5955=SURFACE_SIDE_STYLE('',(#6215));
#5956=SURFACE_SIDE_STYLE('',(#6216));
#5957=SURFACE_SIDE_STYLE('',(#6217));
#5958=SURFACE_SIDE_STYLE('',(#6218));
#5959=SURFACE_SIDE_STYLE('',(#6219));
#5960=SURFACE_SIDE_STYLE('',(#6220));
#5961=SURFACE_SIDE_STYLE('',(#6221));
#5962=SURFACE_SIDE_STYLE('',(#6222));
#5963=SURFACE_SIDE_STYLE('',(#6223));
#5964=SURFACE_SIDE_STYLE('',(#6224));
#5965=SURFACE_SIDE_STYLE('',(#6225));
#5966=SURFACE_SIDE_STYLE('',(#6226));
#5967=SURFACE_SIDE_STYLE('',(#6227));
#5968=SURFACE_SIDE_STYLE('',(#6228));
#5969=SURFACE_SIDE_STYLE('',(#6229));
#5970=SURFACE_SIDE_STYLE('',(#6230));
#5971=SURFACE_SIDE_STYLE('',(#6231));
#5972=SURFACE_SIDE_STYLE('',(#6232));
#5973=SURFACE_SIDE_STYLE('',(#6233));
#5974=SURFACE_SIDE_STYLE('',(#6234));
#5975=SURFACE_SIDE_STYLE('',(#6235));
#5976=SURFACE_SIDE_STYLE('',(#6236));
#5977=SURFACE_SIDE_STYLE('',(#6237));
#5978=SURFACE_SIDE_STYLE('',(#6238));
#5979=SURFACE_SIDE_STYLE('',(#6239));
#5980=SURFACE_SIDE_STYLE('',(#6240));
#5981=SURFACE_SIDE_STYLE('',(#6241));
#5982=SURFACE_SIDE_STYLE('',(#6242));
#5983=SURFACE_SIDE_STYLE('',(#6243));
#5984=SURFACE_SIDE_STYLE('',(#6244));
#5985=SURFACE_SIDE_STYLE('',(#6245));
#5986=SURFACE_SIDE_STYLE('',(#6246));
#5987=SURFACE_SIDE_STYLE('',(#6247));
#5988=SURFACE_SIDE_STYLE('',(#6248));
#5989=SURFACE_SIDE_STYLE('',(#6249));
#5990=SURFACE_SIDE_STYLE('',(#6250));
#5991=SURFACE_SIDE_STYLE('',(#6251));
#5992=SURFACE_SIDE_STYLE('',(#6252));
#5993=SURFACE_SIDE_STYLE('',(#6253));
#5994=SURFACE_SIDE_STYLE('',(#6254));
#5995=SURFACE_SIDE_STYLE('',(#6255));
#5996=SURFACE_SIDE_STYLE('',(#6256));
#5997=SURFACE_SIDE_STYLE('',(#6257));
#5998=SURFACE_SIDE_STYLE('',(#6258));
#5999=SURFACE_SIDE_STYLE('',(#6259));
#6000=SURFACE_SIDE_STYLE('',(#6260));
#6001=SURFACE_SIDE_STYLE('',(#6261));
#6002=SURFACE_SIDE_STYLE('',(#6262));
#6003=SURFACE_SIDE_STYLE('',(#6263));
#6004=SURFACE_SIDE_STYLE('',(#6264));
#6005=SURFACE_SIDE_STYLE('',(#6265));
#6006=SURFACE_SIDE_STYLE('',(#6266));
#6007=SURFACE_SIDE_STYLE('',(#6267));
#6008=SURFACE_SIDE_STYLE('',(#6268));
#6009=SURFACE_SIDE_STYLE('',(#6269));
#6010=SURFACE_SIDE_STYLE('',(#6270));
#6011=SURFACE_SIDE_STYLE('',(#6271));
#6012=SURFACE_SIDE_STYLE('',(#6272));
#6013=SURFACE_SIDE_STYLE('',(#6273));
#6014=SURFACE_SIDE_STYLE('',(#6274));
#6015=SURFACE_SIDE_STYLE('',(#6275));
#6016=SURFACE_SIDE_STYLE('',(#6276));
#6017=SURFACE_SIDE_STYLE('',(#6277));
#6018=SURFACE_SIDE_STYLE('',(#6278));
#6019=SURFACE_SIDE_STYLE('',(#6279));
#6020=SURFACE_SIDE_STYLE('',(#6280));
#6021=SURFACE_SIDE_STYLE('',(#6281));
#6022=SURFACE_SIDE_STYLE('',(#6282));
#6023=SURFACE_SIDE_STYLE('',(#6283));
#6024=SURFACE_SIDE_STYLE('',(#6284));
#6025=SURFACE_SIDE_STYLE('',(#6285));
#6026=SURFACE_SIDE_STYLE('',(#6286));
#6027=SURFACE_SIDE_STYLE('',(#6287));
#6028=SURFACE_SIDE_STYLE('',(#6288));
#6029=SURFACE_SIDE_STYLE('',(#6289));
#6030=SURFACE_SIDE_STYLE('',(#6290));
#6031=SURFACE_SIDE_STYLE('',(#6291));
#6032=SURFACE_SIDE_STYLE('',(#6292));
#6033=SURFACE_SIDE_STYLE('',(#6293));
#6034=SURFACE_SIDE_STYLE('',(#6294));
#6035=SURFACE_SIDE_STYLE('',(#6295));
#6036=SURFACE_SIDE_STYLE('',(#6296));
#6037=SURFACE_SIDE_STYLE('',(#6297));
#6038=SURFACE_SIDE_STYLE('',(#6298));
#6039=SURFACE_SIDE_STYLE('',(#6299));
#6040=SURFACE_SIDE_STYLE('',(#6300));
#6041=SURFACE_SIDE_STYLE('',(#6301));
#6042=SURFACE_SIDE_STYLE('',(#6302));
#6043=SURFACE_SIDE_STYLE('',(#6303));
#6044=SURFACE_SIDE_STYLE('',(#6304));
#6045=SURFACE_SIDE_STYLE('',(#6305));
#6046=SURFACE_SIDE_STYLE('',(#6306));
#6047=SURFACE_SIDE_STYLE('',(#6307));
#6048=SURFACE_SIDE_STYLE('',(#6308));
#6049=SURFACE_SIDE_STYLE('',(#6309));
#6050=SURFACE_SIDE_STYLE('',(#6310));
#6051=SURFACE_SIDE_STYLE('',(#6311));
#6052=SURFACE_SIDE_STYLE('',(#6312));
#6053=SURFACE_SIDE_STYLE('',(#6313));
#6054=SURFACE_SIDE_STYLE('',(#6314));
#6055=SURFACE_SIDE_STYLE('',(#6315));
#6056=SURFACE_SIDE_STYLE('',(#6316));
#6057=SURFACE_SIDE_STYLE('',(#6317));
#6058=SURFACE_SIDE_STYLE('',(#6318));
#6059=SURFACE_SIDE_STYLE('',(#6319));
#6060=SURFACE_SIDE_STYLE('',(#6320));
#6061=SURFACE_SIDE_STYLE('',(#6321));
#6062=SURFACE_SIDE_STYLE('',(#6322));
#6063=SURFACE_SIDE_STYLE('',(#6323));
#6064=SURFACE_SIDE_STYLE('',(#6324));
#6065=SURFACE_SIDE_STYLE('',(#6325));
#6066=SURFACE_SIDE_STYLE('',(#6326));
#6067=SURFACE_SIDE_STYLE('',(#6327));
#6068=SURFACE_SIDE_STYLE('',(#6328));
#6069=SURFACE_SIDE_STYLE('',(#6329));
#6070=SURFACE_SIDE_STYLE('',(#6330));
#6071=SURFACE_SIDE_STYLE('',(#6331));
#6072=SURFACE_SIDE_STYLE('',(#6332));
#6073=SURFACE_SIDE_STYLE('',(#6333));
#6074=SURFACE_SIDE_STYLE('',(#6334));
#6075=SURFACE_SIDE_STYLE('',(#6335));
#6076=SURFACE_SIDE_STYLE('',(#6336));
#6077=SURFACE_SIDE_STYLE('',(#6337));
#6078=SURFACE_SIDE_STYLE('',(#6338));
#6079=SURFACE_SIDE_STYLE('',(#6339));
#6080=SURFACE_SIDE_STYLE('',(#6340));
#6081=SURFACE_SIDE_STYLE('',(#6341));
#6082=SURFACE_SIDE_STYLE('',(#6342));
#6083=SURFACE_SIDE_STYLE('',(#6343));
#6084=SURFACE_SIDE_STYLE('',(#6344));
#6085=SURFACE_SIDE_STYLE('',(#6345));
#6086=SURFACE_SIDE_STYLE('',(#6346));
#6087=SURFACE_SIDE_STYLE('',(#6347));
#6088=SURFACE_SIDE_STYLE('',(#6348));
#6089=SURFACE_SIDE_STYLE('',(#6349));
#6090=SURFACE_SIDE_STYLE('',(#6350));
#6091=SURFACE_SIDE_STYLE('',(#6351));
#6092=SURFACE_SIDE_STYLE('',(#6352));
#6093=SURFACE_SIDE_STYLE('',(#6353));
#6094=SURFACE_SIDE_STYLE('',(#6354));
#6095=SURFACE_SIDE_STYLE('',(#6355));
#6096=SURFACE_SIDE_STYLE('',(#6356));
#6097=SURFACE_SIDE_STYLE('',(#6357));
#6098=SURFACE_SIDE_STYLE('',(#6358));
#6099=SURFACE_SIDE_STYLE('',(#6359));
#6100=SURFACE_SIDE_STYLE('',(#6360));
#6101=SURFACE_SIDE_STYLE('',(#6361));
#6102=SURFACE_SIDE_STYLE('',(#6362));
#6103=SURFACE_SIDE_STYLE('',(#6363));
#6104=SURFACE_SIDE_STYLE('',(#6364));
#6105=SURFACE_SIDE_STYLE('',(#6365));
#6106=SURFACE_SIDE_STYLE('',(#6366));
#6107=SURFACE_SIDE_STYLE('',(#6367));
#6108=SURFACE_SIDE_STYLE('',(#6368));
#6109=SURFACE_SIDE_STYLE('',(#6369));
#6110=SURFACE_SIDE_STYLE('',(#6370));
#6111=SURFACE_SIDE_STYLE('',(#6371));
#6112=SURFACE_SIDE_STYLE('',(#6372));
#6113=SURFACE_SIDE_STYLE('',(#6373));
#6114=SURFACE_SIDE_STYLE('',(#6374));
#6115=SURFACE_SIDE_STYLE('',(#6375));
#6116=SURFACE_SIDE_STYLE('',(#6376));
#6117=SURFACE_SIDE_STYLE('',(#6377));
#6118=SURFACE_SIDE_STYLE('',(#6378));
#6119=SURFACE_SIDE_STYLE('',(#6379));
#6120=SURFACE_SIDE_STYLE('',(#6380));
#6121=SURFACE_SIDE_STYLE('',(#6381));
#6122=SURFACE_SIDE_STYLE('',(#6382));
#6123=SURFACE_SIDE_STYLE('',(#6383));
#6124=SURFACE_SIDE_STYLE('',(#6384));
#6125=SURFACE_SIDE_STYLE('',(#6385));
#6126=SURFACE_SIDE_STYLE('',(#6386));
#6127=SURFACE_SIDE_STYLE('',(#6387));
#6128=SURFACE_SIDE_STYLE('',(#6388));
#6129=SURFACE_SIDE_STYLE('',(#6389));
#6130=SURFACE_SIDE_STYLE('',(#6390));
#6131=SURFACE_SIDE_STYLE('',(#6391));
#6132=SURFACE_SIDE_STYLE('',(#6392));
#6133=SURFACE_SIDE_STYLE('',(#6393));
#6134=SURFACE_SIDE_STYLE('',(#6394));
#6135=SURFACE_SIDE_STYLE('',(#6395));
#6136=SURFACE_SIDE_STYLE('',(#6396));
#6137=SURFACE_SIDE_STYLE('',(#6397));
#6138=SURFACE_SIDE_STYLE('',(#6398));
#6139=SURFACE_SIDE_STYLE('',(#6399));
#6140=SURFACE_SIDE_STYLE('',(#6400));
#6141=SURFACE_SIDE_STYLE('',(#6401));
#6142=SURFACE_SIDE_STYLE('',(#6402));
#6143=SURFACE_SIDE_STYLE('',(#6403));
#6144=SURFACE_SIDE_STYLE('',(#6404));
#6145=SURFACE_SIDE_STYLE('',(#6405));
#6146=SURFACE_SIDE_STYLE('',(#6406));
#6147=SURFACE_SIDE_STYLE('',(#6407));
#6148=SURFACE_SIDE_STYLE('',(#6408));
#6149=SURFACE_SIDE_STYLE('',(#6409));
#6150=SURFACE_SIDE_STYLE('',(#6410));
#6151=SURFACE_SIDE_STYLE('',(#6411));
#6152=SURFACE_STYLE_FILL_AREA(#6412);
#6153=SURFACE_STYLE_FILL_AREA(#6413);
#6154=SURFACE_STYLE_FILL_AREA(#6414);
#6155=SURFACE_STYLE_FILL_AREA(#6415);
#6156=SURFACE_STYLE_FILL_AREA(#6416);
#6157=SURFACE_STYLE_FILL_AREA(#6417);
#6158=SURFACE_STYLE_FILL_AREA(#6418);
#6159=SURFACE_STYLE_FILL_AREA(#6419);
#6160=SURFACE_STYLE_FILL_AREA(#6420);
#6161=SURFACE_STYLE_FILL_AREA(#6421);
#6162=SURFACE_STYLE_FILL_AREA(#6422);
#6163=SURFACE_STYLE_FILL_AREA(#6423);
#6164=SURFACE_STYLE_FILL_AREA(#6424);
#6165=SURFACE_STYLE_FILL_AREA(#6425);
#6166=SURFACE_STYLE_FILL_AREA(#6426);
#6167=SURFACE_STYLE_FILL_AREA(#6427);
#6168=SURFACE_STYLE_FILL_AREA(#6428);
#6169=SURFACE_STYLE_FILL_AREA(#6429);
#6170=SURFACE_STYLE_FILL_AREA(#6430);
#6171=SURFACE_STYLE_FILL_AREA(#6431);
#6172=SURFACE_STYLE_FILL_AREA(#6432);
#6173=SURFACE_STYLE_FILL_AREA(#6433);
#6174=SURFACE_STYLE_FILL_AREA(#6434);
#6175=SURFACE_STYLE_FILL_AREA(#6435);
#6176=SURFACE_STYLE_FILL_AREA(#6436);
#6177=SURFACE_STYLE_FILL_AREA(#6437);
#6178=SURFACE_STYLE_FILL_AREA(#6438);
#6179=SURFACE_STYLE_FILL_AREA(#6439);
#6180=SURFACE_STYLE_FILL_AREA(#6440);
#6181=SURFACE_STYLE_FILL_AREA(#6441);
#6182=SURFACE_STYLE_FILL_AREA(#6442);
#6183=SURFACE_STYLE_FILL_AREA(#6443);
#6184=SURFACE_STYLE_FILL_AREA(#6444);
#6185=SURFACE_STYLE_FILL_AREA(#6445);
#6186=SURFACE_STYLE_FILL_AREA(#6446);
#6187=SURFACE_STYLE_FILL_AREA(#6447);
#6188=SURFACE_STYLE_FILL_AREA(#6448);
#6189=SURFACE_STYLE_FILL_AREA(#6449);
#6190=SURFACE_STYLE_FILL_AREA(#6450);
#6191=SURFACE_STYLE_FILL_AREA(#6451);
#6192=SURFACE_STYLE_FILL_AREA(#6452);
#6193=SURFACE_STYLE_FILL_AREA(#6453);
#6194=SURFACE_STYLE_FILL_AREA(#6454);
#6195=SURFACE_STYLE_FILL_AREA(#6455);
#6196=SURFACE_STYLE_FILL_AREA(#6456);
#6197=SURFACE_STYLE_FILL_AREA(#6457);
#6198=SURFACE_STYLE_FILL_AREA(#6458);
#6199=SURFACE_STYLE_FILL_AREA(#6459);
#6200=SURFACE_STYLE_FILL_AREA(#6460);
#6201=SURFACE_STYLE_FILL_AREA(#6461);
#6202=SURFACE_STYLE_FILL_AREA(#6462);
#6203=SURFACE_STYLE_FILL_AREA(#6463);
#6204=SURFACE_STYLE_FILL_AREA(#6464);
#6205=SURFACE_STYLE_FILL_AREA(#6465);
#6206=SURFACE_STYLE_FILL_AREA(#6466);
#6207=SURFACE_STYLE_FILL_AREA(#6467);
#6208=SURFACE_STYLE_FILL_AREA(#6468);
#6209=SURFACE_STYLE_FILL_AREA(#6469);
#6210=SURFACE_STYLE_FILL_AREA(#6470);
#6211=SURFACE_STYLE_FILL_AREA(#6471);
#6212=SURFACE_STYLE_FILL_AREA(#6472);
#6213=SURFACE_STYLE_FILL_AREA(#6473);
#6214=SURFACE_STYLE_FILL_AREA(#6474);
#6215=SURFACE_STYLE_FILL_AREA(#6475);
#6216=SURFACE_STYLE_FILL_AREA(#6476);
#6217=SURFACE_STYLE_FILL_AREA(#6477);
#6218=SURFACE_STYLE_FILL_AREA(#6478);
#6219=SURFACE_STYLE_FILL_AREA(#6479);
#6220=SURFACE_STYLE_FILL_AREA(#6480);
#6221=SURFACE_STYLE_FILL_AREA(#6481);
#6222=SURFACE_STYLE_FILL_AREA(#6482);
#6223=SURFACE_STYLE_FILL_AREA(#6483);
#6224=SURFACE_STYLE_FILL_AREA(#6484);
#6225=SURFACE_STYLE_FILL_AREA(#6485);
#6226=SURFACE_STYLE_FILL_AREA(#6486);
#6227=SURFACE_STYLE_FILL_AREA(#6487);
#6228=SURFACE_STYLE_FILL_AREA(#6488);
#6229=SURFACE_STYLE_FILL_AREA(#6489);
#6230=SURFACE_STYLE_FILL_AREA(#6490);
#6231=SURFACE_STYLE_FILL_AREA(#6491);
#6232=SURFACE_STYLE_FILL_AREA(#6492);
#6233=SURFACE_STYLE_FILL_AREA(#6493);
#6234=SURFACE_STYLE_FILL_AREA(#6494);
#6235=SURFACE_STYLE_FILL_AREA(#6495);
#6236=SURFACE_STYLE_FILL_AREA(#6496);
#6237=SURFACE_STYLE_FILL_AREA(#6497);
#6238=SURFACE_STYLE_FILL_AREA(#6498);
#6239=SURFACE_STYLE_FILL_AREA(#6499);
#6240=SURFACE_STYLE_FILL_AREA(#6500);
#6241=SURFACE_STYLE_FILL_AREA(#6501);
#6242=SURFACE_STYLE_FILL_AREA(#6502);
#6243=SURFACE_STYLE_FILL_AREA(#6503);
#6244=SURFACE_STYLE_FILL_AREA(#6504);
#6245=SURFACE_STYLE_FILL_AREA(#6505);
#6246=SURFACE_STYLE_FILL_AREA(#6506);
#6247=SURFACE_STYLE_FILL_AREA(#6507);
#6248=SURFACE_STYLE_FILL_AREA(#6508);
#6249=SURFACE_STYLE_FILL_AREA(#6509);
#6250=SURFACE_STYLE_FILL_AREA(#6510);
#6251=SURFACE_STYLE_FILL_AREA(#6511);
#6252=SURFACE_STYLE_FILL_AREA(#6512);
#6253=SURFACE_STYLE_FILL_AREA(#6513);
#6254=SURFACE_STYLE_FILL_AREA(#6514);
#6255=SURFACE_STYLE_FILL_AREA(#6515);
#6256=SURFACE_STYLE_FILL_AREA(#6516);
#6257=SURFACE_STYLE_FILL_AREA(#6517);
#6258=SURFACE_STYLE_FILL_AREA(#6518);
#6259=SURFACE_STYLE_FILL_AREA(#6519);
#6260=SURFACE_STYLE_FILL_AREA(#6520);
#6261=SURFACE_STYLE_FILL_AREA(#6521);
#6262=SURFACE_STYLE_FILL_AREA(#6522);
#6263=SURFACE_STYLE_FILL_AREA(#6523);
#6264=SURFACE_STYLE_FILL_AREA(#6524);
#6265=SURFACE_STYLE_FILL_AREA(#6525);
#6266=SURFACE_STYLE_FILL_AREA(#6526);
#6267=SURFACE_STYLE_FILL_AREA(#6527);
#6268=SURFACE_STYLE_FILL_AREA(#6528);
#6269=SURFACE_STYLE_FILL_AREA(#6529);
#6270=SURFACE_STYLE_FILL_AREA(#6530);
#6271=SURFACE_STYLE_FILL_AREA(#6531);
#6272=SURFACE_STYLE_FILL_AREA(#6532);
#6273=SURFACE_STYLE_FILL_AREA(#6533);
#6274=SURFACE_STYLE_FILL_AREA(#6534);
#6275=SURFACE_STYLE_FILL_AREA(#6535);
#6276=SURFACE_STYLE_FILL_AREA(#6536);
#6277=SURFACE_STYLE_FILL_AREA(#6537);
#6278=SURFACE_STYLE_FILL_AREA(#6538);
#6279=SURFACE_STYLE_FILL_AREA(#6539);
#6280=SURFACE_STYLE_FILL_AREA(#6540);
#6281=SURFACE_STYLE_FILL_AREA(#6541);
#6282=SURFACE_STYLE_FILL_AREA(#6542);
#6283=SURFACE_STYLE_FILL_AREA(#6543);
#6284=SURFACE_STYLE_FILL_AREA(#6544);
#6285=SURFACE_STYLE_FILL_AREA(#6545);
#6286=SURFACE_STYLE_FILL_AREA(#6546);
#6287=SURFACE_STYLE_FILL_AREA(#6547);
#6288=SURFACE_STYLE_FILL_AREA(#6548);
#6289=SURFACE_STYLE_FILL_AREA(#6549);
#6290=SURFACE_STYLE_FILL_AREA(#6550);
#6291=SURFACE_STYLE_FILL_AREA(#6551);
#6292=SURFACE_STYLE_FILL_AREA(#6552);
#6293=SURFACE_STYLE_FILL_AREA(#6553);
#6294=SURFACE_STYLE_FILL_AREA(#6554);
#6295=SURFACE_STYLE_FILL_AREA(#6555);
#6296=SURFACE_STYLE_FILL_AREA(#6556);
#6297=SURFACE_STYLE_FILL_AREA(#6557);
#6298=SURFACE_STYLE_FILL_AREA(#6558);
#6299=SURFACE_STYLE_FILL_AREA(#6559);
#6300=SURFACE_STYLE_FILL_AREA(#6560);
#6301=SURFACE_STYLE_FILL_AREA(#6561);
#6302=SURFACE_STYLE_FILL_AREA(#6562);
#6303=SURFACE_STYLE_FILL_AREA(#6563);
#6304=SURFACE_STYLE_FILL_AREA(#6564);
#6305=SURFACE_STYLE_FILL_AREA(#6565);
#6306=SURFACE_STYLE_FILL_AREA(#6566);
#6307=SURFACE_STYLE_FILL_AREA(#6567);
#6308=SURFACE_STYLE_FILL_AREA(#6568);
#6309=SURFACE_STYLE_FILL_AREA(#6569);
#6310=SURFACE_STYLE_FILL_AREA(#6570);
#6311=SURFACE_STYLE_FILL_AREA(#6571);
#6312=SURFACE_STYLE_FILL_AREA(#6572);
#6313=SURFACE_STYLE_FILL_AREA(#6573);
#6314=SURFACE_STYLE_FILL_AREA(#6574);
#6315=SURFACE_STYLE_FILL_AREA(#6575);
#6316=SURFACE_STYLE_FILL_AREA(#6576);
#6317=SURFACE_STYLE_FILL_AREA(#6577);
#6318=SURFACE_STYLE_FILL_AREA(#6578);
#6319=SURFACE_STYLE_FILL_AREA(#6579);
#6320=SURFACE_STYLE_FILL_AREA(#6580);
#6321=SURFACE_STYLE_FILL_AREA(#6581);
#6322=SURFACE_STYLE_FILL_AREA(#6582);
#6323=SURFACE_STYLE_FILL_AREA(#6583);
#6324=SURFACE_STYLE_FILL_AREA(#6584);
#6325=SURFACE_STYLE_FILL_AREA(#6585);
#6326=SURFACE_STYLE_FILL_AREA(#6586);
#6327=SURFACE_STYLE_FILL_AREA(#6587);
#6328=SURFACE_STYLE_FILL_AREA(#6588);
#6329=SURFACE_STYLE_FILL_AREA(#6589);
#6330=SURFACE_STYLE_FILL_AREA(#6590);
#6331=SURFACE_STYLE_FILL_AREA(#6591);
#6332=SURFACE_STYLE_FILL_AREA(#6592);
#6333=SURFACE_STYLE_FILL_AREA(#6593);
#6334=SURFACE_STYLE_FILL_AREA(#6594);
#6335=SURFACE_STYLE_FILL_AREA(#6595);
#6336=SURFACE_STYLE_FILL_AREA(#6596);
#6337=SURFACE_STYLE_FILL_AREA(#6597);
#6338=SURFACE_STYLE_FILL_AREA(#6598);
#6339=SURFACE_STYLE_FILL_AREA(#6599);
#6340=SURFACE_STYLE_FILL_AREA(#6600);
#6341=SURFACE_STYLE_FILL_AREA(#6601);
#6342=SURFACE_STYLE_FILL_AREA(#6602);
#6343=SURFACE_STYLE_FILL_AREA(#6603);
#6344=SURFACE_STYLE_FILL_AREA(#6604);
#6345=SURFACE_STYLE_FILL_AREA(#6605);
#6346=SURFACE_STYLE_FILL_AREA(#6606);
#6347=SURFACE_STYLE_FILL_AREA(#6607);
#6348=SURFACE_STYLE_FILL_AREA(#6608);
#6349=SURFACE_STYLE_FILL_AREA(#6609);
#6350=SURFACE_STYLE_FILL_AREA(#6610);
#6351=SURFACE_STYLE_FILL_AREA(#6611);
#6352=SURFACE_STYLE_FILL_AREA(#6612);
#6353=SURFACE_STYLE_FILL_AREA(#6613);
#6354=SURFACE_STYLE_FILL_AREA(#6614);
#6355=SURFACE_STYLE_FILL_AREA(#6615);
#6356=SURFACE_STYLE_FILL_AREA(#6616);
#6357=SURFACE_STYLE_FILL_AREA(#6617);
#6358=SURFACE_STYLE_FILL_AREA(#6618);
#6359=SURFACE_STYLE_FILL_AREA(#6619);
#6360=SURFACE_STYLE_FILL_AREA(#6620);
#6361=SURFACE_STYLE_FILL_AREA(#6621);
#6362=SURFACE_STYLE_FILL_AREA(#6622);
#6363=SURFACE_STYLE_FILL_AREA(#6623);
#6364=SURFACE_STYLE_FILL_AREA(#6624);
#6365=SURFACE_STYLE_FILL_AREA(#6625);
#6366=SURFACE_STYLE_FILL_AREA(#6626);
#6367=SURFACE_STYLE_FILL_AREA(#6627);
#6368=SURFACE_STYLE_FILL_AREA(#6628);
#6369=SURFACE_STYLE_FILL_AREA(#6629);
#6370=SURFACE_STYLE_FILL_AREA(#6630);
#6371=SURFACE_STYLE_FILL_AREA(#6631);
#6372=SURFACE_STYLE_FILL_AREA(#6632);
#6373=SURFACE_STYLE_FILL_AREA(#6633);
#6374=SURFACE_STYLE_FILL_AREA(#6634);
#6375=SURFACE_STYLE_FILL_AREA(#6635);
#6376=SURFACE_STYLE_FILL_AREA(#6636);
#6377=SURFACE_STYLE_FILL_AREA(#6637);
#6378=SURFACE_STYLE_FILL_AREA(#6638);
#6379=SURFACE_STYLE_FILL_AREA(#6639);
#6380=SURFACE_STYLE_FILL_AREA(#6640);
#6381=SURFACE_STYLE_FILL_AREA(#6641);
#6382=SURFACE_STYLE_FILL_AREA(#6642);
#6383=SURFACE_STYLE_FILL_AREA(#6643);
#6384=SURFACE_STYLE_FILL_AREA(#6644);
#6385=SURFACE_STYLE_FILL_AREA(#6645);
#6386=SURFACE_STYLE_FILL_AREA(#6646);
#6387=SURFACE_STYLE_FILL_AREA(#6647);
#6388=SURFACE_STYLE_FILL_AREA(#6648);
#6389=SURFACE_STYLE_FILL_AREA(#6649);
#6390=SURFACE_STYLE_FILL_AREA(#6650);
#6391=SURFACE_STYLE_FILL_AREA(#6651);
#6392=SURFACE_STYLE_FILL_AREA(#6652);
#6393=SURFACE_STYLE_FILL_AREA(#6653);
#6394=SURFACE_STYLE_FILL_AREA(#6654);
#6395=SURFACE_STYLE_FILL_AREA(#6655);
#6396=SURFACE_STYLE_FILL_AREA(#6656);
#6397=SURFACE_STYLE_FILL_AREA(#6657);
#6398=SURFACE_STYLE_FILL_AREA(#6658);
#6399=SURFACE_STYLE_FILL_AREA(#6659);
#6400=SURFACE_STYLE_FILL_AREA(#6660);
#6401=SURFACE_STYLE_FILL_AREA(#6661);
#6402=SURFACE_STYLE_FILL_AREA(#6662);
#6403=SURFACE_STYLE_FILL_AREA(#6663);
#6404=SURFACE_STYLE_FILL_AREA(#6664);
#6405=SURFACE_STYLE_FILL_AREA(#6665);
#6406=SURFACE_STYLE_FILL_AREA(#6666);
#6407=SURFACE_STYLE_FILL_AREA(#6667);
#6408=SURFACE_STYLE_FILL_AREA(#6668);
#6409=SURFACE_STYLE_FILL_AREA(#6669);
#6410=SURFACE_STYLE_FILL_AREA(#6670);
#6411=SURFACE_STYLE_FILL_AREA(#6671);
#6412=FILL_AREA_STYLE('',(#6672));
#6413=FILL_AREA_STYLE('',(#6673));
#6414=FILL_AREA_STYLE('',(#6674));
#6415=FILL_AREA_STYLE('',(#6675));
#6416=FILL_AREA_STYLE('',(#6676));
#6417=FILL_AREA_STYLE('',(#6677));
#6418=FILL_AREA_STYLE('',(#6678));
#6419=FILL_AREA_STYLE('',(#6679));
#6420=FILL_AREA_STYLE('',(#6680));
#6421=FILL_AREA_STYLE('',(#6681));
#6422=FILL_AREA_STYLE('',(#6682));
#6423=FILL_AREA_STYLE('',(#6683));
#6424=FILL_AREA_STYLE('',(#6684));
#6425=FILL_AREA_STYLE('',(#6685));
#6426=FILL_AREA_STYLE('',(#6686));
#6427=FILL_AREA_STYLE('',(#6687));
#6428=FILL_AREA_STYLE('',(#6688));
#6429=FILL_AREA_STYLE('',(#6689));
#6430=FILL_AREA_STYLE('',(#6690));
#6431=FILL_AREA_STYLE('',(#6691));
#6432=FILL_AREA_STYLE('',(#6692));
#6433=FILL_AREA_STYLE('',(#6693));
#6434=FILL_AREA_STYLE('',(#6694));
#6435=FILL_AREA_STYLE('',(#6695));
#6436=FILL_AREA_STYLE('',(#6696));
#6437=FILL_AREA_STYLE('',(#6697));
#6438=FILL_AREA_STYLE('',(#6698));
#6439=FILL_AREA_STYLE('',(#6699));
#6440=FILL_AREA_STYLE('',(#6700));
#6441=FILL_AREA_STYLE('',(#6701));
#6442=FILL_AREA_STYLE('',(#6702));
#6443=FILL_AREA_STYLE('',(#6703));
#6444=FILL_AREA_STYLE('',(#6704));
#6445=FILL_AREA_STYLE('',(#6705));
#6446=FILL_AREA_STYLE('',(#6706));
#6447=FILL_AREA_STYLE('',(#6707));
#6448=FILL_AREA_STYLE('',(#6708));
#6449=FILL_AREA_STYLE('',(#6709));
#6450=FILL_AREA_STYLE('',(#6710));
#6451=FILL_AREA_STYLE('',(#6711));
#6452=FILL_AREA_STYLE('',(#6712));
#6453=FILL_AREA_STYLE('',(#6713));
#6454=FILL_AREA_STYLE('',(#6714));
#6455=FILL_AREA_STYLE('',(#6715));
#6456=FILL_AREA_STYLE('',(#6716));
#6457=FILL_AREA_STYLE('',(#6717));
#6458=FILL_AREA_STYLE('',(#6718));
#6459=FILL_AREA_STYLE('',(#6719));
#6460=FILL_AREA_STYLE('',(#6720));
#6461=FILL_AREA_STYLE('',(#6721));
#6462=FILL_AREA_STYLE('',(#6722));
#6463=FILL_AREA_STYLE('',(#6723));
#6464=FILL_AREA_STYLE('',(#6724));
#6465=FILL_AREA_STYLE('',(#6725));
#6466=FILL_AREA_STYLE('',(#6726));
#6467=FILL_AREA_STYLE('',(#6727));
#6468=FILL_AREA_STYLE('',(#6728));
#6469=FILL_AREA_STYLE('',(#6729));
#6470=FILL_AREA_STYLE('',(#6730));
#6471=FILL_AREA_STYLE('',(#6731));
#6472=FILL_AREA_STYLE('',(#6732));
#6473=FILL_AREA_STYLE('',(#6733));
#6474=FILL_AREA_STYLE('',(#6734));
#6475=FILL_AREA_STYLE('',(#6735));
#6476=FILL_AREA_STYLE('',(#6736));
#6477=FILL_AREA_STYLE('',(#6737));
#6478=FILL_AREA_STYLE('',(#6738));
#6479=FILL_AREA_STYLE('',(#6739));
#6480=FILL_AREA_STYLE('',(#6740));
#6481=FILL_AREA_STYLE('',(#6741));
#6482=FILL_AREA_STYLE('',(#6742));
#6483=FILL_AREA_STYLE('',(#6743));
#6484=FILL_AREA_STYLE('',(#6744));
#6485=FILL_AREA_STYLE('',(#6745));
#6486=FILL_AREA_STYLE('',(#6746));
#6487=FILL_AREA_STYLE('',(#6747));
#6488=FILL_AREA_STYLE('',(#6748));
#6489=FILL_AREA_STYLE('',(#6749));
#6490=FILL_AREA_STYLE('',(#6750));
#6491=FILL_AREA_STYLE('',(#6751));
#6492=FILL_AREA_STYLE('',(#6752));
#6493=FILL_AREA_STYLE('',(#6753));
#6494=FILL_AREA_STYLE('',(#6754));
#6495=FILL_AREA_STYLE('',(#6755));
#6496=FILL_AREA_STYLE('',(#6756));
#6497=FILL_AREA_STYLE('',(#6757));
#6498=FILL_AREA_STYLE('',(#6758));
#6499=FILL_AREA_STYLE('',(#6759));
#6500=FILL_AREA_STYLE('',(#6760));
#6501=FILL_AREA_STYLE('',(#6761));
#6502=FILL_AREA_STYLE('',(#6762));
#6503=FILL_AREA_STYLE('',(#6763));
#6504=FILL_AREA_STYLE('',(#6764));
#6505=FILL_AREA_STYLE('',(#6765));
#6506=FILL_AREA_STYLE('',(#6766));
#6507=FILL_AREA_STYLE('',(#6767));
#6508=FILL_AREA_STYLE('',(#6768));
#6509=FILL_AREA_STYLE('',(#6769));
#6510=FILL_AREA_STYLE('',(#6770));
#6511=FILL_AREA_STYLE('',(#6771));
#6512=FILL_AREA_STYLE('',(#6772));
#6513=FILL_AREA_STYLE('',(#6773));
#6514=FILL_AREA_STYLE('',(#6774));
#6515=FILL_AREA_STYLE('',(#6775));
#6516=FILL_AREA_STYLE('',(#6776));
#6517=FILL_AREA_STYLE('',(#6777));
#6518=FILL_AREA_STYLE('',(#6778));
#6519=FILL_AREA_STYLE('',(#6779));
#6520=FILL_AREA_STYLE('',(#6780));
#6521=FILL_AREA_STYLE('',(#6781));
#6522=FILL_AREA_STYLE('',(#6782));
#6523=FILL_AREA_STYLE('',(#6783));
#6524=FILL_AREA_STYLE('',(#6784));
#6525=FILL_AREA_STYLE('',(#6785));
#6526=FILL_AREA_STYLE('',(#6786));
#6527=FILL_AREA_STYLE('',(#6787));
#6528=FILL_AREA_STYLE('',(#6788));
#6529=FILL_AREA_STYLE('',(#6789));
#6530=FILL_AREA_STYLE('',(#6790));
#6531=FILL_AREA_STYLE('',(#6791));
#6532=FILL_AREA_STYLE('',(#6792));
#6533=FILL_AREA_STYLE('',(#6793));
#6534=FILL_AREA_STYLE('',(#6794));
#6535=FILL_AREA_STYLE('',(#6795));
#6536=FILL_AREA_STYLE('',(#6796));
#6537=FILL_AREA_STYLE('',(#6797));
#6538=FILL_AREA_STYLE('',(#6798));
#6539=FILL_AREA_STYLE('',(#6799));
#6540=FILL_AREA_STYLE('',(#6800));
#6541=FILL_AREA_STYLE('',(#6801));
#6542=FILL_AREA_STYLE('',(#6802));
#6543=FILL_AREA_STYLE('',(#6803));
#6544=FILL_AREA_STYLE('',(#6804));
#6545=FILL_AREA_STYLE('',(#6805));
#6546=FILL_AREA_STYLE('',(#6806));
#6547=FILL_AREA_STYLE('',(#6807));
#6548=FILL_AREA_STYLE('',(#6808));
#6549=FILL_AREA_STYLE('',(#6809));
#6550=FILL_AREA_STYLE('',(#6810));
#6551=FILL_AREA_STYLE('',(#6811));
#6552=FILL_AREA_STYLE('',(#6812));
#6553=FILL_AREA_STYLE('',(#6813));
#6554=FILL_AREA_STYLE('',(#6814));
#6555=FILL_AREA_STYLE('',(#6815));
#6556=FILL_AREA_STYLE('',(#6816));
#6557=FILL_AREA_STYLE('',(#6817));
#6558=FILL_AREA_STYLE('',(#6818));
#6559=FILL_AREA_STYLE('',(#6819));
#6560=FILL_AREA_STYLE('',(#6820));
#6561=FILL_AREA_STYLE('',(#6821));
#6562=FILL_AREA_STYLE('',(#6822));
#6563=FILL_AREA_STYLE('',(#6823));
#6564=FILL_AREA_STYLE('',(#6824));
#6565=FILL_AREA_STYLE('',(#6825));
#6566=FILL_AREA_STYLE('',(#6826));
#6567=FILL_AREA_STYLE('',(#6827));
#6568=FILL_AREA_STYLE('',(#6828));
#6569=FILL_AREA_STYLE('',(#6829));
#6570=FILL_AREA_STYLE('',(#6830));
#6571=FILL_AREA_STYLE('',(#6831));
#6572=FILL_AREA_STYLE('',(#6832));
#6573=FILL_AREA_STYLE('',(#6833));
#6574=FILL_AREA_STYLE('',(#6834));
#6575=FILL_AREA_STYLE('',(#6835));
#6576=FILL_AREA_STYLE('',(#6836));
#6577=FILL_AREA_STYLE('',(#6837));
#6578=FILL_AREA_STYLE('',(#6838));
#6579=FILL_AREA_STYLE('',(#6839));
#6580=FILL_AREA_STYLE('',(#6840));
#6581=FILL_AREA_STYLE('',(#6841));
#6582=FILL_AREA_STYLE('',(#6842));
#6583=FILL_AREA_STYLE('',(#6843));
#6584=FILL_AREA_STYLE('',(#6844));
#6585=FILL_AREA_STYLE('',(#6845));
#6586=FILL_AREA_STYLE('',(#6846));
#6587=FILL_AREA_STYLE('',(#6847));
#6588=FILL_AREA_STYLE('',(#6848));
#6589=FILL_AREA_STYLE('',(#6849));
#6590=FILL_AREA_STYLE('',(#6850));
#6591=FILL_AREA_STYLE('',(#6851));
#6592=FILL_AREA_STYLE('',(#6852));
#6593=FILL_AREA_STYLE('',(#6853));
#6594=FILL_AREA_STYLE('',(#6854));
#6595=FILL_AREA_STYLE('',(#6855));
#6596=FILL_AREA_STYLE('',(#6856));
#6597=FILL_AREA_STYLE('',(#6857));
#6598=FILL_AREA_STYLE('',(#6858));
#6599=FILL_AREA_STYLE('',(#6859));
#6600=FILL_AREA_STYLE('',(#6860));
#6601=FILL_AREA_STYLE('',(#6861));
#6602=FILL_AREA_STYLE('',(#6862));
#6603=FILL_AREA_STYLE('',(#6863));
#6604=FILL_AREA_STYLE('',(#6864));
#6605=FILL_AREA_STYLE('',(#6865));
#6606=FILL_AREA_STYLE('',(#6866));
#6607=FILL_AREA_STYLE('',(#6867));
#6608=FILL_AREA_STYLE('',(#6868));
#6609=FILL_AREA_STYLE('',(#6869));
#6610=FILL_AREA_STYLE('',(#6870));
#6611=FILL_AREA_STYLE('',(#6871));
#6612=FILL_AREA_STYLE('',(#6872));
#6613=FILL_AREA_STYLE('',(#6873));
#6614=FILL_AREA_STYLE('',(#6874));
#6615=FILL_AREA_STYLE('',(#6875));
#6616=FILL_AREA_STYLE('',(#6876));
#6617=FILL_AREA_STYLE('',(#6877));
#6618=FILL_AREA_STYLE('',(#6878));
#6619=FILL_AREA_STYLE('',(#6879));
#6620=FILL_AREA_STYLE('',(#6880));
#6621=FILL_AREA_STYLE('',(#6881));
#6622=FILL_AREA_STYLE('',(#6882));
#6623=FILL_AREA_STYLE('',(#6883));
#6624=FILL_AREA_STYLE('',(#6884));
#6625=FILL_AREA_STYLE('',(#6885));
#6626=FILL_AREA_STYLE('',(#6886));
#6627=FILL_AREA_STYLE('',(#6887));
#6628=FILL_AREA_STYLE('',(#6888));
#6629=FILL_AREA_STYLE('',(#6889));
#6630=FILL_AREA_STYLE('',(#6890));
#6631=FILL_AREA_STYLE('',(#6891));
#6632=FILL_AREA_STYLE('',(#6892));
#6633=FILL_AREA_STYLE('',(#6893));
#6634=FILL_AREA_STYLE('',(#6894));
#6635=FILL_AREA_STYLE('',(#6895));
#6636=FILL_AREA_STYLE('',(#6896));
#6637=FILL_AREA_STYLE('',(#6897));
#6638=FILL_AREA_STYLE('',(#6898));
#6639=FILL_AREA_STYLE('',(#6899));
#6640=FILL_AREA_STYLE('',(#6900));
#6641=FILL_AREA_STYLE('',(#6901));
#6642=FILL_AREA_STYLE('',(#6902));
#6643=FILL_AREA_STYLE('',(#6903));
#6644=FILL_AREA_STYLE('',(#6904));
#6645=FILL_AREA_STYLE('',(#6905));
#6646=FILL_AREA_STYLE('',(#6906));
#6647=FILL_AREA_STYLE('',(#6907));
#6648=FILL_AREA_STYLE('',(#6908));
#6649=FILL_AREA_STYLE('',(#6909));
#6650=FILL_AREA_STYLE('',(#6910));
#6651=FILL_AREA_STYLE('',(#6911));
#6652=FILL_AREA_STYLE('',(#6912));
#6653=FILL_AREA_STYLE('',(#6913));
#6654=FILL_AREA_STYLE('',(#6914));
#6655=FILL_AREA_STYLE('',(#6915));
#6656=FILL_AREA_STYLE('',(#6916));
#6657=FILL_AREA_STYLE('',(#6917));
#6658=FILL_AREA_STYLE('',(#6918));
#6659=FILL_AREA_STYLE('',(#6919));
#6660=FILL_AREA_STYLE('',(#6920));
#6661=FILL_AREA_STYLE('',(#6921));
#6662=FILL_AREA_STYLE('',(#6922));
#6663=FILL_AREA_STYLE('',(#6923));
#6664=FILL_AREA_STYLE('',(#6924));
#6665=FILL_AREA_STYLE('',(#6925));
#6666=FILL_AREA_STYLE('',(#6926));
#6667=FILL_AREA_STYLE('',(#6927));
#6668=FILL_AREA_STYLE('',(#6928));
#6669=FILL_AREA_STYLE('',(#6929));
#6670=FILL_AREA_STYLE('',(#6930));
#6671=FILL_AREA_STYLE('',(#6931));
#6672=FILL_AREA_STYLE_COLOUR('',#6932);
#6673=FILL_AREA_STYLE_COLOUR('',#6933);
#6674=FILL_AREA_STYLE_COLOUR('',#6933);
#6675=FILL_AREA_STYLE_COLOUR('',#6933);
#6676=FILL_AREA_STYLE_COLOUR('',#6933);
#6677=FILL_AREA_STYLE_COLOUR('',#6933);
#6678=FILL_AREA_STYLE_COLOUR('',#6933);
#6679=FILL_AREA_STYLE_COLOUR('',#6934);
#6680=FILL_AREA_STYLE_COLOUR('',#6932);
#6681=FILL_AREA_STYLE_COLOUR('',#6934);
#6682=FILL_AREA_STYLE_COLOUR('',#6934);
#6683=FILL_AREA_STYLE_COLOUR('',#6934);
#6684=FILL_AREA_STYLE_COLOUR('',#6934);
#6685=FILL_AREA_STYLE_COLOUR('',#6934);
#6686=FILL_AREA_STYLE_COLOUR('',#6934);
#6687=FILL_AREA_STYLE_COLOUR('',#6934);
#6688=FILL_AREA_STYLE_COLOUR('',#6934);
#6689=FILL_AREA_STYLE_COLOUR('',#6934);
#6690=FILL_AREA_STYLE_COLOUR('',#6934);
#6691=FILL_AREA_STYLE_COLOUR('',#6934);
#6692=FILL_AREA_STYLE_COLOUR('',#6932);
#6693=FILL_AREA_STYLE_COLOUR('',#6932);
#6694=FILL_AREA_STYLE_COLOUR('',#6934);
#6695=FILL_AREA_STYLE_COLOUR('',#6934);
#6696=FILL_AREA_STYLE_COLOUR('',#6934);
#6697=FILL_AREA_STYLE_COLOUR('',#6934);
#6698=FILL_AREA_STYLE_COLOUR('',#6934);
#6699=FILL_AREA_STYLE_COLOUR('',#6932);
#6700=FILL_AREA_STYLE_COLOUR('',#6932);
#6701=FILL_AREA_STYLE_COLOUR('',#6932);
#6702=FILL_AREA_STYLE_COLOUR('',#6932);
#6703=FILL_AREA_STYLE_COLOUR('',#6932);
#6704=FILL_AREA_STYLE_COLOUR('',#6934);
#6705=FILL_AREA_STYLE_COLOUR('',#6934);
#6706=FILL_AREA_STYLE_COLOUR('',#6934);
#6707=FILL_AREA_STYLE_COLOUR('',#6934);
#6708=FILL_AREA_STYLE_COLOUR('',#6934);
#6709=FILL_AREA_STYLE_COLOUR('',#6934);
#6710=FILL_AREA_STYLE_COLOUR('',#6934);
#6711=FILL_AREA_STYLE_COLOUR('',#6934);
#6712=FILL_AREA_STYLE_COLOUR('',#6934);
#6713=FILL_AREA_STYLE_COLOUR('',#6932);
#6714=FILL_AREA_STYLE_COLOUR('',#6934);
#6715=FILL_AREA_STYLE_COLOUR('',#6934);
#6716=FILL_AREA_STYLE_COLOUR('',#6934);
#6717=FILL_AREA_STYLE_COLOUR('',#6934);
#6718=FILL_AREA_STYLE_COLOUR('',#6934);
#6719=FILL_AREA_STYLE_COLOUR('',#6934);
#6720=FILL_AREA_STYLE_COLOUR('',#6934);
#6721=FILL_AREA_STYLE_COLOUR('',#6934);
#6722=FILL_AREA_STYLE_COLOUR('',#6934);
#6723=FILL_AREA_STYLE_COLOUR('',#6934);
#6724=FILL_AREA_STYLE_COLOUR('',#6934);
#6725=FILL_AREA_STYLE_COLOUR('',#6934);
#6726=FILL_AREA_STYLE_COLOUR('',#6934);
#6727=FILL_AREA_STYLE_COLOUR('',#6932);
#6728=FILL_AREA_STYLE_COLOUR('',#6934);
#6729=FILL_AREA_STYLE_COLOUR('',#6934);
#6730=FILL_AREA_STYLE_COLOUR('',#6934);
#6731=FILL_AREA_STYLE_COLOUR('',#6934);
#6732=FILL_AREA_STYLE_COLOUR('',#6934);
#6733=FILL_AREA_STYLE_COLOUR('',#6934);
#6734=FILL_AREA_STYLE_COLOUR('',#6934);
#6735=FILL_AREA_STYLE_COLOUR('',#6934);
#6736=FILL_AREA_STYLE_COLOUR('',#6934);
#6737=FILL_AREA_STYLE_COLOUR('',#6934);
#6738=FILL_AREA_STYLE_COLOUR('',#6934);
#6739=FILL_AREA_STYLE_COLOUR('',#6934);
#6740=FILL_AREA_STYLE_COLOUR('',#6934);
#6741=FILL_AREA_STYLE_COLOUR('',#6934);
#6742=FILL_AREA_STYLE_COLOUR('',#6934);
#6743=FILL_AREA_STYLE_COLOUR('',#6934);
#6744=FILL_AREA_STYLE_COLOUR('',#6934);
#6745=FILL_AREA_STYLE_COLOUR('',#6934);
#6746=FILL_AREA_STYLE_COLOUR('',#6934);
#6747=FILL_AREA_STYLE_COLOUR('',#6934);
#6748=FILL_AREA_STYLE_COLOUR('',#6934);
#6749=FILL_AREA_STYLE_COLOUR('',#6932);
#6750=FILL_AREA_STYLE_COLOUR('',#6934);
#6751=FILL_AREA_STYLE_COLOUR('',#6934);
#6752=FILL_AREA_STYLE_COLOUR('',#6934);
#6753=FILL_AREA_STYLE_COLOUR('',#6932);
#6754=FILL_AREA_STYLE_COLOUR('',#6934);
#6755=FILL_AREA_STYLE_COLOUR('',#6934);
#6756=FILL_AREA_STYLE_COLOUR('',#6934);
#6757=FILL_AREA_STYLE_COLOUR('',#6934);
#6758=FILL_AREA_STYLE_COLOUR('',#6934);
#6759=FILL_AREA_STYLE_COLOUR('',#6934);
#6760=FILL_AREA_STYLE_COLOUR('',#6934);
#6761=FILL_AREA_STYLE_COLOUR('',#6934);
#6762=FILL_AREA_STYLE_COLOUR('',#6934);
#6763=FILL_AREA_STYLE_COLOUR('',#6932);
#6764=FILL_AREA_STYLE_COLOUR('',#6932);
#6765=FILL_AREA_STYLE_COLOUR('',#6932);
#6766=FILL_AREA_STYLE_COLOUR('',#6932);
#6767=FILL_AREA_STYLE_COLOUR('',#6932);
#6768=FILL_AREA_STYLE_COLOUR('',#6934);
#6769=FILL_AREA_STYLE_COLOUR('',#6934);
#6770=FILL_AREA_STYLE_COLOUR('',#6934);
#6771=FILL_AREA_STYLE_COLOUR('',#6932);
#6772=FILL_AREA_STYLE_COLOUR('',#6934);
#6773=FILL_AREA_STYLE_COLOUR('',#6932);
#6774=FILL_AREA_STYLE_COLOUR('',#6932);
#6775=FILL_AREA_STYLE_COLOUR('',#6932);
#6776=FILL_AREA_STYLE_COLOUR('',#6932);
#6777=FILL_AREA_STYLE_COLOUR('',#6932);
#6778=FILL_AREA_STYLE_COLOUR('',#6932);
#6779=FILL_AREA_STYLE_COLOUR('',#6932);
#6780=FILL_AREA_STYLE_COLOUR('',#6932);
#6781=FILL_AREA_STYLE_COLOUR('',#6932);
#6782=FILL_AREA_STYLE_COLOUR('',#6932);
#6783=FILL_AREA_STYLE_COLOUR('',#6932);
#6784=FILL_AREA_STYLE_COLOUR('',#6932);
#6785=FILL_AREA_STYLE_COLOUR('',#6932);
#6786=FILL_AREA_STYLE_COLOUR('',#6932);
#6787=FILL_AREA_STYLE_COLOUR('',#6932);
#6788=FILL_AREA_STYLE_COLOUR('',#6932);
#6789=FILL_AREA_STYLE_COLOUR('',#6932);
#6790=FILL_AREA_STYLE_COLOUR('',#6932);
#6791=FILL_AREA_STYLE_COLOUR('',#6932);
#6792=FILL_AREA_STYLE_COLOUR('',#6932);
#6793=FILL_AREA_STYLE_COLOUR('',#6932);
#6794=FILL_AREA_STYLE_COLOUR('',#6932);
#6795=FILL_AREA_STYLE_COLOUR('',#6932);
#6796=FILL_AREA_STYLE_COLOUR('',#6932);
#6797=FILL_AREA_STYLE_COLOUR('',#6932);
#6798=FILL_AREA_STYLE_COLOUR('',#6932);
#6799=FILL_AREA_STYLE_COLOUR('',#6932);
#6800=FILL_AREA_STYLE_COLOUR('',#6932);
#6801=FILL_AREA_STYLE_COLOUR('',#6932);
#6802=FILL_AREA_STYLE_COLOUR('',#6932);
#6803=FILL_AREA_STYLE_COLOUR('',#6932);
#6804=FILL_AREA_STYLE_COLOUR('',#6932);
#6805=FILL_AREA_STYLE_COLOUR('',#6932);
#6806=FILL_AREA_STYLE_COLOUR('',#6932);
#6807=FILL_AREA_STYLE_COLOUR('',#6932);
#6808=FILL_AREA_STYLE_COLOUR('',#6932);
#6809=FILL_AREA_STYLE_COLOUR('',#6932);
#6810=FILL_AREA_STYLE_COLOUR('',#6932);
#6811=FILL_AREA_STYLE_COLOUR('',#6932);
#6812=FILL_AREA_STYLE_COLOUR('',#6932);
#6813=FILL_AREA_STYLE_COLOUR('',#6932);
#6814=FILL_AREA_STYLE_COLOUR('',#6932);
#6815=FILL_AREA_STYLE_COLOUR('',#6932);
#6816=FILL_AREA_STYLE_COLOUR('',#6932);
#6817=FILL_AREA_STYLE_COLOUR('',#6932);
#6818=FILL_AREA_STYLE_COLOUR('',#6932);
#6819=FILL_AREA_STYLE_COLOUR('',#6932);
#6820=FILL_AREA_STYLE_COLOUR('',#6932);
#6821=FILL_AREA_STYLE_COLOUR('',#6932);
#6822=FILL_AREA_STYLE_COLOUR('',#6932);
#6823=FILL_AREA_STYLE_COLOUR('',#6934);
#6824=FILL_AREA_STYLE_COLOUR('',#6934);
#6825=FILL_AREA_STYLE_COLOUR('',#6934);
#6826=FILL_AREA_STYLE_COLOUR('',#6934);
#6827=FILL_AREA_STYLE_COLOUR('',#6934);
#6828=FILL_AREA_STYLE_COLOUR('',#6934);
#6829=FILL_AREA_STYLE_COLOUR('',#6934);
#6830=FILL_AREA_STYLE_COLOUR('',#6934);
#6831=FILL_AREA_STYLE_COLOUR('',#6934);
#6832=FILL_AREA_STYLE_COLOUR('',#6934);
#6833=FILL_AREA_STYLE_COLOUR('',#6934);
#6834=FILL_AREA_STYLE_COLOUR('',#6934);
#6835=FILL_AREA_STYLE_COLOUR('',#6934);
#6836=FILL_AREA_STYLE_COLOUR('',#6934);
#6837=FILL_AREA_STYLE_COLOUR('',#6934);
#6838=FILL_AREA_STYLE_COLOUR('',#6934);
#6839=FILL_AREA_STYLE_COLOUR('',#6934);
#6840=FILL_AREA_STYLE_COLOUR('',#6934);
#6841=FILL_AREA_STYLE_COLOUR('',#6934);
#6842=FILL_AREA_STYLE_COLOUR('',#6934);
#6843=FILL_AREA_STYLE_COLOUR('',#6934);
#6844=FILL_AREA_STYLE_COLOUR('',#6934);
#6845=FILL_AREA_STYLE_COLOUR('',#6934);
#6846=FILL_AREA_STYLE_COLOUR('',#6932);
#6847=FILL_AREA_STYLE_COLOUR('',#6934);
#6848=FILL_AREA_STYLE_COLOUR('',#6933);
#6849=FILL_AREA_STYLE_COLOUR('',#6933);
#6850=FILL_AREA_STYLE_COLOUR('',#6933);
#6851=FILL_AREA_STYLE_COLOUR('',#6932);
#6852=FILL_AREA_STYLE_COLOUR('',#6934);
#6853=FILL_AREA_STYLE_COLOUR('',#6934);
#6854=FILL_AREA_STYLE_COLOUR('',#6934);
#6855=FILL_AREA_STYLE_COLOUR('',#6934);
#6856=FILL_AREA_STYLE_COLOUR('',#6934);
#6857=FILL_AREA_STYLE_COLOUR('',#6934);
#6858=FILL_AREA_STYLE_COLOUR('',#6934);
#6859=FILL_AREA_STYLE_COLOUR('',#6934);
#6860=FILL_AREA_STYLE_COLOUR('',#6934);
#6861=FILL_AREA_STYLE_COLOUR('',#6934);
#6862=FILL_AREA_STYLE_COLOUR('',#6934);
#6863=FILL_AREA_STYLE_COLOUR('',#6932);
#6864=FILL_AREA_STYLE_COLOUR('',#6932);
#6865=FILL_AREA_STYLE_COLOUR('',#6932);
#6866=FILL_AREA_STYLE_COLOUR('',#6934);
#6867=FILL_AREA_STYLE_COLOUR('',#6934);
#6868=FILL_AREA_STYLE_COLOUR('',#6934);
#6869=FILL_AREA_STYLE_COLOUR('',#6934);
#6870=FILL_AREA_STYLE_COLOUR('',#6934);
#6871=FILL_AREA_STYLE_COLOUR('',#6934);
#6872=FILL_AREA_STYLE_COLOUR('',#6934);
#6873=FILL_AREA_STYLE_COLOUR('',#6934);
#6874=FILL_AREA_STYLE_COLOUR('',#6934);
#6875=FILL_AREA_STYLE_COLOUR('',#6934);
#6876=FILL_AREA_STYLE_COLOUR('',#6934);
#6877=FILL_AREA_STYLE_COLOUR('',#6932);
#6878=FILL_AREA_STYLE_COLOUR('',#6932);
#6879=FILL_AREA_STYLE_COLOUR('',#6934);
#6880=FILL_AREA_STYLE_COLOUR('',#6934);
#6881=FILL_AREA_STYLE_COLOUR('',#6932);
#6882=FILL_AREA_STYLE_COLOUR('',#6934);
#6883=FILL_AREA_STYLE_COLOUR('',#6934);
#6884=FILL_AREA_STYLE_COLOUR('',#6934);
#6885=FILL_AREA_STYLE_COLOUR('',#6934);
#6886=FILL_AREA_STYLE_COLOUR('',#6934);
#6887=FILL_AREA_STYLE_COLOUR('',#6934);
#6888=FILL_AREA_STYLE_COLOUR('',#6934);
#6889=FILL_AREA_STYLE_COLOUR('',#6934);
#6890=FILL_AREA_STYLE_COLOUR('',#6934);
#6891=FILL_AREA_STYLE_COLOUR('',#6933);
#6892=FILL_AREA_STYLE_COLOUR('',#6934);
#6893=FILL_AREA_STYLE_COLOUR('',#6934);
#6894=FILL_AREA_STYLE_COLOUR('',#6934);
#6895=FILL_AREA_STYLE_COLOUR('',#6934);
#6896=FILL_AREA_STYLE_COLOUR('',#6934);
#6897=FILL_AREA_STYLE_COLOUR('',#6934);
#6898=FILL_AREA_STYLE_COLOUR('',#6934);
#6899=FILL_AREA_STYLE_COLOUR('',#6934);
#6900=FILL_AREA_STYLE_COLOUR('',#6934);
#6901=FILL_AREA_STYLE_COLOUR('',#6934);
#6902=FILL_AREA_STYLE_COLOUR('',#6934);
#6903=FILL_AREA_STYLE_COLOUR('',#6934);
#6904=FILL_AREA_STYLE_COLOUR('',#6932);
#6905=FILL_AREA_STYLE_COLOUR('',#6932);
#6906=FILL_AREA_STYLE_COLOUR('',#6932);
#6907=FILL_AREA_STYLE_COLOUR('',#6932);
#6908=FILL_AREA_STYLE_COLOUR('',#6932);
#6909=FILL_AREA_STYLE_COLOUR('',#6932);
#6910=FILL_AREA_STYLE_COLOUR('',#6932);
#6911=FILL_AREA_STYLE_COLOUR('',#6932);
#6912=FILL_AREA_STYLE_COLOUR('',#6932);
#6913=FILL_AREA_STYLE_COLOUR('',#6932);
#6914=FILL_AREA_STYLE_COLOUR('',#6932);
#6915=FILL_AREA_STYLE_COLOUR('',#6932);
#6916=FILL_AREA_STYLE_COLOUR('',#6932);
#6917=FILL_AREA_STYLE_COLOUR('',#6932);
#6918=FILL_AREA_STYLE_COLOUR('',#6932);
#6919=FILL_AREA_STYLE_COLOUR('',#6932);
#6920=FILL_AREA_STYLE_COLOUR('',#6932);
#6921=FILL_AREA_STYLE_COLOUR('',#6932);
#6922=FILL_AREA_STYLE_COLOUR('',#6932);
#6923=FILL_AREA_STYLE_COLOUR('',#6932);
#6924=FILL_AREA_STYLE_COLOUR('',#6932);
#6925=FILL_AREA_STYLE_COLOUR('',#6932);
#6926=FILL_AREA_STYLE_COLOUR('',#6932);
#6927=FILL_AREA_STYLE_COLOUR('',#6932);
#6928=FILL_AREA_STYLE_COLOUR('',#6932);
#6929=FILL_AREA_STYLE_COLOUR('',#6932);
#6930=FILL_AREA_STYLE_COLOUR('',#6933);
#6931=FILL_AREA_STYLE_COLOUR('',#6933);
#6932=COLOUR_RGB('',0.699999988079071,0.699999988079071,0.699999988079071);
#6933=COLOUR_RGB('',0.200000002980232,0.200000002980232,0.200000002980232);
#6934=COLOUR_RGB('',0.550000011920929,0.311243504285812,0.21841649711132);
#6935=ADVANCED_FACE('',(#4618),#4880,.T.);
#6936=ADVANCED_FACE('',(#4619),#4881,.F.);
#6937=ADVANCED_FACE('',(#4620),#4882,.F.);
#6938=ADVANCED_FACE('',(#4621),#4883,.F.);
#6939=ADVANCED_FACE('',(#4622),#4884,.F.);
#6940=ADVANCED_FACE('',(#4623),#4885,.F.);
#6941=ADVANCED_FACE('',(#4624),#4886,.F.);
#6942=ADVANCED_FACE('',(#4625),#4887,.F.);
#6943=ADVANCED_FACE('',(#4626),#4888,.T.);
#6944=ADVANCED_FACE('',(#4627),#4889,.F.);
#6945=ADVANCED_FACE('',(#4628),#4890,.F.);
#6946=ADVANCED_FACE('',(#4629),#4891,.F.);
#6947=ADVANCED_FACE('',(#4630),#4892,.T.);
#6948=ADVANCED_FACE('',(#4631),#4893,.F.);
#6949=ADVANCED_FACE('',(#4632),#4894,.F.);
#6950=ADVANCED_FACE('',(#4633),#4895,.F.);
#6951=ADVANCED_FACE('',(#4634),#4896,.F.);
#6952=ADVANCED_FACE('',(#4635),#4897,.F.);
#6953=ADVANCED_FACE('',(#4636),#4898,.F.);
#6954=ADVANCED_FACE('',(#4637),#4899,.F.);
#6955=ADVANCED_FACE('',(#4638),#4900,.F.);
#6956=ADVANCED_FACE('',(#4639),#20,.T.);
#6957=ADVANCED_FACE('',(#4640),#4901,.T.);
#6958=ADVANCED_FACE('',(#4641),#4902,.T.);
#6959=ADVANCED_FACE('',(#4642),#4903,.T.);
#6960=ADVANCED_FACE('',(#4643),#4904,.T.);
#6961=ADVANCED_FACE('',(#4644),#4905,.T.);
#6962=ADVANCED_FACE('',(#4645),#4906,.T.);
#6963=ADVANCED_FACE('',(#4646),#4907,.T.);
#6964=ADVANCED_FACE('',(#4647),#4908,.T.);
#6965=ADVANCED_FACE('',(#4648),#4909,.T.);
#6966=ADVANCED_FACE('',(#4649),#21,.F.);
#6967=ADVANCED_FACE('',(#4650),#4910,.F.);
#6968=ADVANCED_FACE('',(#4651),#4911,.F.);
#6969=ADVANCED_FACE('',(#4652),#4912,.F.);
#6970=ADVANCED_FACE('',(#4653),#4913,.F.);
#6971=ADVANCED_FACE('',(#4654),#4914,.F.);
#6972=ADVANCED_FACE('',(#4655),#4915,.F.);
#6973=ADVANCED_FACE('',(#4656),#4916,.F.);
#6974=ADVANCED_FACE('',(#4657),#4917,.F.);
#6975=ADVANCED_FACE('',(#4658),#4918,.F.);
#6976=ADVANCED_FACE('',(#4659),#4919,.T.);
#6977=ADVANCED_FACE('',(#4660),#4920,.F.);
#6978=ADVANCED_FACE('',(#4661),#4921,.F.);
#6979=ADVANCED_FACE('',(#4662),#4922,.F.);
#6980=ADVANCED_FACE('',(#4663),#4923,.F.);
#6981=ADVANCED_FACE('',(#4664),#4924,.F.);
#6982=ADVANCED_FACE('',(#4665),#4925,.F.);
#6983=ADVANCED_FACE('',(#4666),#4926,.F.);
#6984=ADVANCED_FACE('',(#4667),#4927,.F.);
#6985=ADVANCED_FACE('',(#4668),#4928,.F.);
#6986=ADVANCED_FACE('',(#4669),#4929,.F.);
#6987=ADVANCED_FACE('',(#4670),#4930,.F.);
#6988=ADVANCED_FACE('',(#4671),#4931,.F.);
#6989=ADVANCED_FACE('',(#4672),#4932,.F.);
#6990=ADVANCED_FACE('',(#4673),#4933,.T.);
#6991=ADVANCED_FACE('',(#4674),#4934,.F.);
#6992=ADVANCED_FACE('',(#4675),#4935,.F.);
#6993=ADVANCED_FACE('',(#4676),#4936,.F.);
#6994=ADVANCED_FACE('',(#4677),#4937,.F.);
#6995=ADVANCED_FACE('',(#4678),#4938,.F.);
#6996=ADVANCED_FACE('',(#4679),#4939,.F.);
#6997=ADVANCED_FACE('',(#4680),#4940,.F.);
#6998=ADVANCED_FACE('',(#4681),#4941,.F.);
#6999=ADVANCED_FACE('',(#4682),#4942,.F.);
#7000=ADVANCED_FACE('',(#4683),#4943,.F.);
#7001=ADVANCED_FACE('',(#4684),#4944,.F.);
#7002=ADVANCED_FACE('',(#4685),#4945,.F.);
#7003=ADVANCED_FACE('',(#4686),#4946,.F.);
#7004=ADVANCED_FACE('',(#4687),#4947,.F.);
#7005=ADVANCED_FACE('',(#4688),#4948,.F.);
#7006=ADVANCED_FACE('',(#4689),#4949,.F.);
#7007=ADVANCED_FACE('',(#4690),#4950,.F.);
#7008=ADVANCED_FACE('',(#4691),#4951,.F.);
#7009=ADVANCED_FACE('',(#4692),#4952,.F.);
#7010=ADVANCED_FACE('',(#4693),#4953,.F.);
#7011=ADVANCED_FACE('',(#4694),#4954,.F.);
#7012=ADVANCED_FACE('',(#4695),#4955,.T.);
#7013=ADVANCED_FACE('',(#4696),#4956,.F.);
#7014=ADVANCED_FACE('',(#4697),#4957,.F.);
#7015=ADVANCED_FACE('',(#4698),#4958,.F.);
#7016=ADVANCED_FACE('',(#4699),#4959,.T.);
#7017=ADVANCED_FACE('',(#4700),#4960,.F.);
#7018=ADVANCED_FACE('',(#4701),#4961,.F.);
#7019=ADVANCED_FACE('',(#4702),#4962,.F.);
#7020=ADVANCED_FACE('',(#4703),#4963,.F.);
#7021=ADVANCED_FACE('',(#4704),#4964,.F.);
#7022=ADVANCED_FACE('',(#4705),#4965,.F.);
#7023=ADVANCED_FACE('',(#4706),#4966,.F.);
#7024=ADVANCED_FACE('',(#4707),#4967,.F.);
#7025=ADVANCED_FACE('',(#4708),#4968,.F.);
#7026=ADVANCED_FACE('',(#4709),#4969,.T.);
#7027=ADVANCED_FACE('',(#4710),#22,.F.);
#7028=ADVANCED_FACE('',(#4711),#4970,.T.);
#7029=ADVANCED_FACE('',(#4712),#4971,.T.);
#7030=ADVANCED_FACE('',(#4713),#4972,.T.);
#7031=ADVANCED_FACE('',(#4714),#4973,.T.);
#7032=ADVANCED_FACE('',(#4715),#4974,.T.);
#7033=ADVANCED_FACE('',(#4716),#4975,.T.);
#7034=ADVANCED_FACE('',(#4717),#23,.F.);
#7035=ADVANCED_FACE('',(#4718),#4976,.T.);
#7036=ADVANCED_FACE('',(#4719),#24,.F.);
#7037=ADVANCED_FACE('',(#4720),#4977,.F.);
#7038=ADVANCED_FACE('',(#4721),#25,.T.);
#7039=ADVANCED_FACE('',(#4722),#4978,.F.);
#7040=ADVANCED_FACE('',(#4723),#4979,.F.);
#7041=ADVANCED_FACE('',(#4724),#4980,.F.);
#7042=ADVANCED_FACE('',(#4725),#26,.T.);
#7043=ADVANCED_FACE('',(#4726),#4981,.F.);
#7044=ADVANCED_FACE('',(#4727),#27,.T.);
#7045=ADVANCED_FACE('',(#4728),#4982,.F.);
#7046=ADVANCED_FACE('',(#4729),#4983,.F.);
#7047=ADVANCED_FACE('',(#4730),#4984,.T.);
#7048=ADVANCED_FACE('',(#4731),#4985,.F.);
#7049=ADVANCED_FACE('',(#4732),#4986,.F.);
#7050=ADVANCED_FACE('',(#4733),#28,.T.);
#7051=ADVANCED_FACE('',(#4734),#4987,.F.);
#7052=ADVANCED_FACE('',(#4735),#4988,.F.);
#7053=ADVANCED_FACE('',(#4736),#4989,.F.);
#7054=ADVANCED_FACE('',(#4737),#29,.T.);
#7055=ADVANCED_FACE('',(#4738),#4990,.F.);
#7056=ADVANCED_FACE('',(#4739),#30,.T.);
#7057=ADVANCED_FACE('',(#4740),#4991,.F.);
#7058=ADVANCED_FACE('',(#4741),#4992,.F.);
#7059=ADVANCED_FACE('',(#4742),#4993,.T.);
#7060=ADVANCED_FACE('',(#4743),#4994,.F.);
#7061=ADVANCED_FACE('',(#4744),#31,.T.);
#7062=ADVANCED_FACE('',(#4745),#4995,.F.);
#7063=ADVANCED_FACE('',(#4746),#32,.T.);
#7064=ADVANCED_FACE('',(#4747),#4996,.F.);
#7065=ADVANCED_FACE('',(#4748),#4997,.F.);
#7066=ADVANCED_FACE('',(#4749),#4998,.F.);
#7067=ADVANCED_FACE('',(#4750),#4999,.F.);
#7068=ADVANCED_FACE('',(#4751),#5000,.F.);
#7069=ADVANCED_FACE('',(#4752),#33,.T.);
#7070=ADVANCED_FACE('',(#4753),#5001,.F.);
#7071=ADVANCED_FACE('',(#4754),#34,.T.);
#7072=ADVANCED_FACE('',(#4755),#5002,.F.);
#7073=ADVANCED_FACE('',(#4756),#5003,.F.);
#7074=ADVANCED_FACE('',(#4757),#5004,.F.);
#7075=ADVANCED_FACE('',(#4758),#5005,.F.);
#7076=ADVANCED_FACE('',(#4759),#35,.T.);
#7077=ADVANCED_FACE('',(#4760),#5006,.F.);
#7078=ADVANCED_FACE('',(#4761),#5007,.F.);
#7079=ADVANCED_FACE('',(#4762),#36,.T.);
#7080=ADVANCED_FACE('',(#4763),#5008,.F.);
#7081=ADVANCED_FACE('',(#4764),#5009,.F.);
#7082=ADVANCED_FACE('',(#4765),#5010,.F.);
#7083=ADVANCED_FACE('',(#4766),#37,.T.);
#7084=ADVANCED_FACE('',(#4767),#5011,.F.);
#7085=ADVANCED_FACE('',(#4768),#38,.T.);
#7086=ADVANCED_FACE('',(#4769),#5012,.T.);
#7087=ADVANCED_FACE('',(#4770),#5013,.F.);
#7088=ADVANCED_FACE('',(#4771),#5014,.F.);
#7089=ADVANCED_FACE('',(#4772),#5015,.F.);
#7090=ADVANCED_FACE('',(#4773),#5016,.F.);
#7091=ADVANCED_FACE('',(#4774),#5017,.F.);
#7092=ADVANCED_FACE('',(#4775),#5018,.F.);
#7093=ADVANCED_FACE('',(#4776),#5019,.F.);
#7094=ADVANCED_FACE('',(#4777),#5020,.F.);
#7095=ADVANCED_FACE('',(#4778),#5021,.T.);
#7096=ADVANCED_FACE('',(#4779),#5022,.F.);
#7097=ADVANCED_FACE('',(#4780),#5023,.F.);
#7098=ADVANCED_FACE('',(#4781),#5024,.F.);
#7099=ADVANCED_FACE('',(#4782),#5025,.F.);
#7100=ADVANCED_FACE('',(#4783),#5026,.F.);
#7101=ADVANCED_FACE('',(#4784),#5027,.F.);
#7102=ADVANCED_FACE('',(#4785),#5028,.F.);
#7103=ADVANCED_FACE('',(#4786),#5029,.F.);
#7104=ADVANCED_FACE('',(#4787),#5030,.F.);
#7105=ADVANCED_FACE('',(#4788),#5031,.F.);
#7106=ADVANCED_FACE('',(#4789),#5032,.F.);
#7107=ADVANCED_FACE('',(#4790),#5033,.F.);
#7108=ADVANCED_FACE('',(#4791),#5034,.F.);
#7109=ADVANCED_FACE('',(#4792),#5035,.T.);
#7110=ADVANCED_FACE('',(#4793),#5036,.F.);
#7111=ADVANCED_FACE('',(#4794),#5037,.F.);
#7112=ADVANCED_FACE('',(#4795,#4796),#5038,.T.);
#7113=ADVANCED_FACE('',(#4797),#5039,.F.);
#7114=ADVANCED_FACE('',(#4798),#5040,.T.);
#7115=ADVANCED_FACE('',(#4799),#5041,.F.);
#7116=ADVANCED_FACE('',(#4800),#5042,.F.);
#7117=ADVANCED_FACE('',(#4801),#5043,.F.);
#7118=ADVANCED_FACE('',(#4802),#5044,.F.);
#7119=ADVANCED_FACE('',(#4803),#5045,.F.);
#7120=ADVANCED_FACE('',(#4804),#5046,.F.);
#7121=ADVANCED_FACE('',(#4805),#5047,.F.);
#7122=ADVANCED_FACE('',(#4806),#5048,.F.);
#7123=ADVANCED_FACE('',(#4807),#5049,.F.);
#7124=ADVANCED_FACE('',(#4808),#5050,.F.);
#7125=ADVANCED_FACE('',(#4809),#5051,.F.);
#7126=ADVANCED_FACE('',(#4810),#5052,.T.);
#7127=ADVANCED_FACE('',(#4811),#5053,.F.);
#7128=ADVANCED_FACE('',(#4812),#5054,.F.);
#7129=ADVANCED_FACE('',(#4813),#5055,.F.);
#7130=ADVANCED_FACE('',(#4814),#5056,.F.);
#7131=ADVANCED_FACE('',(#4815),#5057,.F.);
#7132=ADVANCED_FACE('',(#4816),#5058,.F.);
#7133=ADVANCED_FACE('',(#4817),#5059,.F.);
#7134=ADVANCED_FACE('',(#4818),#5060,.F.);
#7135=ADVANCED_FACE('',(#4819),#5061,.F.);
#7136=ADVANCED_FACE('',(#4820),#5062,.F.);
#7137=ADVANCED_FACE('',(#4821),#5063,.F.);
#7138=ADVANCED_FACE('',(#4822),#5064,.F.);
#7139=ADVANCED_FACE('',(#4823),#5065,.F.);
#7140=ADVANCED_FACE('',(#4824),#5066,.T.);
#7141=ADVANCED_FACE('',(#4825),#5067,.T.);
#7142=ADVANCED_FACE('',(#4826),#5068,.F.);
#7143=ADVANCED_FACE('',(#4827),#5069,.F.);
#7144=ADVANCED_FACE('',(#4828),#5070,.T.);
#7145=ADVANCED_FACE('',(#4829),#5071,.F.);
#7146=ADVANCED_FACE('',(#4830),#5072,.F.);
#7147=ADVANCED_FACE('',(#4831),#5073,.F.);
#7148=ADVANCED_FACE('',(#4832),#5074,.F.);
#7149=ADVANCED_FACE('',(#4833),#5075,.F.);
#7150=ADVANCED_FACE('',(#4834),#5076,.F.);
#7151=ADVANCED_FACE('',(#4835),#5077,.F.);
#7152=ADVANCED_FACE('',(#4836),#5078,.F.);
#7153=ADVANCED_FACE('',(#4837),#5079,.F.);
#7154=ADVANCED_FACE('',(#4838),#5080,.F.);
#7155=ADVANCED_FACE('',(#4839),#5081,.F.);
#7156=ADVANCED_FACE('',(#4840),#5082,.F.);
#7157=ADVANCED_FACE('',(#4841),#5083,.F.);
#7158=ADVANCED_FACE('',(#4842),#5084,.F.);
#7159=ADVANCED_FACE('',(#4843),#5085,.F.);
#7160=ADVANCED_FACE('',(#4844),#5086,.F.);
#7161=ADVANCED_FACE('',(#4845),#5087,.F.);
#7162=ADVANCED_FACE('',(#4846),#5088,.F.);
#7163=ADVANCED_FACE('',(#4847),#5089,.F.);
#7164=ADVANCED_FACE('',(#4848),#5090,.F.);
#7165=ADVANCED_FACE('',(#4849),#5091,.T.);
#7166=ADVANCED_FACE('',(#4850),#5092,.F.);
#7167=ADVANCED_FACE('',(#4851),#5093,.T.);
#7168=ADVANCED_FACE('',(#4852),#5094,.F.);
#7169=ADVANCED_FACE('',(#4853),#5095,.T.);
#7170=ADVANCED_FACE('',(#4854),#39,.F.);
#7171=ADVANCED_FACE('',(#4855),#5096,.T.);
#7172=ADVANCED_FACE('',(#4856),#5097,.F.);
#7173=ADVANCED_FACE('',(#4857),#40,.F.);
#7174=ADVANCED_FACE('',(#4858),#5098,.F.);
#7175=ADVANCED_FACE('',(#4859),#5099,.T.);
#7176=ADVANCED_FACE('',(#4860),#41,.F.);
#7177=ADVANCED_FACE('',(#4861),#5100,.T.);
#7178=ADVANCED_FACE('',(#4862),#5101,.F.);
#7179=ADVANCED_FACE('',(#4863),#42,.F.);
#7180=ADVANCED_FACE('',(#4864),#5102,.F.);
#7181=ADVANCED_FACE('',(#4865),#5103,.T.);
#7182=ADVANCED_FACE('',(#4866),#43,.F.);
#7183=ADVANCED_FACE('',(#4867),#5104,.T.);
#7184=ADVANCED_FACE('',(#4868),#5105,.F.);
#7185=ADVANCED_FACE('',(#4869),#44,.F.);
#7186=ADVANCED_FACE('',(#4870),#5106,.F.);
#7187=ADVANCED_FACE('',(#4871),#5107,.T.);
#7188=ADVANCED_FACE('',(#4872),#45,.F.);
#7189=ADVANCED_FACE('',(#4873),#5108,.T.);
#7190=ADVANCED_FACE('',(#4874),#5109,.F.);
#7191=ADVANCED_FACE('',(#4875),#46,.F.);
#7192=ADVANCED_FACE('',(#4876),#5110,.T.);
#7193=ADVANCED_FACE('',(#4877,#4878),#47,.F.);
#7194=ADVANCED_FACE('',(#4879),#5111,.F.);
#7195=CLOSED_SHELL('',(#6935,#6936,#6937,#6938,#6939,#6940,#6941,#6942,
#6943,#6944,#6945,#6946,#6947,#6948,#6949,#6950,#6951,#6952,#6953,#6954,
#6955,#6956,#6957,#6958,#6959,#6960,#6961,#6962,#6963,#6964,#6965,#6966,
#6967,#6968,#6969,#6970,#6971,#6972,#6973,#6974,#6975,#6976,#6977,#6978,
#6979,#6980,#6981,#6982,#6983,#6984,#6985,#6986,#6987,#6988,#6989,#6990,
#6991,#6992,#6993,#6994,#6995,#6996,#6997,#6998,#6999,#7000,#7001,#7002,
#7003,#7004,#7005,#7006,#7007,#7008,#7009,#7010,#7011,#7012,#7013,#7014,
#7015,#7016,#7017,#7018,#7019,#7020,#7021,#7022,#7023,#7024,#7025,#7026,
#7027,#7028,#7029,#7030,#7031,#7032,#7033,#7034,#7035,#7036,#7037,#7038,
#7039,#7040,#7041,#7042,#7043,#7044,#7045,#7046,#7047,#7048,#7049,#7050,
#7051,#7052,#7053,#7054,#7055,#7056,#7057,#7058,#7059,#7060,#7061,#7062,
#7063,#7064,#7065,#7066,#7067,#7068,#7069,#7070,#7071,#7072,#7073,#7074,
#7075,#7076,#7077,#7078,#7079,#7080,#7081,#7082,#7083,#7084,#7085,#7086,
#7087,#7088,#7089,#7090,#7091,#7092,#7093,#7094,#7095,#7096,#7097,#7098,
#7099,#7100,#7101,#7102,#7103,#7104,#7105,#7106,#7107,#7108,#7109,#7110,
#7111,#7112,#7113,#7114,#7115,#7116,#7117,#7118,#7119,#7120,#7121,#7122,
#7123,#7124,#7125,#7126,#7127,#7128,#7129,#7130,#7131,#7132,#7133,#7134,
#7135,#7136,#7137,#7138,#7139,#7140,#7141,#7142,#7143,#7144,#7145,#7146,
#7147,#7148,#7149,#7150,#7151,#7152,#7153,#7154,#7155,#7156,#7157,#7158,
#7159,#7160,#7161,#7162,#7163,#7164,#7165,#7166,#7167,#7168,#7169,#7170,
#7171,#7172,#7173,#7174,#7175,#7176,#7177,#7178,#7179,#7180,#7181,#7182,
#7183,#7184,#7185,#7186,#7187,#7188,#7189,#7190,#7191,#7192,#7193,#7194));
#7196=MANIFOLD_SOLID_BREP('',#7195);
#7197=SHAPE_DEFINITION_REPRESENTATION(#10415,#7198);
#7198=SHAPE_REPRESENTATION('UCC33420QRAQRQ1',(#7199),#10410);
#7199=AXIS2_PLACEMENT_3D('',#8864,#7516,#7517);
#7200=AXIS2_PLACEMENT_3D('',#8865,#7518,#7519);
#7201=AXIS2_PLACEMENT_3D('',#8873,#7523,#7524);
#7202=AXIS2_PLACEMENT_3D('',#8878,#7527,#7528);
#7203=AXIS2_PLACEMENT_3D('',#8902,#7540,#7541);
#7204=AXIS2_PLACEMENT_3D('',#8906,#7543,#7544);
#7205=AXIS2_PLACEMENT_3D('',#8922,#7552,#7553);
#7206=AXIS2_PLACEMENT_3D('',#8926,#7555,#7556);
#7207=AXIS2_PLACEMENT_3D('',#8942,#7564,#7565);
#7208=AXIS2_PLACEMENT_3D('',#8946,#7567,#7568);
#7209=AXIS2_PLACEMENT_3D('',#8962,#7576,#7577);
#7210=AXIS2_PLACEMENT_3D('',#8966,#7579,#7580);
#7211=AXIS2_PLACEMENT_3D('',#8986,#7590,#7591);
#7212=AXIS2_PLACEMENT_3D('',#8990,#7593,#7594);
#7213=AXIS2_PLACEMENT_3D('',#9006,#7602,#7603);
#7214=AXIS2_PLACEMENT_3D('',#9010,#7605,#7606);
#7215=AXIS2_PLACEMENT_3D('',#9026,#7614,#7615);
#7216=AXIS2_PLACEMENT_3D('',#9030,#7617,#7618);
#7217=AXIS2_PLACEMENT_3D('',#9046,#7626,#7627);
#7218=AXIS2_PLACEMENT_3D('',#9047,#7628,#7629);
#7219=AXIS2_PLACEMENT_3D('',#9233,#7725,#7726);
#7220=AXIS2_PLACEMENT_3D('',#9239,#7730,#7731);
#7221=AXIS2_PLACEMENT_3D('',#9248,#7736,#7737);
#7222=AXIS2_PLACEMENT_3D('',#9254,#7741,#7742);
#7223=AXIS2_PLACEMENT_3D('',#9263,#7747,#7748);
#7224=AXIS2_PLACEMENT_3D('',#9269,#7752,#7753);
#7225=AXIS2_PLACEMENT_3D('',#9278,#7759,#7760);
#7226=AXIS2_PLACEMENT_3D('',#9284,#7764,#7765);
#7227=AXIS2_PLACEMENT_3D('',#9288,#7768,#7769);
#7228=AXIS2_PLACEMENT_3D('',#9292,#7772,#7773);
#7229=AXIS2_PLACEMENT_3D('',#9305,#7781,#7782);
#7230=AXIS2_PLACEMENT_3D('',#9307,#7784,#7785);
#7231=AXIS2_PLACEMENT_3D('',#9308,#7786,#7787);
#7232=AXIS2_PLACEMENT_3D('',#9310,#7789,#7790);
#7233=AXIS2_PLACEMENT_3D('',#9312,#7792,#7793);
#7234=AXIS2_PLACEMENT_3D('',#9314,#7795,#7796);
#7235=AXIS2_PLACEMENT_3D('',#9316,#7798,#7799);
#7236=AXIS2_PLACEMENT_3D('',#9317,#7800,#7801);
#7237=AXIS2_PLACEMENT_3D('',#9323,#7805,#7806);
#7238=AXIS2_PLACEMENT_3D('',#9324,#7807,#7808);
#7239=AXIS2_PLACEMENT_3D('',#9327,#7810,#7811);
#7240=AXIS2_PLACEMENT_3D('',#9352,#7824,#7825);
#7241=AXIS2_PLACEMENT_3D('',#9377,#7838,#7839);
#7242=AXIS2_PLACEMENT_3D('',#9402,#7852,#7853);
#7243=AXIS2_PLACEMENT_3D('',#9427,#7866,#7867);
#7244=AXIS2_PLACEMENT_3D('',#9452,#7880,#7881);
#7245=AXIS2_PLACEMENT_3D('',#9458,#7884,#7885);
#7246=AXIS2_PLACEMENT_3D('',#9462,#7887,#7888);
#7247=AXIS2_PLACEMENT_3D('',#9465,#7890,#7891);
#7248=AXIS2_PLACEMENT_3D('',#9473,#7895,#7896);
#7249=AXIS2_PLACEMENT_3D('',#9477,#7898,#7899);
#7250=AXIS2_PLACEMENT_3D('',#9478,#7900,#7901);
#7251=AXIS2_PLACEMENT_3D('',#9486,#7905,#7906);
#7252=AXIS2_PLACEMENT_3D('',#9490,#7908,#7909);
#7253=AXIS2_PLACEMENT_3D('',#9491,#7910,#7911);
#7254=AXIS2_PLACEMENT_3D('',#9495,#7913,#7914);
#7255=AXIS2_PLACEMENT_3D('',#9499,#7916,#7917);
#7256=AXIS2_PLACEMENT_3D('',#9504,#7920,#7921);
#7257=AXIS2_PLACEMENT_3D('',#9505,#7922,#7923);
#7258=AXIS2_PLACEMENT_3D('',#9510,#7925,#7926);
#7259=AXIS2_PLACEMENT_3D('',#9513,#7928,#7929);
#7260=AXIS2_PLACEMENT_3D('',#9516,#7932,#7933);
#7261=AXIS2_PLACEMENT_3D('',#9518,#7935,#7936);
#7262=AXIS2_PLACEMENT_3D('',#9520,#7938,#7939);
#7263=AXIS2_PLACEMENT_3D('',#9522,#7941,#7942);
#7264=AXIS2_PLACEMENT_3D('',#9524,#7944,#7945);
#7265=AXIS2_PLACEMENT_3D('',#9526,#7947,#7948);
#7266=AXIS2_PLACEMENT_3D('',#9528,#7950,#7951);
#7267=AXIS2_PLACEMENT_3D('',#9530,#7953,#7954);
#7268=AXIS2_PLACEMENT_3D('',#9532,#7956,#7957);
#7269=AXIS2_PLACEMENT_3D('',#9539,#7962,#7963);
#7270=AXIS2_PLACEMENT_3D('',#9541,#7965,#7966);
#7271=AXIS2_PLACEMENT_3D('',#9542,#7967,#7968);
#7272=AXIS2_PLACEMENT_3D('',#9545,#7971,#7972);
#7273=AXIS2_PLACEMENT_3D('',#9547,#7974,#7975);
#7274=AXIS2_PLACEMENT_3D('',#9549,#7977,#7978);
#7275=AXIS2_PLACEMENT_3D('',#9551,#7980,#7981);
#7276=AXIS2_PLACEMENT_3D('',#9553,#7983,#7984);
#7277=AXIS2_PLACEMENT_3D('',#9555,#7986,#7987);
#7278=AXIS2_PLACEMENT_3D('',#9557,#7989,#7990);
#7279=AXIS2_PLACEMENT_3D('',#9559,#7992,#7993);
#7280=AXIS2_PLACEMENT_3D('',#9561,#7995,#7996);
#7281=AXIS2_PLACEMENT_3D('',#9563,#7998,#7999);
#7282=AXIS2_PLACEMENT_3D('',#9565,#8001,#8002);
#7283=AXIS2_PLACEMENT_3D('',#9568,#8005,#8006);
#7284=AXIS2_PLACEMENT_3D('',#9571,#8009,#8010);
#7285=AXIS2_PLACEMENT_3D('',#9573,#8012,#8013);
#7286=AXIS2_PLACEMENT_3D('',#9575,#8015,#8016);
#7287=AXIS2_PLACEMENT_3D('',#9577,#8018,#8019);
#7288=AXIS2_PLACEMENT_3D('',#9579,#8021,#8022);
#7289=AXIS2_PLACEMENT_3D('',#9581,#8024,#8025);
#7290=AXIS2_PLACEMENT_3D('',#9583,#8027,#8028);
#7291=AXIS2_PLACEMENT_3D('',#9585,#8030,#8031);
#7292=AXIS2_PLACEMENT_3D('',#9587,#8033,#8034);
#7293=AXIS2_PLACEMENT_3D('',#9589,#8036,#8037);
#7294=AXIS2_PLACEMENT_3D('',#9591,#8039,#8040);
#7295=AXIS2_PLACEMENT_3D('',#9594,#8043,#8044);
#7296=AXIS2_PLACEMENT_3D('',#9596,#8046,#8047);
#7297=AXIS2_PLACEMENT_3D('',#9598,#8049,#8050);
#7298=AXIS2_PLACEMENT_3D('',#9600,#8052,#8053);
#7299=AXIS2_PLACEMENT_3D('',#9602,#8055,#8056);
#7300=AXIS2_PLACEMENT_3D('',#9604,#8058,#8059);
#7301=AXIS2_PLACEMENT_3D('',#9606,#8061,#8062);
#7302=AXIS2_PLACEMENT_3D('',#9608,#8064,#8065);
#7303=AXIS2_PLACEMENT_3D('',#9610,#8067,#8068);
#7304=AXIS2_PLACEMENT_3D('',#9612,#8070,#8071);
#7305=AXIS2_PLACEMENT_3D('',#9619,#8076,#8077);
#7306=AXIS2_PLACEMENT_3D('',#9620,#8078,#8079);
#7307=AXIS2_PLACEMENT_3D('',#9623,#8082,#8083);
#7308=AXIS2_PLACEMENT_3D('',#9625,#8085,#8086);
#7309=AXIS2_PLACEMENT_3D('',#9632,#8091,#8092);
#7310=AXIS2_PLACEMENT_3D('',#9634,#8094,#8095);
#7311=AXIS2_PLACEMENT_3D('',#9636,#8097,#8098);
#7312=AXIS2_PLACEMENT_3D('',#9638,#8100,#8101);
#7313=AXIS2_PLACEMENT_3D('',#9640,#8103,#8104);
#7314=AXIS2_PLACEMENT_3D('',#9642,#8106,#8107);
#7315=AXIS2_PLACEMENT_3D('',#9644,#8109,#8110);
#7316=AXIS2_PLACEMENT_3D('',#9646,#8112,#8113);
#7317=AXIS2_PLACEMENT_3D('',#9648,#8115,#8116);
#7318=AXIS2_PLACEMENT_3D('',#9649,#8117,#8118);
#7319=AXIS2_PLACEMENT_3D('',#9655,#8122,#8123);
#7320=AXIS2_PLACEMENT_3D('',#9656,#8124,#8125);
#7321=AXIS2_PLACEMENT_3D('',#9658,#8126,#8127);
#7322=AXIS2_PLACEMENT_3D('',#9661,#8129,#8130);
#7323=AXIS2_PLACEMENT_3D('',#9665,#8132,#8133);
#7324=AXIS2_PLACEMENT_3D('',#9669,#8135,#8136);
#7325=AXIS2_PLACEMENT_3D('',#9674,#8139,#8140);
#7326=AXIS2_PLACEMENT_3D('',#9681,#8144,#8145);
#7327=AXIS2_PLACEMENT_3D('',#9682,#8146,#8147);
#7328=AXIS2_PLACEMENT_3D('',#9690,#8151,#8152);
#7329=AXIS2_PLACEMENT_3D('',#9694,#8154,#8155);
#7330=AXIS2_PLACEMENT_3D('',#9695,#8156,#8157);
#7331=AXIS2_PLACEMENT_3D('',#9720,#8170,#8171);
#7332=AXIS2_PLACEMENT_3D('',#9745,#8184,#8185);
#7333=AXIS2_PLACEMENT_3D('',#9770,#8198,#8199);
#7334=AXIS2_PLACEMENT_3D('',#9771,#8200,#8201);
#7335=AXIS2_PLACEMENT_3D('',#9776,#8203,#8204);
#7336=AXIS2_PLACEMENT_3D('',#9779,#8206,#8207);
#7337=AXIS2_PLACEMENT_3D('',#9804,#8220,#8221);
#7338=AXIS2_PLACEMENT_3D('',#9805,#8222,#8223);
#7339=AXIS2_PLACEMENT_3D('',#9810,#8225,#8226);
#7340=AXIS2_PLACEMENT_3D('',#9813,#8228,#8229);
#7341=AXIS2_PLACEMENT_3D('',#9816,#8232,#8233);
#7342=AXIS2_PLACEMENT_3D('',#9818,#8235,#8236);
#7343=AXIS2_PLACEMENT_3D('',#9820,#8238,#8239);
#7344=AXIS2_PLACEMENT_3D('',#9837,#8250,#8251);
#7345=AXIS2_PLACEMENT_3D('',#9840,#8254,#8255);
#7346=AXIS2_PLACEMENT_3D('',#9842,#8257,#8258);
#7347=AXIS2_PLACEMENT_3D('',#9844,#8260,#8261);
#7348=AXIS2_PLACEMENT_3D('',#9846,#8263,#8264);
#7349=AXIS2_PLACEMENT_3D('',#9848,#8266,#8267);
#7350=AXIS2_PLACEMENT_3D('',#9851,#8270,#8271);
#7351=AXIS2_PLACEMENT_3D('',#9852,#8272,#8273);
#7352=AXIS2_PLACEMENT_3D('',#9855,#8276,#8277);
#7353=AXIS2_PLACEMENT_3D('',#9858,#8280,#8281);
#7354=AXIS2_PLACEMENT_3D('',#9860,#8283,#8284);
#7355=AXIS2_PLACEMENT_3D('',#9862,#8286,#8287);
#7356=AXIS2_PLACEMENT_3D('',#9865,#8290,#8291);
#7357=AXIS2_PLACEMENT_3D('',#9868,#8294,#8295);
#7358=AXIS2_PLACEMENT_3D('',#9870,#8297,#8298);
#7359=AXIS2_PLACEMENT_3D('',#9872,#8300,#8301);
#7360=AXIS2_PLACEMENT_3D('',#9874,#8303,#8304);
#7361=AXIS2_PLACEMENT_3D('',#9876,#8306,#8307);
#7362=AXIS2_PLACEMENT_3D('',#9879,#8310,#8311);
#7363=AXIS2_PLACEMENT_3D('',#9881,#8313,#8314);
#7364=AXIS2_PLACEMENT_3D('',#9884,#8317,#8318);
#7365=AXIS2_PLACEMENT_3D('',#9886,#8320,#8321);
#7366=AXIS2_PLACEMENT_3D('',#9888,#8323,#8324);
#7367=AXIS2_PLACEMENT_3D('',#9890,#8326,#8327);
#7368=AXIS2_PLACEMENT_3D('',#9892,#8329,#8330);
#7369=AXIS2_PLACEMENT_3D('',#9894,#8332,#8333);
#7370=AXIS2_PLACEMENT_3D('',#9895,#8334,#8335);
#7371=AXIS2_PLACEMENT_3D('',#9896,#8336,#8337);
#7372=AXIS2_PLACEMENT_3D('',#9899,#8340,#8341);
#7373=AXIS2_PLACEMENT_3D('',#9901,#8343,#8344);
#7374=AXIS2_PLACEMENT_3D('',#9903,#8346,#8347);
#7375=AXIS2_PLACEMENT_3D('',#9905,#8349,#8350);
#7376=AXIS2_PLACEMENT_3D('',#9907,#8352,#8353);
#7377=AXIS2_PLACEMENT_3D('',#9913,#8357,#8358);
#7378=AXIS2_PLACEMENT_3D('',#9930,#8369,#8370);
#7379=AXIS2_PLACEMENT_3D('',#9932,#8372,#8373);
#7380=AXIS2_PLACEMENT_3D('',#9934,#8375,#8376);
#7381=AXIS2_PLACEMENT_3D('',#9935,#8377,#8378);
#7382=AXIS2_PLACEMENT_3D('',#9937,#8380,#8381);
#7383=AXIS2_PLACEMENT_3D('',#9938,#8382,#8383);
#7384=AXIS2_PLACEMENT_3D('',#9941,#8386,#8387);
#7385=AXIS2_PLACEMENT_3D('',#9948,#8392,#8393);
#7386=AXIS2_PLACEMENT_3D('',#9950,#8395,#8396);
#7387=AXIS2_PLACEMENT_3D('',#9952,#8398,#8399);
#7388=AXIS2_PLACEMENT_3D('',#9954,#8401,#8402);
#7389=AXIS2_PLACEMENT_3D('',#9955,#8403,#8404);
#7390=AXIS2_PLACEMENT_3D('',#9980,#8417,#8418);
#7391=AXIS2_PLACEMENT_3D('',#9986,#8422,#8423);
#7392=AXIS2_PLACEMENT_3D('',#9990,#8426,#8427);
#7393=AXIS2_PLACEMENT_3D('',#9994,#8430,#8431);
#7394=AXIS2_PLACEMENT_3D('',#9998,#8434,#8435);
#7395=AXIS2_PLACEMENT_3D('',#10002,#8438,#8439);
#7396=AXIS2_PLACEMENT_3D('',#10006,#8442,#8443);
#7397=AXIS2_PLACEMENT_3D('',#10010,#8446,#8447);
#7398=AXIS2_PLACEMENT_3D('',#10014,#8450,#8451);
#7399=AXIS2_PLACEMENT_3D('',#10026,#8458,#8459);
#7400=AXIS2_PLACEMENT_3D('',#10030,#8462,#8463);
#7401=AXIS2_PLACEMENT_3D('',#10034,#8466,#8467);
#7402=AXIS2_PLACEMENT_3D('',#10036,#8469,#8470);
#7403=AXIS2_PLACEMENT_3D('',#10042,#8474,#8475);
#7404=AXIS2_PLACEMENT_3D('',#10046,#8478,#8479);
#7405=AXIS2_PLACEMENT_3D('',#10050,#8482,#8483);
#7406=AXIS2_PLACEMENT_3D('',#10054,#8486,#8487);
#7407=AXIS2_PLACEMENT_3D('',#10058,#8490,#8491);
#7408=AXIS2_PLACEMENT_3D('',#10062,#8494,#8495);
#7409=AXIS2_PLACEMENT_3D('',#10066,#8498,#8499);
#7410=AXIS2_PLACEMENT_3D('',#10070,#8502,#8503);
#7411=AXIS2_PLACEMENT_3D('',#10074,#8506,#8507);
#7412=AXIS2_PLACEMENT_3D('',#10078,#8510,#8511);
#7413=AXIS2_PLACEMENT_3D('',#10090,#8518,#8519);
#7414=AXIS2_PLACEMENT_3D('',#10092,#8521,#8522);
#7415=AXIS2_PLACEMENT_3D('',#10096,#8525,#8526);
#7416=AXIS2_PLACEMENT_3D('',#10097,#8527,#8528);
#7417=AXIS2_PLACEMENT_3D('',#10102,#8531,#8532);
#7418=AXIS2_PLACEMENT_3D('',#10104,#8534,#8535);
#7419=AXIS2_PLACEMENT_3D('',#10108,#8538,#8539);
#7420=AXIS2_PLACEMENT_3D('',#10114,#8543,#8544);
#7421=AXIS2_PLACEMENT_3D('',#10118,#8547,#8548);
#7422=AXIS2_PLACEMENT_3D('',#10122,#8551,#8552);
#7423=AXIS2_PLACEMENT_3D('',#10126,#8555,#8556);
#7424=AXIS2_PLACEMENT_3D('',#10130,#8559,#8560);
#7425=AXIS2_PLACEMENT_3D('',#10134,#8563,#8564);
#7426=AXIS2_PLACEMENT_3D('',#10138,#8567,#8568);
#7427=AXIS2_PLACEMENT_3D('',#10142,#8571,#8572);
#7428=AXIS2_PLACEMENT_3D('',#10146,#8575,#8576);
#7429=AXIS2_PLACEMENT_3D('',#10150,#8579,#8580);
#7430=AXIS2_PLACEMENT_3D('',#10154,#8583,#8584);
#7431=AXIS2_PLACEMENT_3D('',#10159,#8588,#8589);
#7432=AXIS2_PLACEMENT_3D('',#10161,#8591,#8592);
#7433=AXIS2_PLACEMENT_3D('',#10165,#8595,#8596);
#7434=AXIS2_PLACEMENT_3D('',#10171,#8600,#8601);
#7435=AXIS2_PLACEMENT_3D('',#10175,#8604,#8605);
#7436=AXIS2_PLACEMENT_3D('',#10179,#8608,#8609);
#7437=AXIS2_PLACEMENT_3D('',#10183,#8612,#8613);
#7438=AXIS2_PLACEMENT_3D('',#10187,#8616,#8617);
#7439=AXIS2_PLACEMENT_3D('',#10191,#8620,#8621);
#7440=AXIS2_PLACEMENT_3D('',#10195,#8624,#8625);
#7441=AXIS2_PLACEMENT_3D('',#10199,#8628,#8629);
#7442=AXIS2_PLACEMENT_3D('',#10203,#8632,#8633);
#7443=AXIS2_PLACEMENT_3D('',#10207,#8636,#8637);
#7444=AXIS2_PLACEMENT_3D('',#10211,#8640,#8641);
#7445=AXIS2_PLACEMENT_3D('',#10216,#8645,#8646);
#7446=AXIS2_PLACEMENT_3D('',#10218,#8648,#8649);
#7447=AXIS2_PLACEMENT_3D('',#10224,#8653,#8654);
#7448=AXIS2_PLACEMENT_3D('',#10228,#8657,#8658);
#7449=AXIS2_PLACEMENT_3D('',#10240,#8665,#8666);
#7450=AXIS2_PLACEMENT_3D('',#10244,#8669,#8670);
#7451=AXIS2_PLACEMENT_3D('',#10248,#8673,#8674);
#7452=AXIS2_PLACEMENT_3D('',#10252,#8677,#8678);
#7453=AXIS2_PLACEMENT_3D('',#10256,#8681,#8682);
#7454=AXIS2_PLACEMENT_3D('',#10260,#8685,#8686);
#7455=AXIS2_PLACEMENT_3D('',#10264,#8689,#8690);
#7456=AXIS2_PLACEMENT_3D('',#10268,#8693,#8694);
#7457=AXIS2_PLACEMENT_3D('',#10272,#8697,#8698);
#7458=AXIS2_PLACEMENT_3D('',#10274,#8700,#8701);
#7459=AXIS2_PLACEMENT_3D('',#10310,#8723,#8724);
#7460=AXIS2_PLACEMENT_3D('',#10316,#8728,#8729);
#7461=AXIS2_PLACEMENT_3D('',#10322,#8733,#8734);
#7462=AXIS2_PLACEMENT_3D('',#10328,#8738,#8739);
#7463=AXIS2_PLACEMENT_3D('',#10330,#8741,#8742);
#7464=AXIS2_PLACEMENT_3D('',#10334,#8745,#8746);
#7465=AXIS2_PLACEMENT_3D('',#10338,#8749,#8750);
#7466=AXIS2_PLACEMENT_3D('',#10342,#8753,#8754);
#7467=AXIS2_PLACEMENT_3D('',#10344,#8756,#8757);
#7468=AXIS2_PLACEMENT_3D('',#10350,#8761,#8762);
#7469=AXIS2_PLACEMENT_3D('',#10354,#8765,#8766);
#7470=AXIS2_PLACEMENT_3D('',#10357,#8769,#8770);
#7471=AXIS2_PLACEMENT_3D('',#10358,#8771,#8772);
#7472=AXIS2_PLACEMENT_3D('',#10364,#8776,#8777);
#7473=AXIS2_PLACEMENT_3D('',#10365,#8778,#8779);
#7474=AXIS2_PLACEMENT_3D('',#10366,#8780,#8781);
#7475=AXIS2_PLACEMENT_3D('',#10367,#8782,#8783);
#7476=AXIS2_PLACEMENT_3D('',#10368,#8784,#8785);
#7477=AXIS2_PLACEMENT_3D('',#10369,#8786,#8787);
#7478=AXIS2_PLACEMENT_3D('',#10370,#8788,#8789);
#7479=AXIS2_PLACEMENT_3D('',#10371,#8790,#8791);
#7480=AXIS2_PLACEMENT_3D('',#10372,#8792,#8793);
#7481=AXIS2_PLACEMENT_3D('',#10373,#8794,#8795);
#7482=AXIS2_PLACEMENT_3D('',#10374,#8796,#8797);
#7483=AXIS2_PLACEMENT_3D('',#10375,#8798,#8799);
#7484=AXIS2_PLACEMENT_3D('',#10376,#8800,#8801);
#7485=AXIS2_PLACEMENT_3D('',#10377,#8802,#8803);
#7486=AXIS2_PLACEMENT_3D('',#10378,#8804,#8805);
#7487=AXIS2_PLACEMENT_3D('',#10379,#8806,#8807);
#7488=AXIS2_PLACEMENT_3D('',#10380,#8808,#8809);
#7489=AXIS2_PLACEMENT_3D('',#10381,#8810,#8811);
#7490=AXIS2_PLACEMENT_3D('',#10382,#8812,#8813);
#7491=AXIS2_PLACEMENT_3D('',#10383,#8814,#8815);
#7492=AXIS2_PLACEMENT_3D('',#10384,#8816,#8817);
#7493=AXIS2_PLACEMENT_3D('',#10385,#8818,#8819);
#7494=AXIS2_PLACEMENT_3D('',#10386,#8820,#8821);
#7495=AXIS2_PLACEMENT_3D('',#10387,#8822,#8823);
#7496=AXIS2_PLACEMENT_3D('',#10388,#8824,#8825);
#7497=AXIS2_PLACEMENT_3D('',#10389,#8826,#8827);
#7498=AXIS2_PLACEMENT_3D('',#10390,#8828,#8829);
#7499=AXIS2_PLACEMENT_3D('',#10391,#8830,#8831);
#7500=AXIS2_PLACEMENT_3D('',#10392,#8832,#8833);
#7501=AXIS2_PLACEMENT_3D('',#10393,#8834,#8835);
#7502=AXIS2_PLACEMENT_3D('',#10394,#8836,#8837);
#7503=AXIS2_PLACEMENT_3D('',#10395,#8838,#8839);
#7504=AXIS2_PLACEMENT_3D('',#10396,#8840,#8841);
#7505=AXIS2_PLACEMENT_3D('',#10397,#8842,#8843);
#7506=AXIS2_PLACEMENT_3D('',#10398,#8844,#8845);
#7507=AXIS2_PLACEMENT_3D('',#10399,#8846,#8847);
#7508=AXIS2_PLACEMENT_3D('',#10400,#8848,#8849);
#7509=AXIS2_PLACEMENT_3D('',#10401,#8850,#8851);
#7510=AXIS2_PLACEMENT_3D('',#10402,#8852,#8853);
#7511=AXIS2_PLACEMENT_3D('',#10403,#8854,#8855);
#7512=AXIS2_PLACEMENT_3D('',#10404,#8856,#8857);
#7513=AXIS2_PLACEMENT_3D('',#10405,#8858,#8859);
#7514=AXIS2_PLACEMENT_3D('',#10406,#8860,#8861);
#7515=AXIS2_PLACEMENT_3D('',#10408,#8862,#8863);
#7516=DIRECTION('',(0.,0.,1.));
#7517=DIRECTION('',(1.,0.,0.));
#7518=DIRECTION('',(0.,0.,-1.));
#7519=DIRECTION('',(-1.,0.,0.));
#7520=DIRECTION('',(-1.,0.,0.));
#7521=DIRECTION('',(0.707106781186547,-0.707106781186548,0.));
#7522=DIRECTION('',(0.,1.,0.));
#7523=DIRECTION('',(0.,0.,1.));
#7524=DIRECTION('',(-1.,0.,0.));
#7525=DIRECTION('',(1.,1.11441714096367E-15,0.));
#7526=DIRECTION('',(0.,-1.,0.));
#7527=DIRECTION('',(0.,0.,1.));
#7528=DIRECTION('',(1.,0.,0.));
#7529=DIRECTION('',(0.,-1.,0.));
#7530=DIRECTION('',(-0.707106781186547,0.707106781186548,0.));
#7531=DIRECTION('',(1.,0.,0.));
#7532=DIRECTION('',(0.,1.,0.));
#7533=DIRECTION('',(-1.,0.,0.));
#7534=DIRECTION('',(0.,-1.,0.));
#7535=DIRECTION('',(-1.,0.,0.));
#7536=DIRECTION('',(0.,1.,0.));
#7537=DIRECTION('',(1.,0.,0.));
#7538=DIRECTION('',(0.,-1.,0.));
#7539=DIRECTION('',(1.,0.,0.));
#7540=DIRECTION('',(0.,0.,1.));
#7541=DIRECTION('',(1.,0.,0.));
#7542=DIRECTION('',(0.,-1.,0.));
#7543=DIRECTION('',(0.,0.,1.));
#7544=DIRECTION('',(1.,0.,0.));
#7545=DIRECTION('',(1.,-1.11441714096367E-15,0.));
#7546=DIRECTION('',(0.,-1.,0.));
#7547=DIRECTION('',(1.,0.,0.));
#7548=DIRECTION('',(0.,1.,0.));
#7549=DIRECTION('',(1.,0.,0.));
#7550=DIRECTION('',(0.,-1.,0.));
#7551=DIRECTION('',(1.,1.11441714096367E-15,0.));
#7552=DIRECTION('',(0.,0.,1.));
#7553=DIRECTION('',(1.,0.,0.));
#7554=DIRECTION('',(0.,1.,0.));
#7555=DIRECTION('',(0.,0.,1.));
#7556=DIRECTION('',(1.,0.,0.));
#7557=DIRECTION('',(-1.,0.,0.));
#7558=DIRECTION('',(0.,-1.,0.));
#7559=DIRECTION('',(1.,0.,0.));
#7560=DIRECTION('',(0.,1.,0.));
#7561=DIRECTION('',(1.,0.,0.));
#7562=DIRECTION('',(0.,-1.,0.));
#7563=DIRECTION('',(1.,1.11441714096367E-15,0.));
#7564=DIRECTION('',(0.,0.,1.));
#7565=DIRECTION('',(1.,0.,0.));
#7566=DIRECTION('',(0.,1.,0.));
#7567=DIRECTION('',(0.,0.,1.));
#7568=DIRECTION('',(1.,0.,0.));
#7569=DIRECTION('',(-1.,0.,0.));
#7570=DIRECTION('',(0.,-1.,0.));
#7571=DIRECTION('',(1.,0.,0.));
#7572=DIRECTION('',(0.,1.,0.));
#7573=DIRECTION('',(1.,0.,0.));
#7574=DIRECTION('',(0.,-1.,0.));
#7575=DIRECTION('',(1.,1.11441714096367E-15,0.));
#7576=DIRECTION('',(0.,0.,1.));
#7577=DIRECTION('',(1.,0.,0.));
#7578=DIRECTION('',(0.,1.,0.));
#7579=DIRECTION('',(0.,0.,1.));
#7580=DIRECTION('',(1.,0.,0.));
#7581=DIRECTION('',(-1.,0.,0.));
#7582=DIRECTION('',(0.,-1.,0.));
#7583=DIRECTION('',(1.,0.,0.));
#7584=DIRECTION('',(0.,1.,0.));
#7585=DIRECTION('',(1.,0.,0.));
#7586=DIRECTION('',(0.,-1.,0.));
#7587=DIRECTION('',(-1.,0.,0.));
#7588=DIRECTION('',(0.,1.,0.));
#7589=DIRECTION('',(-1.,0.,0.));
#7590=DIRECTION('',(0.,0.,1.));
#7591=DIRECTION('',(1.,0.,0.));
#7592=DIRECTION('',(0.,1.,0.));
#7593=DIRECTION('',(0.,0.,1.));
#7594=DIRECTION('',(1.,0.,0.));
#7595=DIRECTION('',(-1.,1.11441714096367E-15,0.));
#7596=DIRECTION('',(0.,-1.,0.));
#7597=DIRECTION('',(-1.,0.,0.));
#7598=DIRECTION('',(0.,-1.,0.));
#7599=DIRECTION('',(-1.,0.,0.));
#7600=DIRECTION('',(0.,1.,0.));
#7601=DIRECTION('',(-1.,0.,0.));
#7602=DIRECTION('',(0.,0.,1.));
#7603=DIRECTION('',(1.,0.,0.));
#7604=DIRECTION('',(0.,1.,0.));
#7605=DIRECTION('',(0.,0.,1.));
#7606=DIRECTION('',(1.,0.,0.));
#7607=DIRECTION('',(1.,-1.11441714096367E-15,0.));
#7608=DIRECTION('',(0.,1.,0.));
#7609=DIRECTION('',(-1.,0.,0.));
#7610=DIRECTION('',(0.,-1.,0.));
#7611=DIRECTION('',(-1.,0.,0.));
#7612=DIRECTION('',(0.,1.,0.));
#7613=DIRECTION('',(-1.,0.,0.));
#7614=DIRECTION('',(0.,0.,1.));
#7615=DIRECTION('',(1.,0.,0.));
#7616=DIRECTION('',(0.,1.,0.));
#7617=DIRECTION('',(0.,0.,1.));
#7618=DIRECTION('',(1.,0.,0.));
#7619=DIRECTION('',(1.,-1.11441714096367E-15,0.));
#7620=DIRECTION('',(0.,1.,0.));
#7621=DIRECTION('',(-1.,0.,0.));
#7622=DIRECTION('',(0.,-1.,0.));
#7623=DIRECTION('',(-1.,0.,0.));
#7624=DIRECTION('',(0.,1.,0.));
#7625=DIRECTION('',(-1.,-1.11441714096367E-15,0.));
#7626=DIRECTION('',(0.,0.,1.));
#7627=DIRECTION('',(1.,0.,0.));
#7628=DIRECTION('',(-1.,0.,0.));
#7629=DIRECTION('',(0.,0.,1.));
#7630=DIRECTION('',(0.,0.,1.));
#7631=DIRECTION('',(0.,0.,1.));
#7632=DIRECTION('',(0.,-1.,0.));
#7633=DIRECTION('',(0.,0.,-1.));
#7634=DIRECTION('',(0.,-1.,0.));
#7635=DIRECTION('',(0.,0.,-1.));
#7636=DIRECTION('',(0.,1.,0.));
#7637=DIRECTION('',(0.,0.,-1.));
#7638=DIRECTION('',(0.,-1.,0.));
#7639=DIRECTION('',(0.,0.,1.));
#7640=DIRECTION('',(0.,1.,0.));
#7641=DIRECTION('',(0.,0.,1.));
#7642=DIRECTION('',(0.,1.,0.));
#7643=DIRECTION('',(0.,0.,-1.));
#7644=DIRECTION('',(0.,-1.,0.));
#7645=DIRECTION('',(0.,0.,1.));
#7646=DIRECTION('',(0.,0.,-1.));
#7647=DIRECTION('',(0.,1.,0.));
#7648=DIRECTION('',(0.,0.,-1.));
#7649=DIRECTION('',(0.,0.,1.));
#7650=DIRECTION('',(0.,-1.,0.));
#7651=DIRECTION('',(0.,0.,-1.));
#7652=DIRECTION('',(0.,-1.,0.));
#7653=DIRECTION('',(0.,0.,-1.));
#7654=DIRECTION('',(0.,1.,0.));
#7655=DIRECTION('',(0.,0.,-1.));
#7656=DIRECTION('',(0.,-1.,0.));
#7657=DIRECTION('',(0.,0.,1.));
#7658=DIRECTION('',(0.,1.,0.));
#7659=DIRECTION('',(0.,0.,1.));
#7660=DIRECTION('',(0.,-1.,0.));
#7661=DIRECTION('',(0.,0.,1.));
#7662=DIRECTION('',(0.,-1.,0.));
#7663=DIRECTION('',(0.,0.,1.));
#7664=DIRECTION('',(0.,0.,1.));
#7665=DIRECTION('',(0.,-1.,0.));
#7666=DIRECTION('',(0.,0.,-1.));
#7667=DIRECTION('',(0.,-1.,0.));
#7668=DIRECTION('',(0.,0.,-1.));
#7669=DIRECTION('',(0.,1.,0.));
#7670=DIRECTION('',(0.,0.,-1.));
#7671=DIRECTION('',(0.,-1.,0.));
#7672=DIRECTION('',(0.,0.,1.));
#7673=DIRECTION('',(0.,1.,0.));
#7674=DIRECTION('',(0.,0.,1.));
#7675=DIRECTION('',(0.,-1.,0.));
#7676=DIRECTION('',(0.,0.,1.));
#7677=DIRECTION('',(0.,-1.,0.));
#7678=DIRECTION('',(0.,0.,1.));
#7679=DIRECTION('',(0.,0.,1.));
#7680=DIRECTION('',(0.,-1.,0.));
#7681=DIRECTION('',(0.,0.,-1.));
#7682=DIRECTION('',(0.,-1.,0.));
#7683=DIRECTION('',(0.,0.,-1.));
#7684=DIRECTION('',(0.,1.,0.));
#7685=DIRECTION('',(0.,0.,-1.));
#7686=DIRECTION('',(0.,-1.,0.));
#7687=DIRECTION('',(0.,0.,1.));
#7688=DIRECTION('',(0.,1.,0.));
#7689=DIRECTION('',(0.,0.,1.));
#7690=DIRECTION('',(0.,-1.,0.));
#7691=DIRECTION('',(0.,0.,1.));
#7692=DIRECTION('',(0.,-1.,0.));
#7693=DIRECTION('',(0.,0.,1.));
#7694=DIRECTION('',(0.,1.,0.));
#7695=DIRECTION('',(0.,0.,1.));
#7696=DIRECTION('',(0.,-1.,0.));
#7697=DIRECTION('',(0.,0.,-1.));
#7698=DIRECTION('',(0.,-1.,0.));
#7699=DIRECTION('',(0.,0.,-1.));
#7700=DIRECTION('',(0.,1.,0.));
#7701=DIRECTION('',(0.,0.,-1.));
#7702=DIRECTION('',(0.,-1.,0.));
#7703=DIRECTION('',(0.,0.,1.));
#7704=DIRECTION('',(0.,1.,0.));
#7705=DIRECTION('',(0.,0.,1.));
#7706=DIRECTION('',(0.,-1.,0.));
#7707=DIRECTION('',(0.,0.,1.));
#7708=DIRECTION('',(0.,-1.,0.));
#7709=DIRECTION('',(0.,0.,1.));
#7710=DIRECTION('',(0.,1.,0.));
#7711=DIRECTION('',(0.,0.,1.));
#7712=DIRECTION('',(0.,-1.,0.));
#7713=DIRECTION('',(0.,0.,-1.));
#7714=DIRECTION('',(0.,-1.,0.));
#7715=DIRECTION('',(0.,0.,-1.));
#7716=DIRECTION('',(0.,1.,0.));
#7717=DIRECTION('',(0.,0.,-1.));
#7718=DIRECTION('',(0.,-1.,0.));
#7719=DIRECTION('',(0.,0.,1.));
#7720=DIRECTION('',(0.,1.,0.));
#7721=DIRECTION('',(0.,0.,1.));
#7722=DIRECTION('',(0.,-1.,0.));
#7723=DIRECTION('',(0.,0.,1.));
#7724=DIRECTION('',(0.,-1.,0.));
#7725=DIRECTION('',(0.,0.,1.));
#7726=DIRECTION('',(1.,0.,0.));
#7727=DIRECTION('',(0.,-1.,0.));
#7728=DIRECTION('',(1.,0.,0.));
#7729=DIRECTION('',(1.,0.,0.));
#7730=DIRECTION('',(0.,0.,1.));
#7731=DIRECTION('',(1.,0.,0.));
#7732=DIRECTION('',(-1.,0.,0.));
#7733=DIRECTION('',(0.,1.,0.));
#7734=DIRECTION('',(-1.,0.,0.));
#7735=DIRECTION('',(0.,-1.,0.));
#7736=DIRECTION('',(0.,0.,1.));
#7737=DIRECTION('',(1.,0.,0.));
#7738=DIRECTION('',(0.,-1.,0.));
#7739=DIRECTION('',(1.,0.,0.));
#7740=DIRECTION('',(1.,0.,0.));
#7741=DIRECTION('',(0.,0.,1.));
#7742=DIRECTION('',(1.,0.,0.));
#7743=DIRECTION('',(-1.,0.,0.));
#7744=DIRECTION('',(0.,1.,0.));
#7745=DIRECTION('',(-1.,0.,0.));
#7746=DIRECTION('',(0.,-1.,0.));
#7747=DIRECTION('',(0.,1.,0.));
#7748=DIRECTION('',(0.,0.,1.));
#7749=DIRECTION('',(-1.,0.,0.));
#7750=DIRECTION('',(0.,0.,1.));
#7751=DIRECTION('',(-1.,0.,0.));
#7752=DIRECTION('',(0.,0.,-1.));
#7753=DIRECTION('',(1.,0.,0.));
#7754=DIRECTION('',(-1.,0.,0.));
#7755=DIRECTION('',(0.,-1.,0.));
#7756=DIRECTION('',(-1.,0.,0.));
#7757=DIRECTION('',(-1.,0.,0.));
#7758=DIRECTION('',(0.,-1.,0.));
#7759=DIRECTION('',(0.,0.,1.));
#7760=DIRECTION('',(-1.,0.,0.));
#7761=DIRECTION('',(-1.,0.,0.));
#7762=DIRECTION('',(0.,-1.,0.));
#7763=DIRECTION('',(-1.,0.,0.));
#7764=DIRECTION('',(0.,-1.,0.));
#7765=DIRECTION('',(0.,0.,-1.));
#7766=DIRECTION('',(-1.,0.,0.));
#7767=DIRECTION('',(0.,0.,-1.));
#7768=DIRECTION('',(0.,0.,-1.));
#7769=DIRECTION('',(1.,0.,0.));
#7770=DIRECTION('',(-1.,0.,0.));
#7771=DIRECTION('',(0.,1.,0.));
#7772=DIRECTION('',(1.,0.,0.));
#7773=DIRECTION('',(0.,0.,1.));
#7774=DIRECTION('',(0.,0.,-1.));
#7775=DIRECTION('',(0.,0.,-1.));
#7776=DIRECTION('',(0.,1.,0.));
#7777=DIRECTION('',(0.,0.,1.));
#7778=DIRECTION('',(0.,-1.,0.));
#7779=DIRECTION('',(0.,0.,1.));
#7780=DIRECTION('',(0.,1.,0.));
#7781=DIRECTION('',(0.,-1.,0.));
#7782=DIRECTION('',(0.,0.,-1.));
#7783=DIRECTION('',(-1.,0.,0.));
#7784=DIRECTION('',(0.,-1.,0.));
#7785=DIRECTION('',(0.,0.,-1.));
#7786=DIRECTION('',(0.,0.,-1.));
#7787=DIRECTION('',(1.,0.,0.));
#7788=DIRECTION('',(-1.,0.,0.));
#7789=DIRECTION('',(0.,1.,0.));
#7790=DIRECTION('',(0.,0.,1.));
#7791=DIRECTION('',(-1.,0.,0.));
#7792=DIRECTION('',(0.,0.,1.));
#7793=DIRECTION('',(-1.,0.,0.));
#7794=DIRECTION('',(-1.,0.,0.));
#7795=DIRECTION('',(0.,1.,0.));
#7796=DIRECTION('',(0.,0.,1.));
#7797=DIRECTION('',(-1.,0.,0.));
#7798=DIRECTION('',(0.,0.,-1.));
#7799=DIRECTION('',(1.,0.,0.));
#7800=DIRECTION('',(1.11441714096367E-15,-1.,0.));
#7801=DIRECTION('',(-1.,-1.11441714096367E-15,0.));
#7802=DIRECTION('',(0.,0.,1.));
#7803=DIRECTION('',(-1.,-1.11441714096367E-15,0.));
#7804=DIRECTION('',(0.,0.,1.));
#7805=DIRECTION('',(0.,0.,1.));
#7806=DIRECTION('',(-1.,0.,0.));
#7807=DIRECTION('',(0.,0.,1.));
#7808=DIRECTION('',(1.,0.,0.));
#7809=DIRECTION('',(0.,0.,1.));
#7810=DIRECTION('',(1.,0.,0.));
#7811=DIRECTION('',(0.,0.,1.));
#7812=DIRECTION('',(0.,0.,-1.));
#7813=DIRECTION('',(0.,1.,0.));
#7814=DIRECTION('',(0.,0.,-1.));
#7815=DIRECTION('',(0.,-1.,0.));
#7816=DIRECTION('',(0.,0.,-1.));
#7817=DIRECTION('',(0.,1.,0.));
#7818=DIRECTION('',(0.,0.,1.));
#7819=DIRECTION('',(0.,-1.,0.));
#7820=DIRECTION('',(0.,0.,1.));
#7821=DIRECTION('',(0.,1.,0.));
#7822=DIRECTION('',(0.,0.,1.));
#7823=DIRECTION('',(0.,-1.,0.));
#7824=DIRECTION('',(1.,0.,0.));
#7825=DIRECTION('',(0.,0.,1.));
#7826=DIRECTION('',(0.,0.,-1.));
#7827=DIRECTION('',(0.,1.,0.));
#7828=DIRECTION('',(0.,0.,-1.));
#7829=DIRECTION('',(0.,-1.,0.));
#7830=DIRECTION('',(0.,0.,-1.));
#7831=DIRECTION('',(0.,1.,0.));
#7832=DIRECTION('',(0.,0.,1.));
#7833=DIRECTION('',(0.,-1.,0.));
#7834=DIRECTION('',(0.,0.,1.));
#7835=DIRECTION('',(0.,1.,0.));
#7836=DIRECTION('',(0.,0.,1.));
#7837=DIRECTION('',(0.,-1.,0.));
#7838=DIRECTION('',(1.,0.,0.));
#7839=DIRECTION('',(0.,0.,1.));
#7840=DIRECTION('',(0.,0.,-1.));
#7841=DIRECTION('',(0.,1.,0.));
#7842=DIRECTION('',(0.,0.,-1.));
#7843=DIRECTION('',(0.,-1.,0.));
#7844=DIRECTION('',(0.,0.,-1.));
#7845=DIRECTION('',(0.,1.,0.));
#7846=DIRECTION('',(0.,0.,1.));
#7847=DIRECTION('',(0.,-1.,0.));
#7848=DIRECTION('',(0.,0.,1.));
#7849=DIRECTION('',(0.,1.,0.));
#7850=DIRECTION('',(0.,0.,1.));
#7851=DIRECTION('',(0.,-1.,0.));
#7852=DIRECTION('',(1.,0.,0.));
#7853=DIRECTION('',(0.,0.,1.));
#7854=DIRECTION('',(0.,0.,-1.));
#7855=DIRECTION('',(0.,1.,0.));
#7856=DIRECTION('',(0.,0.,-1.));
#7857=DIRECTION('',(0.,-1.,0.));
#7858=DIRECTION('',(0.,0.,-1.));
#7859=DIRECTION('',(0.,1.,0.));
#7860=DIRECTION('',(0.,0.,1.));
#7861=DIRECTION('',(0.,-1.,0.));
#7862=DIRECTION('',(0.,0.,1.));
#7863=DIRECTION('',(0.,1.,0.));
#7864=DIRECTION('',(0.,0.,1.));
#7865=DIRECTION('',(0.,-1.,0.));
#7866=DIRECTION('',(1.,0.,0.));
#7867=DIRECTION('',(0.,0.,1.));
#7868=DIRECTION('',(0.,0.,-1.));
#7869=DIRECTION('',(0.,1.,0.));
#7870=DIRECTION('',(0.,0.,1.));
#7871=DIRECTION('',(0.,-1.,0.));
#7872=DIRECTION('',(0.,0.,1.));
#7873=DIRECTION('',(0.,1.,0.));
#7874=DIRECTION('',(0.,0.,1.));
#7875=DIRECTION('',(0.,-1.,0.));
#7876=DIRECTION('',(0.,0.,-1.));
#7877=DIRECTION('',(0.,1.,0.));
#7878=DIRECTION('',(0.,0.,-1.));
#7879=DIRECTION('',(0.,-1.,0.));
#7880=DIRECTION('',(0.,0.,-1.));
#7881=DIRECTION('',(-1.,0.,0.));
#7882=DIRECTION('',(0.,1.,0.));
#7883=DIRECTION('',(1.,-1.11441714096367E-15,0.));
#7884=DIRECTION('',(0.,0.,-1.));
#7885=DIRECTION('',(-1.,0.,0.));
#7886=DIRECTION('',(0.,-1.,0.));
#7887=DIRECTION('',(0.,0.,-1.));
#7888=DIRECTION('',(-1.,0.,0.));
#7889=DIRECTION('',(-1.,0.,0.));
#7890=DIRECTION('',(0.,0.,-1.));
#7891=DIRECTION('',(1.,0.,0.));
#7892=DIRECTION('',(1.,0.,0.));
#7893=DIRECTION('',(0.,-1.,0.));
#7894=DIRECTION('',(-1.,1.11441714096367E-15,0.));
#7895=DIRECTION('',(0.,0.,-1.));
#7896=DIRECTION('',(1.,0.,0.));
#7897=DIRECTION('',(0.,1.,0.));
#7898=DIRECTION('',(0.,0.,-1.));
#7899=DIRECTION('',(1.,0.,0.));
#7900=DIRECTION('',(0.,0.,-1.));
#7901=DIRECTION('',(-1.,0.,0.));
#7902=DIRECTION('',(-1.,0.,0.));
#7903=DIRECTION('',(0.,1.,0.));
#7904=DIRECTION('',(1.,-1.11441714096367E-15,0.));
#7905=DIRECTION('',(0.,0.,-1.));
#7906=DIRECTION('',(-1.,0.,0.));
#7907=DIRECTION('',(0.,-1.,0.));
#7908=DIRECTION('',(0.,0.,-1.));
#7909=DIRECTION('',(-1.,0.,0.));
#7910=DIRECTION('',(0.,0.,-1.));
#7911=DIRECTION('',(1.,0.,0.));
#7912=DIRECTION('',(1.,0.,0.));
#7913=DIRECTION('',(0.,0.,1.));
#7914=DIRECTION('',(1.,0.,0.));
#7915=DIRECTION('',(0.,-1.,0.));
#7916=DIRECTION('',(0.,0.,1.));
#7917=DIRECTION('',(1.,0.,0.));
#7918=DIRECTION('',(-1.,-1.11441714096367E-15,0.));
#7919=DIRECTION('',(0.,1.,0.));
#7920=DIRECTION('',(0.,-1.,0.));
#7921=DIRECTION('',(0.,0.,-1.));
#7922=DIRECTION('',(0.,-1.,0.));
#7923=DIRECTION('',(1.,0.,0.));
#7924=DIRECTION('',(0.,-1.,0.));
#7925=DIRECTION('',(0.,-1.,0.));
#7926=DIRECTION('',(1.,0.,0.));
#7927=DIRECTION('',(0.,-1.,0.));
#7928=DIRECTION('',(0.,-1.,0.));
#7929=DIRECTION('',(0.,0.,-1.));
#7930=DIRECTION('',(-1.,0.,0.));
#7931=DIRECTION('',(-1.,0.,0.));
#7932=DIRECTION('',(0.,0.,1.));
#7933=DIRECTION('',(-1.,0.,0.));
#7934=DIRECTION('',(-1.,0.,0.));
#7935=DIRECTION('',(0.,-1.,0.));
#7936=DIRECTION('',(0.,0.,-1.));
#7937=DIRECTION('',(-1.,0.,0.));
#7938=DIRECTION('',(0.,0.,-1.));
#7939=DIRECTION('',(1.,0.,0.));
#7940=DIRECTION('',(-1.,0.,0.));
#7941=DIRECTION('',(0.,1.,0.));
#7942=DIRECTION('',(0.,0.,1.));
#7943=DIRECTION('',(-1.,0.,0.));
#7944=DIRECTION('',(0.,0.,1.));
#7945=DIRECTION('',(-1.,0.,0.));
#7946=DIRECTION('',(-1.,0.,0.));
#7947=DIRECTION('',(0.,1.,0.));
#7948=DIRECTION('',(0.,0.,1.));
#7949=DIRECTION('',(-1.,0.,0.));
#7950=DIRECTION('',(0.,0.,-1.));
#7951=DIRECTION('',(1.,0.,0.));
#7952=DIRECTION('',(-1.,0.,0.));
#7953=DIRECTION('',(0.,1.,0.));
#7954=DIRECTION('',(0.,0.,1.));
#7955=DIRECTION('',(-1.,0.,0.));
#7956=DIRECTION('',(0.,0.,-1.));
#7957=DIRECTION('',(1.,0.,0.));
#7958=DIRECTION('',(-1.,0.,0.));
#7959=DIRECTION('',(0.,-1.,0.));
#7960=DIRECTION('',(-1.,0.,0.));
#7961=DIRECTION('',(-1.,0.,0.));
#7962=DIRECTION('',(0.,-1.,0.));
#7963=DIRECTION('',(0.,0.,-1.));
#7964=DIRECTION('',(-1.,0.,0.));
#7965=DIRECTION('',(0.,0.,-1.));
#7966=DIRECTION('',(1.,0.,0.));
#7967=DIRECTION('',(0.,-1.,0.));
#7968=DIRECTION('',(0.,0.,-1.));
#7969=DIRECTION('',(-1.,0.,0.));
#7970=DIRECTION('',(-1.,0.,0.));
#7971=DIRECTION('',(0.,0.,-1.));
#7972=DIRECTION('',(1.,0.,0.));
#7973=DIRECTION('',(-1.,0.,0.));
#7974=DIRECTION('',(0.,-1.,0.));
#7975=DIRECTION('',(0.,0.,-1.));
#7976=DIRECTION('',(-1.,0.,0.));
#7977=DIRECTION('',(0.,0.,1.));
#7978=DIRECTION('',(-1.,0.,0.));
#7979=DIRECTION('',(-1.,0.,0.));
#7980=DIRECTION('',(0.,-1.,0.));
#7981=DIRECTION('',(0.,0.,-1.));
#7982=DIRECTION('',(-1.,0.,0.));
#7983=DIRECTION('',(0.,0.,-1.));
#7984=DIRECTION('',(1.,0.,0.));
#7985=DIRECTION('',(-1.,0.,0.));
#7986=DIRECTION('',(0.,1.,0.));
#7987=DIRECTION('',(0.,0.,1.));
#7988=DIRECTION('',(-1.,0.,0.));
#7989=DIRECTION('',(0.,0.,1.));
#7990=DIRECTION('',(-1.,0.,0.));
#7991=DIRECTION('',(-1.,0.,0.));
#7992=DIRECTION('',(0.,1.,0.));
#7993=DIRECTION('',(0.,0.,1.));
#7994=DIRECTION('',(-1.,0.,0.));
#7995=DIRECTION('',(0.,0.,-1.));
#7996=DIRECTION('',(1.,0.,0.));
#7997=DIRECTION('',(-1.,0.,0.));
#7998=DIRECTION('',(0.,1.,0.));
#7999=DIRECTION('',(0.,0.,1.));
#8000=DIRECTION('',(-1.,0.,0.));
#8001=DIRECTION('',(0.,0.,-1.));
#8002=DIRECTION('',(1.,0.,0.));
#8003=DIRECTION('',(-1.,0.,0.));
#8004=DIRECTION('',(-1.,0.,0.));
#8005=DIRECTION('',(0.,-1.,0.));
#8006=DIRECTION('',(0.,0.,1.));
#8007=DIRECTION('',(-1.,0.,0.));
#8008=DIRECTION('',(-1.,0.,0.));
#8009=DIRECTION('',(0.,0.,-1.));
#8010=DIRECTION('',(1.,0.,0.));
#8011=DIRECTION('',(-1.,0.,0.));
#8012=DIRECTION('',(0.,-1.,0.));
#8013=DIRECTION('',(0.,0.,1.));
#8014=DIRECTION('',(-1.,0.,0.));
#8015=DIRECTION('',(0.,0.,1.));
#8016=DIRECTION('',(-1.,0.,0.));
#8017=DIRECTION('',(-1.,0.,0.));
#8018=DIRECTION('',(0.,-1.,0.));
#8019=DIRECTION('',(0.,0.,1.));
#8020=DIRECTION('',(-1.,0.,0.));
#8021=DIRECTION('',(0.,0.,-1.));
#8022=DIRECTION('',(1.,0.,0.));
#8023=DIRECTION('',(-1.,0.,0.));
#8024=DIRECTION('',(0.,1.,0.));
#8025=DIRECTION('',(0.,0.,-1.));
#8026=DIRECTION('',(-1.,0.,0.));
#8027=DIRECTION('',(0.,0.,1.));
#8028=DIRECTION('',(-1.,0.,0.));
#8029=DIRECTION('',(-1.,0.,0.));
#8030=DIRECTION('',(0.,1.,0.));
#8031=DIRECTION('',(0.,0.,-1.));
#8032=DIRECTION('',(-1.,0.,0.));
#8033=DIRECTION('',(0.,0.,-1.));
#8034=DIRECTION('',(1.,0.,0.));
#8035=DIRECTION('',(-1.,0.,0.));
#8036=DIRECTION('',(0.,1.,0.));
#8037=DIRECTION('',(0.,0.,-1.));
#8038=DIRECTION('',(-1.,0.,0.));
#8039=DIRECTION('',(0.,0.,-1.));
#8040=DIRECTION('',(1.,0.,0.));
#8041=DIRECTION('',(-1.,0.,0.));
#8042=DIRECTION('',(-1.,0.,0.));
#8043=DIRECTION('',(0.,-1.,0.));
#8044=DIRECTION('',(0.,0.,-1.));
#8045=DIRECTION('',(-1.,0.,0.));
#8046=DIRECTION('',(0.,0.,1.));
#8047=DIRECTION('',(-1.,0.,0.));
#8048=DIRECTION('',(-1.,0.,0.));
#8049=DIRECTION('',(0.,-1.,0.));
#8050=DIRECTION('',(0.,0.,-1.));
#8051=DIRECTION('',(-1.,0.,0.));
#8052=DIRECTION('',(0.,0.,-1.));
#8053=DIRECTION('',(1.,0.,0.));
#8054=DIRECTION('',(-1.,0.,0.));
#8055=DIRECTION('',(0.,1.,0.));
#8056=DIRECTION('',(0.,0.,1.));
#8057=DIRECTION('',(-1.,0.,0.));
#8058=DIRECTION('',(0.,0.,1.));
#8059=DIRECTION('',(-1.,0.,0.));
#8060=DIRECTION('',(-1.,0.,0.));
#8061=DIRECTION('',(0.,1.,0.));
#8062=DIRECTION('',(0.,0.,1.));
#8063=DIRECTION('',(-1.,0.,0.));
#8064=DIRECTION('',(0.,0.,-1.));
#8065=DIRECTION('',(1.,0.,0.));
#8066=DIRECTION('',(-1.,0.,0.));
#8067=DIRECTION('',(0.,1.,0.));
#8068=DIRECTION('',(0.,0.,1.));
#8069=DIRECTION('',(-1.,0.,0.));
#8070=DIRECTION('',(0.,0.,-1.));
#8071=DIRECTION('',(1.,0.,0.));
#8072=DIRECTION('',(-1.,0.,0.));
#8073=DIRECTION('',(0.,-1.,0.));
#8074=DIRECTION('',(-1.,0.,0.));
#8075=DIRECTION('',(-1.,0.,0.));
#8076=DIRECTION('',(0.,-1.,0.));
#8077=DIRECTION('',(0.,0.,-1.));
#8078=DIRECTION('',(0.,0.,-1.));
#8079=DIRECTION('',(1.,0.,0.));
#8080=DIRECTION('',(-1.,0.,0.));
#8081=DIRECTION('',(-1.,0.,0.));
#8082=DIRECTION('',(0.,1.,0.));
#8083=DIRECTION('',(0.,0.,1.));
#8084=DIRECTION('',(-1.,0.,0.));
#8085=DIRECTION('',(0.,0.,-1.));
#8086=DIRECTION('',(1.,0.,0.));
#8087=DIRECTION('',(-1.,0.,0.));
#8088=DIRECTION('',(0.,-1.,0.));
#8089=DIRECTION('',(-1.,0.,0.));
#8090=DIRECTION('',(-1.,0.,0.));
#8091=DIRECTION('',(0.,-1.,0.));
#8092=DIRECTION('',(0.,0.,-1.));
#8093=DIRECTION('',(-1.,0.,0.));
#8094=DIRECTION('',(0.,0.,-1.));
#8095=DIRECTION('',(1.,0.,0.));
#8096=DIRECTION('',(-1.,0.,0.));
#8097=DIRECTION('',(0.,-1.,0.));
#8098=DIRECTION('',(0.,0.,-1.));
#8099=DIRECTION('',(-1.,0.,0.));
#8100=DIRECTION('',(0.,0.,1.));
#8101=DIRECTION('',(-1.,0.,0.));
#8102=DIRECTION('',(-1.,0.,0.));
#8103=DIRECTION('',(0.,-1.,0.));
#8104=DIRECTION('',(0.,0.,-1.));
#8105=DIRECTION('',(-1.,0.,0.));
#8106=DIRECTION('',(0.,0.,-1.));
#8107=DIRECTION('',(1.,0.,0.));
#8108=DIRECTION('',(-1.,0.,0.));
#8109=DIRECTION('',(0.,1.,0.));
#8110=DIRECTION('',(0.,0.,1.));
#8111=DIRECTION('',(-1.,0.,0.));
#8112=DIRECTION('',(0.,0.,1.));
#8113=DIRECTION('',(-1.,0.,0.));
#8114=DIRECTION('',(-1.,0.,0.));
#8115=DIRECTION('',(0.,1.,0.));
#8116=DIRECTION('',(0.,0.,1.));
#8117=DIRECTION('',(0.,0.,-1.));
#8118=DIRECTION('',(1.,0.,0.));
#8119=DIRECTION('',(-1.,0.,0.));
#8120=DIRECTION('',(0.,1.,0.));
#8121=DIRECTION('',(-1.,0.,0.));
#8122=DIRECTION('',(0.,1.,0.));
#8123=DIRECTION('',(0.,0.,-1.));
#8124=DIRECTION('',(0.,-1.,0.));
#8125=DIRECTION('',(1.,0.,0.));
#8126=DIRECTION('',(0.,-1.,0.));
#8127=DIRECTION('',(1.,0.,0.));
#8128=DIRECTION('',(0.,1.,0.));
#8129=DIRECTION('',(0.,0.,-1.));
#8130=DIRECTION('',(1.,0.,0.));
#8131=DIRECTION('',(1.,0.,0.));
#8132=DIRECTION('',(0.,0.,1.));
#8133=DIRECTION('',(1.,0.,0.));
#8134=DIRECTION('',(0.,-1.,0.));
#8135=DIRECTION('',(0.,0.,1.));
#8136=DIRECTION('',(1.,0.,0.));
#8137=DIRECTION('',(-1.,-1.11441714096367E-15,0.));
#8138=DIRECTION('',(0.,1.,0.));
#8139=DIRECTION('',(0.,0.,-1.));
#8140=DIRECTION('',(1.,0.,0.));
#8141=DIRECTION('',(0.,-1.,0.));
#8142=DIRECTION('',(0.,1.,0.));
#8143=DIRECTION('',(1.,0.,0.));
#8144=DIRECTION('',(0.,0.,1.));
#8145=DIRECTION('',(1.,0.,0.));
#8146=DIRECTION('',(0.,0.,-1.));
#8147=DIRECTION('',(-1.,0.,0.));
#8148=DIRECTION('',(-1.,0.,0.));
#8149=DIRECTION('',(0.,1.,0.));
#8150=DIRECTION('',(1.,-1.11441714096367E-15,0.));
#8151=DIRECTION('',(0.,0.,-1.));
#8152=DIRECTION('',(-1.,0.,0.));
#8153=DIRECTION('',(0.,-1.,0.));
#8154=DIRECTION('',(0.,0.,-1.));
#8155=DIRECTION('',(-1.,0.,0.));
#8156=DIRECTION('',(-1.,0.,0.));
#8157=DIRECTION('',(0.,0.,1.));
#8158=DIRECTION('',(0.,0.,-1.));
#8159=DIRECTION('',(0.,-1.,0.));
#8160=DIRECTION('',(0.,0.,1.));
#8161=DIRECTION('',(0.,1.,0.));
#8162=DIRECTION('',(0.,0.,1.));
#8163=DIRECTION('',(0.,-1.,0.));
#8164=DIRECTION('',(0.,0.,1.));
#8165=DIRECTION('',(0.,1.,0.));
#8166=DIRECTION('',(0.,0.,-1.));
#8167=DIRECTION('',(0.,-1.,0.));
#8168=DIRECTION('',(0.,0.,-1.));
#8169=DIRECTION('',(0.,1.,0.));
#8170=DIRECTION('',(-1.,0.,0.));
#8171=DIRECTION('',(0.,0.,1.));
#8172=DIRECTION('',(0.,0.,-1.));
#8173=DIRECTION('',(0.,-1.,0.));
#8174=DIRECTION('',(0.,0.,1.));
#8175=DIRECTION('',(0.,1.,0.));
#8176=DIRECTION('',(0.,0.,1.));
#8177=DIRECTION('',(0.,-1.,0.));
#8178=DIRECTION('',(0.,0.,1.));
#8179=DIRECTION('',(0.,1.,0.));
#8180=DIRECTION('',(0.,0.,-1.));
#8181=DIRECTION('',(0.,-1.,0.));
#8182=DIRECTION('',(0.,0.,-1.));
#8183=DIRECTION('',(0.,1.,0.));
#8184=DIRECTION('',(-1.,0.,0.));
#8185=DIRECTION('',(0.,0.,1.));
#8186=DIRECTION('',(0.,0.,-1.));
#8187=DIRECTION('',(0.,-1.,0.));
#8188=DIRECTION('',(0.,0.,1.));
#8189=DIRECTION('',(0.,1.,0.));
#8190=DIRECTION('',(0.,0.,1.));
#8191=DIRECTION('',(0.,-1.,0.));
#8192=DIRECTION('',(0.,0.,1.));
#8193=DIRECTION('',(0.,1.,0.));
#8194=DIRECTION('',(0.,0.,-1.));
#8195=DIRECTION('',(0.,-1.,0.));
#8196=DIRECTION('',(0.,0.,-1.));
#8197=DIRECTION('',(0.,1.,0.));
#8198=DIRECTION('',(0.,-1.,0.));
#8199=DIRECTION('',(0.,0.,-1.));
#8200=DIRECTION('',(0.,1.,0.));
#8201=DIRECTION('',(-1.,0.,0.));
#8202=DIRECTION('',(0.,-1.,0.));
#8203=DIRECTION('',(0.,1.,0.));
#8204=DIRECTION('',(-1.,0.,0.));
#8205=DIRECTION('',(0.,-1.,0.));
#8206=DIRECTION('',(-1.,0.,0.));
#8207=DIRECTION('',(0.,0.,1.));
#8208=DIRECTION('',(0.,0.,-1.));
#8209=DIRECTION('',(0.,-1.,0.));
#8210=DIRECTION('',(0.,0.,-1.));
#8211=DIRECTION('',(0.,1.,0.));
#8212=DIRECTION('',(0.,0.,-1.));
#8213=DIRECTION('',(0.,-1.,0.));
#8214=DIRECTION('',(0.,0.,1.));
#8215=DIRECTION('',(0.,1.,0.));
#8216=DIRECTION('',(0.,0.,1.));
#8217=DIRECTION('',(0.,-1.,0.));
#8218=DIRECTION('',(0.,0.,1.));
#8219=DIRECTION('',(0.,1.,0.));
#8220=DIRECTION('',(0.,1.,0.));
#8221=DIRECTION('',(0.,0.,-1.));
#8222=DIRECTION('',(0.,1.,0.));
#8223=DIRECTION('',(-1.,0.,0.));
#8224=DIRECTION('',(0.,1.,0.));
#8225=DIRECTION('',(0.,1.,0.));
#8226=DIRECTION('',(-1.,0.,0.));
#8227=DIRECTION('',(0.,1.,0.));
#8228=DIRECTION('',(-1.,0.,0.));
#8229=DIRECTION('',(0.,0.,1.));
#8230=DIRECTION('',(0.,0.,1.));
#8231=DIRECTION('',(0.,0.,1.));
#8232=DIRECTION('',(0.,0.,1.));
#8233=DIRECTION('',(1.,0.,0.));
#8234=DIRECTION('',(0.,0.,1.));
#8235=DIRECTION('',(0.,1.,0.));
#8236=DIRECTION('',(0.,0.,1.));
#8237=DIRECTION('',(0.,0.,1.));
#8238=DIRECTION('',(1.,0.,0.));
#8239=DIRECTION('',(0.,0.,-1.));
#8240=DIRECTION('',(0.,0.,-1.));
#8241=DIRECTION('',(0.,-1.,0.));
#8242=DIRECTION('',(0.,0.,-1.));
#8243=DIRECTION('',(0.,0.,1.));
#8244=DIRECTION('',(0.,0.,-1.));
#8245=DIRECTION('',(0.,-1.,0.));
#8246=DIRECTION('',(0.,0.,-1.));
#8247=DIRECTION('',(0.,0.,-1.));
#8248=DIRECTION('',(0.,-1.,0.));
#8249=DIRECTION('',(0.,0.,-1.));
#8250=DIRECTION('',(1.11441714096367E-15,1.,0.));
#8251=DIRECTION('',(-1.,1.11441714096367E-15,0.));
#8252=DIRECTION('',(0.,0.,1.));
#8253=DIRECTION('',(0.,0.,1.));
#8254=DIRECTION('',(0.,0.,1.));
#8255=DIRECTION('',(-1.,0.,0.));
#8256=DIRECTION('',(0.,0.,1.));
#8257=DIRECTION('',(1.,0.,0.));
#8258=DIRECTION('',(0.,0.,1.));
#8259=DIRECTION('',(0.,0.,1.));
#8260=DIRECTION('',(0.,0.,1.));
#8261=DIRECTION('',(-1.,0.,0.));
#8262=DIRECTION('',(0.,0.,1.));
#8263=DIRECTION('',(0.,-1.,0.));
#8264=DIRECTION('',(0.,0.,1.));
#8265=DIRECTION('',(0.,0.,1.));
#8266=DIRECTION('',(-1.,0.,0.));
#8267=DIRECTION('',(0.,0.,-1.));
#8268=DIRECTION('',(0.,0.,-1.));
#8269=DIRECTION('',(0.,0.,-1.));
#8270=DIRECTION('',(0.,-1.,0.));
#8271=DIRECTION('',(0.,0.,1.));
#8272=DIRECTION('',(0.,-1.,0.));
#8273=DIRECTION('',(0.,0.,1.));
#8274=DIRECTION('',(0.,0.,1.));
#8275=DIRECTION('',(0.,0.,1.));
#8276=DIRECTION('',(-1.,0.,0.));
#8277=DIRECTION('',(0.,0.,1.));
#8278=DIRECTION('',(0.,0.,1.));
#8279=DIRECTION('',(0.,0.,1.));
#8280=DIRECTION('',(0.,0.,1.));
#8281=DIRECTION('',(1.,0.,0.));
#8282=DIRECTION('',(0.,0.,1.));
#8283=DIRECTION('',(-1.11441714096367E-15,1.,0.));
#8284=DIRECTION('',(1.,1.11441714096367E-15,0.));
#8285=DIRECTION('',(0.,0.,1.));
#8286=DIRECTION('',(1.,0.,0.));
#8287=DIRECTION('',(0.,0.,-1.));
#8288=DIRECTION('',(0.,0.,-1.));
#8289=DIRECTION('',(0.,0.,-1.));
#8290=DIRECTION('',(-1.11441714096367E-15,-1.,0.));
#8291=DIRECTION('',(1.,-1.11441714096367E-15,0.));
#8292=DIRECTION('',(0.,0.,1.));
#8293=DIRECTION('',(0.,0.,1.));
#8294=DIRECTION('',(0.,0.,1.));
#8295=DIRECTION('',(1.,0.,0.));
#8296=DIRECTION('',(0.,0.,1.));
#8297=DIRECTION('',(-1.,0.,0.));
#8298=DIRECTION('',(0.,0.,1.));
#8299=DIRECTION('',(0.,0.,1.));
#8300=DIRECTION('',(0.,0.,1.));
#8301=DIRECTION('',(1.,0.,0.));
#8302=DIRECTION('',(0.,0.,1.));
#8303=DIRECTION('',(0.,1.,0.));
#8304=DIRECTION('',(0.,0.,1.));
#8305=DIRECTION('',(0.,0.,1.));
#8306=DIRECTION('',(1.,0.,0.));
#8307=DIRECTION('',(0.,0.,-1.));
#8308=DIRECTION('',(0.,0.,-1.));
#8309=DIRECTION('',(0.,0.,-1.));
#8310=DIRECTION('',(0.,1.,0.));
#8311=DIRECTION('',(0.,0.,1.));
#8312=DIRECTION('',(0.,0.,-1.));
#8313=DIRECTION('',(0.,1.,0.));
#8314=DIRECTION('',(0.,0.,1.));
#8315=DIRECTION('',(0.,0.,1.));
#8316=DIRECTION('',(0.,0.,1.));
#8317=DIRECTION('',(0.,0.,1.));
#8318=DIRECTION('',(-1.,0.,0.));
#8319=DIRECTION('',(0.,0.,1.));
#8320=DIRECTION('',(1.,0.,0.));
#8321=DIRECTION('',(0.,0.,1.));
#8322=DIRECTION('',(0.,0.,1.));
#8323=DIRECTION('',(0.,0.,1.));
#8324=DIRECTION('',(-1.,0.,0.));
#8325=DIRECTION('',(0.,0.,1.));
#8326=DIRECTION('',(1.11441714096367E-15,-1.,0.));
#8327=DIRECTION('',(-1.,-1.11441714096367E-15,0.));
#8328=DIRECTION('',(0.,0.,1.));
#8329=DIRECTION('',(-1.,0.,0.));
#8330=DIRECTION('',(0.,0.,-1.));
#8331=DIRECTION('',(0.,0.,-1.));
#8332=DIRECTION('',(0.,1.,0.));
#8333=DIRECTION('',(0.,0.,1.));
#8334=DIRECTION('',(0.,-1.,0.));
#8335=DIRECTION('',(0.,0.,1.));
#8336=DIRECTION('',(0.,1.,0.));
#8337=DIRECTION('',(0.,0.,1.));
#8338=DIRECTION('',(0.,0.,1.));
#8339=DIRECTION('',(0.,0.,1.));
#8340=DIRECTION('',(0.,0.,1.));
#8341=DIRECTION('',(-1.,0.,0.));
#8342=DIRECTION('',(0.,0.,1.));
#8343=DIRECTION('',(1.,0.,0.));
#8344=DIRECTION('',(0.,0.,1.));
#8345=DIRECTION('',(0.,0.,1.));
#8346=DIRECTION('',(0.,0.,1.));
#8347=DIRECTION('',(-1.,0.,0.));
#8348=DIRECTION('',(0.,0.,1.));
#8349=DIRECTION('',(1.11441714096367E-15,-1.,0.));
#8350=DIRECTION('',(-1.,-1.11441714096367E-15,0.));
#8351=DIRECTION('',(0.,0.,1.));
#8352=DIRECTION('',(-1.,0.,0.));
#8353=DIRECTION('',(0.,0.,-1.));
#8354=DIRECTION('',(0.,0.,-1.));
#8355=DIRECTION('',(0.,-1.,0.));
#8356=DIRECTION('',(0.,0.,-1.));
#8357=DIRECTION('',(-1.,0.,0.));
#8358=DIRECTION('',(0.,0.,-1.));
#8359=DIRECTION('',(0.,0.,-1.));
#8360=DIRECTION('',(0.,-1.,0.));
#8361=DIRECTION('',(0.,0.,-1.));
#8362=DIRECTION('',(0.,0.,-1.));
#8363=DIRECTION('',(0.,-1.,0.));
#8364=DIRECTION('',(0.,0.,-1.));
#8365=DIRECTION('',(0.,0.,-1.));
#8366=DIRECTION('',(0.,-1.,0.));
#8367=DIRECTION('',(0.,0.,-1.));
#8368=DIRECTION('',(0.,0.,1.));
#8369=DIRECTION('',(0.,1.,0.));
#8370=DIRECTION('',(0.,0.,1.));
#8371=DIRECTION('',(0.,0.,1.));
#8372=DIRECTION('',(0.,0.,1.));
#8373=DIRECTION('',(-1.,0.,0.));
#8374=DIRECTION('',(0.,0.,1.));
#8375=DIRECTION('',(1.,0.,0.));
#8376=DIRECTION('',(0.,0.,1.));
#8377=DIRECTION('',(-1.11441714096367E-15,-1.,0.));
#8378=DIRECTION('',(1.,-1.11441714096367E-15,0.));
#8379=DIRECTION('',(0.,0.,1.));
#8380=DIRECTION('',(0.,0.,1.));
#8381=DIRECTION('',(1.,0.,0.));
#8382=DIRECTION('',(0.,1.,0.));
#8383=DIRECTION('',(0.,0.,1.));
#8384=DIRECTION('',(0.,0.,1.));
#8385=DIRECTION('',(0.,0.,1.));
#8386=DIRECTION('',(1.,0.,0.));
#8387=DIRECTION('',(0.,0.,-1.));
#8388=DIRECTION('',(0.,0.,-1.));
#8389=DIRECTION('',(0.,-1.,0.));
#8390=DIRECTION('',(0.,0.,-1.));
#8391=DIRECTION('',(0.,0.,1.));
#8392=DIRECTION('',(-1.11441714096367E-15,-1.,0.));
#8393=DIRECTION('',(1.,-1.11441714096367E-15,0.));
#8394=DIRECTION('',(0.,0.,1.));
#8395=DIRECTION('',(0.,0.,1.));
#8396=DIRECTION('',(1.,0.,0.));
#8397=DIRECTION('',(0.,0.,1.));
#8398=DIRECTION('',(-1.,0.,0.));
#8399=DIRECTION('',(0.,0.,1.));
#8400=DIRECTION('',(0.,0.,1.));
#8401=DIRECTION('',(0.,0.,1.));
#8402=DIRECTION('',(1.,0.,0.));
#8403=DIRECTION('',(-1.,0.,0.));
#8404=DIRECTION('',(0.,0.,1.));
#8405=DIRECTION('',(0.,0.,-1.));
#8406=DIRECTION('',(0.,-1.,0.));
#8407=DIRECTION('',(0.,0.,1.));
#8408=DIRECTION('',(0.,1.,0.));
#8409=DIRECTION('',(0.,0.,1.));
#8410=DIRECTION('',(0.,-1.,0.));
#8411=DIRECTION('',(0.,0.,1.));
#8412=DIRECTION('',(0.,1.,0.));
#8413=DIRECTION('',(0.,0.,-1.));
#8414=DIRECTION('',(0.,-1.,0.));
#8415=DIRECTION('',(0.,0.,-1.));
#8416=DIRECTION('',(0.,1.,0.));
#8417=DIRECTION('',(0.,0.,1.));
#8418=DIRECTION('',(1.,0.,0.));
#8419=DIRECTION('',(0.,-1.,0.));
#8420=DIRECTION('',(1.,0.,0.));
#8421=DIRECTION('',(1.,0.,0.));
#8422=DIRECTION('',(0.,1.,0.));
#8423=DIRECTION('',(0.,0.,1.));
#8424=DIRECTION('',(0.,0.,1.));
#8425=DIRECTION('',(1.,0.,0.));
#8426=DIRECTION('',(0.,0.,-1.));
#8427=DIRECTION('',(-1.,0.,0.));
#8428=DIRECTION('',(0.,1.,0.));
#8429=DIRECTION('',(1.,0.,0.));
#8430=DIRECTION('',(0.,-1.,0.));
#8431=DIRECTION('',(0.,0.,-1.));
#8432=DIRECTION('',(0.,0.,-1.));
#8433=DIRECTION('',(1.,0.,0.));
#8434=DIRECTION('',(0.,0.,1.));
#8435=DIRECTION('',(1.,0.,0.));
#8436=DIRECTION('',(0.,-1.,0.));
#8437=DIRECTION('',(1.,0.,0.));
#8438=DIRECTION('',(0.,-1.,0.));
#8439=DIRECTION('',(0.,0.,-1.));
#8440=DIRECTION('',(0.,0.,-1.));
#8441=DIRECTION('',(1.,0.,0.));
#8442=DIRECTION('',(0.,0.,-1.));
#8443=DIRECTION('',(-1.,0.,0.));
#8444=DIRECTION('',(0.,1.,0.));
#8445=DIRECTION('',(1.,0.,0.));
#8446=DIRECTION('',(0.,-1.,0.));
#8447=DIRECTION('',(0.,0.,-1.));
#8448=DIRECTION('',(0.,0.,-1.));
#8449=DIRECTION('',(1.,0.,0.));
#8450=DIRECTION('',(0.,0.,-1.));
#8451=DIRECTION('',(-1.,0.,0.));
#8452=DIRECTION('',(0.,1.,0.));
#8453=DIRECTION('',(1.,0.,0.));
#8454=DIRECTION('',(0.,-1.,0.));
#8455=DIRECTION('',(1.,0.,0.));
#8456=DIRECTION('',(0.,1.,0.));
#8457=DIRECTION('',(1.,0.,0.));
#8458=DIRECTION('',(0.,1.,0.));
#8459=DIRECTION('',(0.,0.,1.));
#8460=DIRECTION('',(0.,0.,1.));
#8461=DIRECTION('',(1.,0.,0.));
#8462=DIRECTION('',(0.,0.,-1.));
#8463=DIRECTION('',(-1.,0.,0.));
#8464=DIRECTION('',(0.,1.,0.));
#8465=DIRECTION('',(1.,0.,0.));
#8466=DIRECTION('',(0.,1.,0.));
#8467=DIRECTION('',(0.,0.,1.));
#8468=DIRECTION('',(0.,0.,1.));
#8469=DIRECTION('',(0.,0.,-1.));
#8470=DIRECTION('',(-1.,0.,0.));
#8471=DIRECTION('',(0.,1.,0.));
#8472=DIRECTION('',(1.,0.,0.));
#8473=DIRECTION('',(1.,0.,0.));
#8474=DIRECTION('',(0.,1.,0.));
#8475=DIRECTION('',(0.,0.,1.));
#8476=DIRECTION('',(0.,0.,1.));
#8477=DIRECTION('',(1.,0.,0.));
#8478=DIRECTION('',(0.,0.,1.));
#8479=DIRECTION('',(1.,0.,0.));
#8480=DIRECTION('',(0.,-1.,0.));
#8481=DIRECTION('',(1.,0.,0.));
#8482=DIRECTION('',(0.,1.,0.));
#8483=DIRECTION('',(0.,0.,1.));
#8484=DIRECTION('',(0.,0.,1.));
#8485=DIRECTION('',(1.,0.,0.));
#8486=DIRECTION('',(0.,0.,-1.));
#8487=DIRECTION('',(-1.,0.,0.));
#8488=DIRECTION('',(0.,1.,0.));
#8489=DIRECTION('',(1.,0.,0.));
#8490=DIRECTION('',(0.,-1.,0.));
#8491=DIRECTION('',(0.,0.,-1.));
#8492=DIRECTION('',(0.,0.,-1.));
#8493=DIRECTION('',(1.,0.,0.));
#8494=DIRECTION('',(0.,0.,1.));
#8495=DIRECTION('',(1.,0.,0.));
#8496=DIRECTION('',(0.,-1.,0.));
#8497=DIRECTION('',(1.,0.,0.));
#8498=DIRECTION('',(0.,-1.,0.));
#8499=DIRECTION('',(0.,0.,-1.));
#8500=DIRECTION('',(0.,0.,-1.));
#8501=DIRECTION('',(1.,0.,0.));
#8502=DIRECTION('',(0.,0.,-1.));
#8503=DIRECTION('',(-1.,0.,0.));
#8504=DIRECTION('',(0.,1.,0.));
#8505=DIRECTION('',(1.,0.,0.));
#8506=DIRECTION('',(0.,-1.,0.));
#8507=DIRECTION('',(0.,0.,-1.));
#8508=DIRECTION('',(0.,0.,-1.));
#8509=DIRECTION('',(1.,0.,0.));
#8510=DIRECTION('',(0.,0.,-1.));
#8511=DIRECTION('',(-1.,0.,0.));
#8512=DIRECTION('',(0.,1.,0.));
#8513=DIRECTION('',(1.,0.,0.));
#8514=DIRECTION('',(0.,-1.,0.));
#8515=DIRECTION('',(1.,0.,0.));
#8516=DIRECTION('',(0.,1.,0.));
#8517=DIRECTION('',(1.,0.,0.));
#8518=DIRECTION('',(0.,1.,0.));
#8519=DIRECTION('',(0.,0.,1.));
#8520=DIRECTION('',(0.,0.,1.));
#8521=DIRECTION('',(0.,-1.,0.));
#8522=DIRECTION('',(0.,0.,-1.));
#8523=DIRECTION('',(0.,0.,-1.));
#8524=DIRECTION('',(-1.,0.,0.));
#8525=DIRECTION('',(0.,0.,1.));
#8526=DIRECTION('',(1.,0.,0.));
#8527=DIRECTION('',(0.,0.,-1.));
#8528=DIRECTION('',(0.,-1.,0.));
#8529=DIRECTION('',(1.,0.,0.));
#8530=DIRECTION('',(0.,-1.,0.));
#8531=DIRECTION('',(0.,1.,0.));
#8532=DIRECTION('',(0.,0.,1.));
#8533=DIRECTION('',(0.,0.,-1.));
#8534=DIRECTION('',(0.,1.,0.));
#8535=DIRECTION('',(0.,0.,1.));
#8536=DIRECTION('',(0.,0.,1.));
#8537=DIRECTION('',(1.,0.,0.));
#8538=DIRECTION('',(0.,1.,0.));
#8539=DIRECTION('',(0.,0.,1.));
#8540=DIRECTION('',(0.,0.,1.));
#8541=DIRECTION('',(1.,0.,0.));
#8542=DIRECTION('',(1.,0.,0.));
#8543=DIRECTION('',(0.,0.,-1.));
#8544=DIRECTION('',(-1.,0.,0.));
#8545=DIRECTION('',(0.,1.,0.));
#8546=DIRECTION('',(1.,0.,0.));
#8547=DIRECTION('',(0.,1.,0.));
#8548=DIRECTION('',(0.,0.,1.));
#8549=DIRECTION('',(0.,0.,1.));
#8550=DIRECTION('',(1.,0.,0.));
#8551=DIRECTION('',(0.,0.,1.));
#8552=DIRECTION('',(1.,0.,0.));
#8553=DIRECTION('',(0.,-1.,0.));
#8554=DIRECTION('',(1.,0.,0.));
#8555=DIRECTION('',(0.,1.,0.));
#8556=DIRECTION('',(0.,0.,1.));
#8557=DIRECTION('',(0.,0.,1.));
#8558=DIRECTION('',(1.,0.,0.));
#8559=DIRECTION('',(0.,0.,-1.));
#8560=DIRECTION('',(-1.,0.,0.));
#8561=DIRECTION('',(0.,1.,0.));
#8562=DIRECTION('',(1.,0.,0.));
#8563=DIRECTION('',(0.,-1.,0.));
#8564=DIRECTION('',(0.,0.,-1.));
#8565=DIRECTION('',(0.,0.,-1.));
#8566=DIRECTION('',(1.,0.,0.));
#8567=DIRECTION('',(0.,0.,1.));
#8568=DIRECTION('',(1.,0.,0.));
#8569=DIRECTION('',(0.,-1.,0.));
#8570=DIRECTION('',(1.,0.,0.));
#8571=DIRECTION('',(0.,-1.,0.));
#8572=DIRECTION('',(0.,0.,-1.));
#8573=DIRECTION('',(0.,0.,-1.));
#8574=DIRECTION('',(1.,0.,0.));
#8575=DIRECTION('',(0.,0.,-1.));
#8576=DIRECTION('',(-1.,0.,0.));
#8577=DIRECTION('',(0.,1.,0.));
#8578=DIRECTION('',(1.,0.,0.));
#8579=DIRECTION('',(0.,-1.,0.));
#8580=DIRECTION('',(0.,0.,-1.));
#8581=DIRECTION('',(0.,0.,-1.));
#8582=DIRECTION('',(1.,0.,0.));
#8583=DIRECTION('',(0.,0.,-1.));
#8584=DIRECTION('',(-1.,0.,0.));
#8585=DIRECTION('',(0.,-1.,0.));
#8586=DIRECTION('',(0.,-1.,0.));
#8587=DIRECTION('',(1.,0.,0.));
#8588=DIRECTION('',(0.,1.,0.));
#8589=DIRECTION('',(0.,0.,1.));
#8590=DIRECTION('',(0.,0.,1.));
#8591=DIRECTION('',(0.,-1.,0.));
#8592=DIRECTION('',(0.,0.,1.));
#8593=DIRECTION('',(0.,0.,1.));
#8594=DIRECTION('',(1.,0.,0.));
#8595=DIRECTION('',(0.,1.,0.));
#8596=DIRECTION('',(0.,0.,-1.));
#8597=DIRECTION('',(0.,0.,1.));
#8598=DIRECTION('',(1.,0.,0.));
#8599=DIRECTION('',(1.,0.,0.));
#8600=DIRECTION('',(0.,0.,-1.));
#8601=DIRECTION('',(-1.,0.,0.));
#8602=DIRECTION('',(0.,1.,0.));
#8603=DIRECTION('',(1.,0.,0.));
#8604=DIRECTION('',(0.,1.,0.));
#8605=DIRECTION('',(0.,0.,-1.));
#8606=DIRECTION('',(0.,0.,1.));
#8607=DIRECTION('',(1.,0.,0.));
#8608=DIRECTION('',(0.,0.,1.));
#8609=DIRECTION('',(1.,0.,0.));
#8610=DIRECTION('',(0.,-1.,0.));
#8611=DIRECTION('',(1.,0.,0.));
#8612=DIRECTION('',(0.,1.,0.));
#8613=DIRECTION('',(0.,0.,-1.));
#8614=DIRECTION('',(0.,0.,1.));
#8615=DIRECTION('',(1.,0.,0.));
#8616=DIRECTION('',(0.,0.,-1.));
#8617=DIRECTION('',(-1.,0.,0.));
#8618=DIRECTION('',(0.,1.,0.));
#8619=DIRECTION('',(1.,0.,0.));
#8620=DIRECTION('',(0.,-1.,0.));
#8621=DIRECTION('',(0.,0.,1.));
#8622=DIRECTION('',(0.,0.,-1.));
#8623=DIRECTION('',(1.,0.,0.));
#8624=DIRECTION('',(0.,0.,1.));
#8625=DIRECTION('',(1.,0.,0.));
#8626=DIRECTION('',(0.,-1.,0.));
#8627=DIRECTION('',(1.,0.,0.));
#8628=DIRECTION('',(0.,-1.,0.));
#8629=DIRECTION('',(0.,0.,1.));
#8630=DIRECTION('',(0.,0.,-1.));
#8631=DIRECTION('',(1.,0.,0.));
#8632=DIRECTION('',(0.,0.,-1.));
#8633=DIRECTION('',(-1.,0.,0.));
#8634=DIRECTION('',(0.,1.,0.));
#8635=DIRECTION('',(1.,0.,0.));
#8636=DIRECTION('',(0.,-1.,0.));
#8637=DIRECTION('',(0.,0.,1.));
#8638=DIRECTION('',(0.,0.,-1.));
#8639=DIRECTION('',(1.,0.,0.));
#8640=DIRECTION('',(0.,0.,-1.));
#8641=DIRECTION('',(-1.,0.,0.));
#8642=DIRECTION('',(0.,1.,0.));
#8643=DIRECTION('',(0.,1.,0.));
#8644=DIRECTION('',(1.,0.,0.));
#8645=DIRECTION('',(0.,-1.,0.));
#8646=DIRECTION('',(0.,0.,1.));
#8647=DIRECTION('',(0.,0.,1.));
#8648=DIRECTION('',(0.,0.,-1.));
#8649=DIRECTION('',(-1.,0.,0.));
#8650=DIRECTION('',(0.,1.,0.));
#8651=DIRECTION('',(1.,0.,0.));
#8652=DIRECTION('',(1.,0.,0.));
#8653=DIRECTION('',(0.,-1.,0.));
#8654=DIRECTION('',(0.,0.,-1.));
#8655=DIRECTION('',(0.,0.,-1.));
#8656=DIRECTION('',(1.,0.,0.));
#8657=DIRECTION('',(0.,0.,-1.));
#8658=DIRECTION('',(-1.,0.,0.));
#8659=DIRECTION('',(0.,1.,0.));
#8660=DIRECTION('',(1.,0.,0.));
#8661=DIRECTION('',(0.,-1.,0.));
#8662=DIRECTION('',(1.,0.,0.));
#8663=DIRECTION('',(0.,1.,0.));
#8664=DIRECTION('',(1.,0.,0.));
#8665=DIRECTION('',(0.,1.,0.));
#8666=DIRECTION('',(0.,0.,1.));
#8667=DIRECTION('',(0.,0.,1.));
#8668=DIRECTION('',(1.,0.,0.));
#8669=DIRECTION('',(0.,0.,-1.));
#8670=DIRECTION('',(-1.,0.,0.));
#8671=DIRECTION('',(0.,1.,0.));
#8672=DIRECTION('',(1.,0.,0.));
#8673=DIRECTION('',(0.,1.,0.));
#8674=DIRECTION('',(0.,0.,1.));
#8675=DIRECTION('',(0.,0.,1.));
#8676=DIRECTION('',(1.,0.,0.));
#8677=DIRECTION('',(0.,0.,1.));
#8678=DIRECTION('',(1.,0.,0.));
#8679=DIRECTION('',(0.,-1.,0.));
#8680=DIRECTION('',(1.,0.,0.));
#8681=DIRECTION('',(0.,1.,0.));
#8682=DIRECTION('',(0.,0.,1.));
#8683=DIRECTION('',(0.,0.,1.));
#8684=DIRECTION('',(1.,0.,0.));
#8685=DIRECTION('',(0.,0.,-1.));
#8686=DIRECTION('',(-1.,0.,0.));
#8687=DIRECTION('',(0.,1.,0.));
#8688=DIRECTION('',(1.,0.,0.));
#8689=DIRECTION('',(0.,-1.,0.));
#8690=DIRECTION('',(0.,0.,-1.));
#8691=DIRECTION('',(0.,0.,-1.));
#8692=DIRECTION('',(1.,0.,0.));
#8693=DIRECTION('',(0.,0.,1.));
#8694=DIRECTION('',(1.,0.,0.));
#8695=DIRECTION('',(0.,-1.,0.));
#8696=DIRECTION('',(1.,0.,0.));
#8697=DIRECTION('',(0.,-1.,0.));
#8698=DIRECTION('',(0.,0.,-1.));
#8699=DIRECTION('',(0.,0.,-1.));
#8700=DIRECTION('',(1.,0.,0.));
#8701=DIRECTION('',(0.,0.,-1.));
#8702=DIRECTION('',(0.,0.,1.));
#8703=DIRECTION('',(0.,1.,0.));
#8704=DIRECTION('',(0.,0.,-1.));
#8705=DIRECTION('',(0.,1.,0.));
#8706=DIRECTION('',(0.,0.,-1.));
#8707=DIRECTION('',(0.,-1.,0.));
#8708=DIRECTION('',(0.,0.,-1.));
#8709=DIRECTION('',(0.,1.,0.));
#8710=DIRECTION('',(0.,0.,1.));
#8711=DIRECTION('',(0.,-1.,0.));
#8712=DIRECTION('',(0.,0.,1.));
#8713=DIRECTION('',(0.,1.,0.));
#8714=DIRECTION('',(0.,0.,1.));
#8715=DIRECTION('',(0.,1.,0.));
#8716=DIRECTION('',(0.,0.,1.));
#8717=DIRECTION('',(0.,0.,1.));
#8718=DIRECTION('',(0.,0.,1.));
#8719=DIRECTION('',(0.,0.,1.));
#8720=DIRECTION('',(0.,0.,1.));
#8721=DIRECTION('',(0.,0.,1.));
#8722=DIRECTION('',(0.,0.,1.));
#8723=DIRECTION('',(0.,1.,0.));
#8724=DIRECTION('',(0.,0.,1.));
#8725=DIRECTION('',(1.,0.,0.));
#8726=DIRECTION('',(0.,0.,1.));
#8727=DIRECTION('',(1.,0.,0.));
#8728=DIRECTION('',(0.,0.,1.));
#8729=DIRECTION('',(1.,0.,0.));
#8730=DIRECTION('',(1.,0.,0.));
#8731=DIRECTION('',(0.,-1.,0.));
#8732=DIRECTION('',(1.,0.,0.));
#8733=DIRECTION('',(0.,1.,0.));
#8734=DIRECTION('',(0.,0.,1.));
#8735=DIRECTION('',(1.,0.,0.));
#8736=DIRECTION('',(0.,0.,1.));
#8737=DIRECTION('',(1.,0.,0.));
#8738=DIRECTION('',(0.,0.,-1.));
#8739=DIRECTION('',(-1.,0.,0.));
#8740=DIRECTION('',(0.,1.,0.));
#8741=DIRECTION('',(0.,0.,1.));
#8742=DIRECTION('',(1.,0.,0.));
#8743=DIRECTION('',(1.,0.,0.));
#8744=DIRECTION('',(0.,-1.,0.));
#8745=DIRECTION('',(0.,1.,0.));
#8746=DIRECTION('',(0.,0.,1.));
#8747=DIRECTION('',(1.,0.,0.));
#8748=DIRECTION('',(0.,0.,1.));
#8749=DIRECTION('',(0.,0.,-1.));
#8750=DIRECTION('',(-1.,0.,0.));
#8751=DIRECTION('',(1.,0.,0.));
#8752=DIRECTION('',(0.,1.,0.));
#8753=DIRECTION('',(0.,-1.,0.));
#8754=DIRECTION('',(0.,0.,-1.));
#8755=DIRECTION('',(0.,0.,-1.));
#8756=DIRECTION('',(0.,0.,-1.));
#8757=DIRECTION('',(-1.,0.,0.));
#8758=DIRECTION('',(1.,0.,0.));
#8759=DIRECTION('',(0.,1.,0.));
#8760=DIRECTION('',(1.,0.,0.));
#8761=DIRECTION('',(0.,-1.,0.));
#8762=DIRECTION('',(0.,0.,-1.));
#8763=DIRECTION('',(1.,0.,0.));
#8764=DIRECTION('',(0.,0.,-1.));
#8765=DIRECTION('',(-1.,0.,0.));
#8766=DIRECTION('',(0.,0.,1.));
#8767=DIRECTION('',(0.,-1.,0.));
#8768=DIRECTION('',(0.,0.,-1.));
#8769=DIRECTION('',(0.,-1.,0.));
#8770=DIRECTION('',(0.,0.,-1.));
#8771=DIRECTION('',(0.,0.,-1.));
#8772=DIRECTION('',(-1.,0.,0.));
#8773=DIRECTION('',(1.,0.,0.));
#8774=DIRECTION('',(0.,-1.,0.));
#8775=DIRECTION('',(1.,0.,0.));
#8776=DIRECTION('',(0.,1.,0.));
#8777=DIRECTION('',(0.,0.,1.));
#8778=DIRECTION('',(0.,1.,0.));
#8779=DIRECTION('',(-1.,0.,0.));
#8780=DIRECTION('',(0.,1.,0.));
#8781=DIRECTION('',(0.,0.,1.));
#8782=DIRECTION('',(0.,1.,0.));
#8783=DIRECTION('',(-1.,0.,0.));
#8784=DIRECTION('',(0.,-1.,0.));
#8785=DIRECTION('',(0.,0.,-1.));
#8786=DIRECTION('',(0.,-1.,0.));
#8787=DIRECTION('',(0.,0.,-1.));
#8788=DIRECTION('',(0.,-1.,0.));
#8789=DIRECTION('',(1.,0.,0.));
#8790=DIRECTION('',(0.,-1.,0.));
#8791=DIRECTION('',(0.,0.,-1.));
#8792=DIRECTION('',(0.,-1.,0.));
#8793=DIRECTION('',(1.,0.,0.));
#8794=DIRECTION('',(0.,-1.,0.));
#8795=DIRECTION('',(0.,0.,-1.));
#8796=DIRECTION('',(0.,1.,0.));
#8797=DIRECTION('',(0.,0.,1.));
#8798=DIRECTION('',(0.,1.,0.));
#8799=DIRECTION('',(-1.,0.,0.));
#8800=DIRECTION('',(0.,1.,0.));
#8801=DIRECTION('',(0.,0.,1.));
#8802=DIRECTION('',(0.,1.,0.));
#8803=DIRECTION('',(-1.,0.,0.));
#8804=DIRECTION('',(0.,-1.,0.));
#8805=DIRECTION('',(0.,0.,-1.));
#8806=DIRECTION('',(0.,-1.,0.));
#8807=DIRECTION('',(0.,0.,-1.));
#8808=DIRECTION('',(0.,-1.,0.));
#8809=DIRECTION('',(1.,0.,0.));
#8810=DIRECTION('',(0.,-1.,0.));
#8811=DIRECTION('',(0.,0.,-1.));
#8812=DIRECTION('',(0.,-1.,0.));
#8813=DIRECTION('',(1.,0.,0.));
#8814=DIRECTION('',(0.,-1.,0.));
#8815=DIRECTION('',(0.,0.,-1.));
#8816=DIRECTION('',(0.,1.,0.));
#8817=DIRECTION('',(0.,0.,1.));
#8818=DIRECTION('',(0.,1.,0.));
#8819=DIRECTION('',(-1.,0.,0.));
#8820=DIRECTION('',(0.,1.,0.));
#8821=DIRECTION('',(0.,0.,1.));
#8822=DIRECTION('',(0.,1.,0.));
#8823=DIRECTION('',(-1.,0.,0.));
#8824=DIRECTION('',(0.,-1.,0.));
#8825=DIRECTION('',(0.,0.,-1.));
#8826=DIRECTION('',(0.,-1.,0.));
#8827=DIRECTION('',(0.,0.,-1.));
#8828=DIRECTION('',(0.,-1.,0.));
#8829=DIRECTION('',(1.,0.,0.));
#8830=DIRECTION('',(0.,-1.,0.));
#8831=DIRECTION('',(0.,0.,-1.));
#8832=DIRECTION('',(0.,-1.,0.));
#8833=DIRECTION('',(1.,0.,0.));
#8834=DIRECTION('',(0.,-1.,0.));
#8835=DIRECTION('',(0.,0.,-1.));
#8836=DIRECTION('',(0.,1.,0.));
#8837=DIRECTION('',(0.,0.,1.));
#8838=DIRECTION('',(0.,1.,0.));
#8839=DIRECTION('',(-1.,0.,0.));
#8840=DIRECTION('',(0.,1.,0.));
#8841=DIRECTION('',(0.,0.,1.));
#8842=DIRECTION('',(0.,1.,0.));
#8843=DIRECTION('',(-1.,0.,0.));
#8844=DIRECTION('',(0.,-1.,0.));
#8845=DIRECTION('',(0.,0.,-1.));
#8846=DIRECTION('',(0.,-1.,0.));
#8847=DIRECTION('',(0.,0.,-1.));
#8848=DIRECTION('',(0.,-1.,0.));
#8849=DIRECTION('',(1.,0.,0.));
#8850=DIRECTION('',(0.,-1.,0.));
#8851=DIRECTION('',(0.,0.,-1.));
#8852=DIRECTION('',(0.,-1.,0.));
#8853=DIRECTION('',(1.,0.,0.));
#8854=DIRECTION('',(0.,-1.,0.));
#8855=DIRECTION('',(0.,0.,-1.));
#8856=DIRECTION('',(0.707106781186548,0.707106781186547,0.));
#8857=DIRECTION('',(-0.707106781186547,0.707106781186548,0.));
#8858=DIRECTION('',(0.,0.,1.));
#8859=DIRECTION('',(1.,0.,0.));
#8860=DIRECTION('',(0.,0.,-1.));
#8861=DIRECTION('',(0.,-1.,0.));
#8862=DIRECTION('',(0.,0.,-1.));
#8863=DIRECTION('',(-1.,0.,0.));
#8864=CARTESIAN_POINT('',(0.,0.,0.));
#8865=CARTESIAN_POINT('',(-2.2,1.575,-0.01));
#8866=CARTESIAN_POINT('',(-2.2,1.775,-0.01));
#8867=CARTESIAN_POINT('',(-2.2,1.775,-0.01));
#8868=CARTESIAN_POINT('',(-2.40457744010433,1.775,-0.01));
#8869=CARTESIAN_POINT('',(-2.1,1.675,-0.01));
#8870=CARTESIAN_POINT('',(-2.1,1.675,-0.01));
#8871=CARTESIAN_POINT('',(-2.1,1.575,-0.01));
#8872=CARTESIAN_POINT('',(-2.1,1.575,-0.01));
#8873=CARTESIAN_POINT('',(-2.2,1.575,-0.01));
#8874=CARTESIAN_POINT('',(-2.2,1.475,-0.01));
#8875=CARTESIAN_POINT('',(-2.2,1.475,-0.01));
#8876=CARTESIAN_POINT('',(-2.40457744010433,1.475,-0.01));
#8877=CARTESIAN_POINT('',(-2.40457744010433,1.625,-0.01));
#8878=CARTESIAN_POINT('',(0.,0.,0.));
#8879=CARTESIAN_POINT('',(-2.1,0.,0.));
#8880=CARTESIAN_POINT('',(-2.1,1.675,0.));
#8881=CARTESIAN_POINT('',(-2.1,1.575,0.));
#8882=CARTESIAN_POINT('',(-2.1,1.675,0.));
#8883=CARTESIAN_POINT('',(-2.2,1.775,0.));
#8884=CARTESIAN_POINT('',(0.,1.775,0.));
#8885=CARTESIAN_POINT('',(-2.40457744010433,1.775,0.));
#8886=CARTESIAN_POINT('',(-2.40457744010433,0.,0.));
#8887=CARTESIAN_POINT('',(-2.40457744010433,1.74,0.));
#8888=CARTESIAN_POINT('',(0.,1.74,0.));
#8889=CARTESIAN_POINT('',(-2.5,1.74,0.));
#8890=CARTESIAN_POINT('',(-2.5,2.,0.));
#8891=CARTESIAN_POINT('',(-2.5,2.,0.));
#8892=CARTESIAN_POINT('',(2.5,2.,0.));
#8893=CARTESIAN_POINT('',(2.5,2.,0.));
#8894=CARTESIAN_POINT('',(2.5,-2.,0.));
#8895=CARTESIAN_POINT('',(2.5,1.74,0.));
#8896=CARTESIAN_POINT('',(0.,1.74,0.));
#8897=CARTESIAN_POINT('',(2.40457744010433,1.74,0.));
#8898=CARTESIAN_POINT('',(2.40457744010433,0.,0.));
#8899=CARTESIAN_POINT('',(2.40457744010433,1.775,0.));
#8900=CARTESIAN_POINT('',(0.,1.775,0.));
#8901=CARTESIAN_POINT('',(2.2,1.775,0.));
#8902=CARTESIAN_POINT('',(2.2,1.675,0.));
#8903=CARTESIAN_POINT('',(2.1,1.675,0.));
#8904=CARTESIAN_POINT('',(2.1,0.,0.));
#8905=CARTESIAN_POINT('',(2.1,1.575,0.));
#8906=CARTESIAN_POINT('',(2.2,1.575,0.));
#8907=CARTESIAN_POINT('',(2.2,1.475,0.));
#8908=CARTESIAN_POINT('',(1.64376528292141E-15,1.475,0.));
#8909=CARTESIAN_POINT('',(2.40457744010433,1.475,0.));
#8910=CARTESIAN_POINT('',(2.40457744010433,0.,0.));
#8911=CARTESIAN_POINT('',(2.40457744010433,1.51,0.));
#8912=CARTESIAN_POINT('',(0.,1.51,0.));
#8913=CARTESIAN_POINT('',(2.5,1.51,0.));
#8914=CARTESIAN_POINT('',(2.5,-2.,0.));
#8915=CARTESIAN_POINT('',(2.5,1.09,0.));
#8916=CARTESIAN_POINT('',(0.,1.09,0.));
#8917=CARTESIAN_POINT('',(2.40457744010433,1.09,0.));
#8918=CARTESIAN_POINT('',(2.40457744010433,0.,0.));
#8919=CARTESIAN_POINT('',(2.40457744010433,1.125,0.));
#8920=CARTESIAN_POINT('',(-1.25371928358412E-15,1.125,0.));
#8921=CARTESIAN_POINT('',(2.2,1.125,0.));
#8922=CARTESIAN_POINT('',(2.2,1.025,0.));
#8923=CARTESIAN_POINT('',(2.1,1.025,0.));
#8924=CARTESIAN_POINT('',(2.1,0.,0.));
#8925=CARTESIAN_POINT('',(2.1,-0.375,0.));
#8926=CARTESIAN_POINT('',(2.2,-0.375,0.));
#8927=CARTESIAN_POINT('',(2.2,-0.475,0.));
#8928=CARTESIAN_POINT('',(0.,-0.475,0.));
#8929=CARTESIAN_POINT('',(2.40457744010433,-0.475,0.));
#8930=CARTESIAN_POINT('',(2.40457744010433,0.,0.));
#8931=CARTESIAN_POINT('',(2.40457744010433,-0.44,0.));
#8932=CARTESIAN_POINT('',(0.,-0.44,0.));
#8933=CARTESIAN_POINT('',(2.5,-0.44,0.));
#8934=CARTESIAN_POINT('',(2.5,-2.,0.));
#8935=CARTESIAN_POINT('',(2.5,-0.86,0.));
#8936=CARTESIAN_POINT('',(0.,-0.86,0.));
#8937=CARTESIAN_POINT('',(2.40457744010433,-0.86,0.));
#8938=CARTESIAN_POINT('',(2.40457744010433,0.,0.));
#8939=CARTESIAN_POINT('',(2.40457744010433,-0.825,0.));
#8940=CARTESIAN_POINT('',(9.19394141295027E-16,-0.825000000000003,0.));
#8941=CARTESIAN_POINT('',(2.2,-0.825,0.));
#8942=CARTESIAN_POINT('',(2.2,-0.925,0.));
#8943=CARTESIAN_POINT('',(2.1,-0.925,0.));
#8944=CARTESIAN_POINT('',(2.1,0.,0.));
#8945=CARTESIAN_POINT('',(2.1,-1.025,0.));
#8946=CARTESIAN_POINT('',(2.2,-1.025,0.));
#8947=CARTESIAN_POINT('',(2.2,-1.125,0.));
#8948=CARTESIAN_POINT('',(0.,-1.125,0.));
#8949=CARTESIAN_POINT('',(2.40457744010433,-1.125,0.));
#8950=CARTESIAN_POINT('',(2.40457744010433,0.,0.));
#8951=CARTESIAN_POINT('',(2.40457744010433,-1.09,0.));
#8952=CARTESIAN_POINT('',(0.,-1.09,0.));
#8953=CARTESIAN_POINT('',(2.5,-1.09,0.));
#8954=CARTESIAN_POINT('',(2.5,-2.,0.));
#8955=CARTESIAN_POINT('',(2.5,-1.51,0.));
#8956=CARTESIAN_POINT('',(0.,-1.51,0.));
#8957=CARTESIAN_POINT('',(2.40457744010433,-1.51,0.));
#8958=CARTESIAN_POINT('',(2.40457744010433,0.,0.));
#8959=CARTESIAN_POINT('',(2.40457744010433,-1.475,0.));
#8960=CARTESIAN_POINT('',(1.64376528292141E-15,-1.475,0.));
#8961=CARTESIAN_POINT('',(2.2,-1.475,0.));
#8962=CARTESIAN_POINT('',(2.2,-1.575,0.));
#8963=CARTESIAN_POINT('',(2.1,-1.575,0.));
#8964=CARTESIAN_POINT('',(2.1,0.,0.));
#8965=CARTESIAN_POINT('',(2.1,-1.675,0.));
#8966=CARTESIAN_POINT('',(2.2,-1.675,0.));
#8967=CARTESIAN_POINT('',(2.2,-1.775,0.));
#8968=CARTESIAN_POINT('',(0.,-1.775,0.));
#8969=CARTESIAN_POINT('',(2.40457744010433,-1.775,0.));
#8970=CARTESIAN_POINT('',(2.40457744010433,0.,0.));
#8971=CARTESIAN_POINT('',(2.40457744010433,-1.74,0.));
#8972=CARTESIAN_POINT('',(0.,-1.74,0.));
#8973=CARTESIAN_POINT('',(2.5,-1.74,0.));
#8974=CARTESIAN_POINT('',(2.5,-2.,0.));
#8975=CARTESIAN_POINT('',(2.5,-2.,0.));
#8976=CARTESIAN_POINT('',(-2.5,-2.,0.));
#8977=CARTESIAN_POINT('',(-2.5,-2.,0.));
#8978=CARTESIAN_POINT('',(-2.5,2.,0.));
#8979=CARTESIAN_POINT('',(-2.5,-1.74,0.));
#8980=CARTESIAN_POINT('',(0.,-1.74,0.));
#8981=CARTESIAN_POINT('',(-2.40457744010433,-1.74,0.));
#8982=CARTESIAN_POINT('',(-2.40457744010433,0.,0.));
#8983=CARTESIAN_POINT('',(-2.40457744010433,-1.775,0.));
#8984=CARTESIAN_POINT('',(0.,-1.775,0.));
#8985=CARTESIAN_POINT('',(-2.2,-1.775,0.));
#8986=CARTESIAN_POINT('',(-2.2,-1.675,0.));
#8987=CARTESIAN_POINT('',(-2.1,-1.675,0.));
#8988=CARTESIAN_POINT('',(-2.1,0.,0.));
#8989=CARTESIAN_POINT('',(-2.1,-1.575,0.));
#8990=CARTESIAN_POINT('',(-2.2,-1.575,0.));
#8991=CARTESIAN_POINT('',(-2.2,-1.475,0.));
#8992=CARTESIAN_POINT('',(-1.64376528292141E-15,-1.475,0.));
#8993=CARTESIAN_POINT('',(-2.40457744010433,-1.475,0.));
#8994=CARTESIAN_POINT('',(-2.40457744010433,0.,0.));
#8995=CARTESIAN_POINT('',(-2.40457744010433,-1.51,0.));
#8996=CARTESIAN_POINT('',(0.,-1.51,0.));
#8997=CARTESIAN_POINT('',(-2.5,-1.51,0.));
#8998=CARTESIAN_POINT('',(-2.5,2.,0.));
#8999=CARTESIAN_POINT('',(-2.5,-1.09,0.));
#9000=CARTESIAN_POINT('',(0.,-1.09,0.));
#9001=CARTESIAN_POINT('',(-2.40457744010433,-1.09,0.));
#9002=CARTESIAN_POINT('',(-2.40457744010433,0.,0.));
#9003=CARTESIAN_POINT('',(-2.40457744010433,-1.125,0.));
#9004=CARTESIAN_POINT('',(0.,-1.125,0.));
#9005=CARTESIAN_POINT('',(-2.2,-1.125,0.));
#9006=CARTESIAN_POINT('',(-2.2,-1.025,0.));
#9007=CARTESIAN_POINT('',(-2.1,-1.025,0.));
#9008=CARTESIAN_POINT('',(-2.1,0.65,0.));
#9009=CARTESIAN_POINT('',(-2.1,0.375,0.));
#9010=CARTESIAN_POINT('',(-2.2,0.375,0.));
#9011=CARTESIAN_POINT('',(-2.2,0.475,0.));
#9012=CARTESIAN_POINT('',(-1.95022999668644E-16,0.474999999999997,0.));
#9013=CARTESIAN_POINT('',(-2.40457744010433,0.475,0.));
#9014=CARTESIAN_POINT('',(-2.40457744010433,0.,0.));
#9015=CARTESIAN_POINT('',(-2.40457744010433,0.44,0.));
#9016=CARTESIAN_POINT('',(0.,0.44,0.));
#9017=CARTESIAN_POINT('',(-2.5,0.44,0.));
#9018=CARTESIAN_POINT('',(-2.5,2.,0.));
#9019=CARTESIAN_POINT('',(-2.5,0.860000000000001,0.));
#9020=CARTESIAN_POINT('',(0.,0.86,0.));
#9021=CARTESIAN_POINT('',(-2.40457744010433,0.86,0.));
#9022=CARTESIAN_POINT('',(-2.40457744010433,0.,0.));
#9023=CARTESIAN_POINT('',(-2.40457744010433,0.825,0.));
#9024=CARTESIAN_POINT('',(0.,0.825,0.));
#9025=CARTESIAN_POINT('',(-2.2,0.825,0.));
#9026=CARTESIAN_POINT('',(-2.2,0.925,0.));
#9027=CARTESIAN_POINT('',(-2.1,0.925,0.));
#9028=CARTESIAN_POINT('',(-2.1,2.6,0.));
#9029=CARTESIAN_POINT('',(-2.1,1.025,0.));
#9030=CARTESIAN_POINT('',(-2.2,1.025,0.));
#9031=CARTESIAN_POINT('',(-2.2,1.125,0.));
#9032=CARTESIAN_POINT('',(-1.95022999668644E-16,1.125,0.));
#9033=CARTESIAN_POINT('',(-2.40457744010433,1.125,0.));
#9034=CARTESIAN_POINT('',(-2.40457744010433,0.,0.));
#9035=CARTESIAN_POINT('',(-2.40457744010433,1.09,0.));
#9036=CARTESIAN_POINT('',(0.,1.09,0.));
#9037=CARTESIAN_POINT('',(-2.5,1.09,0.));
#9038=CARTESIAN_POINT('',(-2.5,2.,0.));
#9039=CARTESIAN_POINT('',(-2.5,1.51,0.));
#9040=CARTESIAN_POINT('',(0.,1.51,0.));
#9041=CARTESIAN_POINT('',(-2.40457744010433,1.51,0.));
#9042=CARTESIAN_POINT('',(-2.40457744010433,0.,0.));
#9043=CARTESIAN_POINT('',(-2.40457744010433,1.475,0.));
#9044=CARTESIAN_POINT('',(-1.64376528292141E-15,1.475,0.));
#9045=CARTESIAN_POINT('',(-2.2,1.475,0.));
#9046=CARTESIAN_POINT('',(-2.2,1.575,0.));
#9047=CARTESIAN_POINT('',(2.5,-2.,1.));
#9048=CARTESIAN_POINT('',(2.5,1.09,1.));
#9049=CARTESIAN_POINT('',(2.5,1.09,0.0999999999999999));
#9050=CARTESIAN_POINT('',(2.5,1.51,1.));
#9051=CARTESIAN_POINT('',(2.5,1.51,0.0999999999999999));
#9052=CARTESIAN_POINT('',(2.5,-2.,0.0999999999999999));
#9053=CARTESIAN_POINT('',(2.5,1.46816916392048,0.0999999999999999));
#9054=CARTESIAN_POINT('',(2.5,1.46816916392048,1.));
#9055=CARTESIAN_POINT('',(2.5,1.46816916392048,0.144475903904663));
#9056=CARTESIAN_POINT('',(2.5,-2.,0.144475903904663));
#9057=CARTESIAN_POINT('',(2.5,1.51,0.144475903904663));
#9058=CARTESIAN_POINT('',(2.5,1.51,1.));
#9059=CARTESIAN_POINT('',(2.5,1.51,0.250263636371095));
#9060=CARTESIAN_POINT('',(2.5,-2.,0.250263636371095));
#9061=CARTESIAN_POINT('',(2.5,1.46816916392048,0.250263636371095));
#9062=CARTESIAN_POINT('',(2.5,1.46816916392048,1.));
#9063=CARTESIAN_POINT('',(2.5,1.46816916392048,0.295));
#9064=CARTESIAN_POINT('',(2.5,-2.,0.295));
#9065=CARTESIAN_POINT('',(2.5,1.78183083607952,0.295));
#9066=CARTESIAN_POINT('',(2.5,1.78183083607952,1.));
#9067=CARTESIAN_POINT('',(2.5,1.78183083607952,0.250263636371095));
#9068=CARTESIAN_POINT('',(2.5,-2.,0.250263636371095));
#9069=CARTESIAN_POINT('',(2.5,1.74,0.250263636371095));
#9070=CARTESIAN_POINT('',(2.5,1.74,1.));
#9071=CARTESIAN_POINT('',(2.5,1.74,0.144475903904663));
#9072=CARTESIAN_POINT('',(2.5,2.,0.144475903904663));
#9073=CARTESIAN_POINT('',(2.5,1.78183083607952,0.144475903904663));
#9074=CARTESIAN_POINT('',(2.5,1.78183083607952,1.));
#9075=CARTESIAN_POINT('',(2.5,1.78183083607952,0.0999999999999999));
#9076=CARTESIAN_POINT('',(2.5,-2.,0.0999999999999999));
#9077=CARTESIAN_POINT('',(2.5,1.74,0.0999999999999999));
#9078=CARTESIAN_POINT('',(2.5,1.74,1.));
#9079=CARTESIAN_POINT('',(2.5,2.,1.));
#9080=CARTESIAN_POINT('',(2.5,2.,1.));
#9081=CARTESIAN_POINT('',(2.5,-2.,1.));
#9082=CARTESIAN_POINT('',(2.5,-2.,1.));
#9083=CARTESIAN_POINT('',(2.5,-2.,1.));
#9084=CARTESIAN_POINT('',(2.5,-1.74,1.));
#9085=CARTESIAN_POINT('',(2.5,-1.74,0.0999999999999999));
#9086=CARTESIAN_POINT('',(2.5,-2.,0.0999999999999999));
#9087=CARTESIAN_POINT('',(2.5,-1.78183083607952,0.0999999999999999));
#9088=CARTESIAN_POINT('',(2.5,-1.78183083607952,1.));
#9089=CARTESIAN_POINT('',(2.5,-1.78183083607952,0.144475903904663));
#9090=CARTESIAN_POINT('',(2.5,-2.,0.144475903904663));
#9091=CARTESIAN_POINT('',(2.5,-1.74,0.144475903904663));
#9092=CARTESIAN_POINT('',(2.5,-1.74,1.));
#9093=CARTESIAN_POINT('',(2.5,-1.74,0.250263636371095));
#9094=CARTESIAN_POINT('',(2.5,-2.,0.250263636371095));
#9095=CARTESIAN_POINT('',(2.5,-1.78183083607952,0.250263636371095));
#9096=CARTESIAN_POINT('',(2.5,-1.78183083607952,1.));
#9097=CARTESIAN_POINT('',(2.5,-1.78183083607952,0.295));
#9098=CARTESIAN_POINT('',(2.5,-2.,0.295));
#9099=CARTESIAN_POINT('',(2.5,-1.46816916392048,0.295));
#9100=CARTESIAN_POINT('',(2.5,-1.46816916392048,1.));
#9101=CARTESIAN_POINT('',(2.5,-1.46816916392048,0.250263636371095));
#9102=CARTESIAN_POINT('',(2.5,-2.,0.250263636371095));
#9103=CARTESIAN_POINT('',(2.5,-1.51,0.250263636371095));
#9104=CARTESIAN_POINT('',(2.5,-1.51,1.));
#9105=CARTESIAN_POINT('',(2.5,-1.51,0.144475903904663));
#9106=CARTESIAN_POINT('',(2.5,-2.,0.144475903904663));
#9107=CARTESIAN_POINT('',(2.5,-1.46816916392048,0.144475903904663));
#9108=CARTESIAN_POINT('',(2.5,-1.46816916392048,1.));
#9109=CARTESIAN_POINT('',(2.5,-1.46816916392048,0.0999999999999999));
#9110=CARTESIAN_POINT('',(2.5,-2.,0.0999999999999999));
#9111=CARTESIAN_POINT('',(2.5,-1.51,0.0999999999999999));
#9112=CARTESIAN_POINT('',(2.5,-1.51,1.));
#9113=CARTESIAN_POINT('',(2.5,-1.09,1.));
#9114=CARTESIAN_POINT('',(2.5,-1.09,0.0999999999999999));
#9115=CARTESIAN_POINT('',(2.5,-2.,0.0999999999999999));
#9116=CARTESIAN_POINT('',(2.5,-1.13183083607952,0.0999999999999999));
#9117=CARTESIAN_POINT('',(2.5,-1.13183083607952,1.));
#9118=CARTESIAN_POINT('',(2.5,-1.13183083607952,0.144475903904663));
#9119=CARTESIAN_POINT('',(2.5,-2.,0.144475903904663));
#9120=CARTESIAN_POINT('',(2.5,-1.09,0.144475903904663));
#9121=CARTESIAN_POINT('',(2.5,-1.09,1.));
#9122=CARTESIAN_POINT('',(2.5,-1.09,0.250263636371095));
#9123=CARTESIAN_POINT('',(2.5,-2.,0.250263636371095));
#9124=CARTESIAN_POINT('',(2.5,-1.13183083607952,0.250263636371095));
#9125=CARTESIAN_POINT('',(2.5,-1.13183083607952,1.));
#9126=CARTESIAN_POINT('',(2.5,-1.13183083607952,0.295));
#9127=CARTESIAN_POINT('',(2.5,-2.,0.295));
#9128=CARTESIAN_POINT('',(2.5,-0.818169163920484,0.295));
#9129=CARTESIAN_POINT('',(2.5,-0.818169163920484,1.));
#9130=CARTESIAN_POINT('',(2.5,-0.818169163920484,0.250263636371095));
#9131=CARTESIAN_POINT('',(2.5,-2.,0.250263636371095));
#9132=CARTESIAN_POINT('',(2.5,-0.86,0.250263636371095));
#9133=CARTESIAN_POINT('',(2.5,-0.86,1.));
#9134=CARTESIAN_POINT('',(2.5,-0.86,0.144475903904663));
#9135=CARTESIAN_POINT('',(2.5,-2.,0.144475903904663));
#9136=CARTESIAN_POINT('',(2.5,-0.818169163920484,0.144475903904663));
#9137=CARTESIAN_POINT('',(2.5,-0.818169163920484,1.));
#9138=CARTESIAN_POINT('',(2.5,-0.818169163920484,0.0999999999999999));
#9139=CARTESIAN_POINT('',(2.5,-2.,0.0999999999999999));
#9140=CARTESIAN_POINT('',(2.5,-0.86,0.0999999999999999));
#9141=CARTESIAN_POINT('',(2.5,-0.86,1.));
#9142=CARTESIAN_POINT('',(2.5,-0.44,1.));
#9143=CARTESIAN_POINT('',(2.5,-0.44,0.0999999999999999));
#9144=CARTESIAN_POINT('',(2.5,-2.,0.0999999999999999));
#9145=CARTESIAN_POINT('',(2.5,-0.481830836079515,0.0999999999999999));
#9146=CARTESIAN_POINT('',(2.5,-0.481830836079515,1.));
#9147=CARTESIAN_POINT('',(2.5,-0.481830836079515,0.144475903904663));
#9148=CARTESIAN_POINT('',(2.5,-1.35,0.144475903904663));
#9149=CARTESIAN_POINT('',(2.5,-0.44,0.144475903904663));
#9150=CARTESIAN_POINT('',(2.5,-0.44,1.));
#9151=CARTESIAN_POINT('',(2.5,-0.44,0.250263636371095));
#9152=CARTESIAN_POINT('',(2.5,-1.35,0.250263636371095));
#9153=CARTESIAN_POINT('',(2.5,-0.481830836079516,0.250263636371095));
#9154=CARTESIAN_POINT('',(2.5,-0.481830836079516,1.));
#9155=CARTESIAN_POINT('',(2.5,-0.481830836079516,0.295));
#9156=CARTESIAN_POINT('',(2.5,-1.35,0.295));
#9157=CARTESIAN_POINT('',(2.5,-0.168169163920484,0.295));
#9158=CARTESIAN_POINT('',(2.5,-0.168169163920484,1.));
#9159=CARTESIAN_POINT('',(2.5,-0.168169163920484,0.250263636371095));
#9160=CARTESIAN_POINT('',(2.5,-1.35,0.250263636371095));
#9161=CARTESIAN_POINT('',(2.5,-0.21,0.250263636371095));
#9162=CARTESIAN_POINT('',(2.5,-0.21,1.));
#9163=CARTESIAN_POINT('',(2.5,-0.21,0.144475903904663));
#9164=CARTESIAN_POINT('',(2.5,-2.,0.144475903904663));
#9165=CARTESIAN_POINT('',(2.5,-0.168169163920485,0.144475903904663));
#9166=CARTESIAN_POINT('',(2.5,-0.168169163920485,1.));
#9167=CARTESIAN_POINT('',(2.5,-0.168169163920484,0.0999999999999999));
#9168=CARTESIAN_POINT('',(2.5,-2.,0.0999999999999999));
#9169=CARTESIAN_POINT('',(2.5,-0.21,0.0999999999999999));
#9170=CARTESIAN_POINT('',(2.5,-0.21,1.));
#9171=CARTESIAN_POINT('',(2.5,-0.21,0.));
#9172=CARTESIAN_POINT('',(2.5,-2.,0.));
#9173=CARTESIAN_POINT('',(2.5,0.210000000000001,0.));
#9174=CARTESIAN_POINT('',(2.5,0.210000000000001,1.));
#9175=CARTESIAN_POINT('',(2.5,0.210000000000001,0.0999999999999999));
#9176=CARTESIAN_POINT('',(2.5,-2.,0.0999999999999999));
#9177=CARTESIAN_POINT('',(2.5,0.168169163920485,0.0999999999999999));
#9178=CARTESIAN_POINT('',(2.5,0.168169163920485,1.));
#9179=CARTESIAN_POINT('',(2.5,0.168169163920485,0.144475903904663));
#9180=CARTESIAN_POINT('',(2.5,-2.,0.144475903904663));
#9181=CARTESIAN_POINT('',(2.5,0.21,0.144475903904663));
#9182=CARTESIAN_POINT('',(2.5,0.21,1.));
#9183=CARTESIAN_POINT('',(2.5,0.21,0.250263636371095));
#9184=CARTESIAN_POINT('',(2.5,-0.7,0.250263636371095));
#9185=CARTESIAN_POINT('',(2.5,0.168169163920484,0.250263636371095));
#9186=CARTESIAN_POINT('',(2.5,0.168169163920484,1.));
#9187=CARTESIAN_POINT('',(2.5,0.168169163920484,0.295));
#9188=CARTESIAN_POINT('',(2.5,-0.7,0.295));
#9189=CARTESIAN_POINT('',(2.5,0.481830836079516,0.295));
#9190=CARTESIAN_POINT('',(2.5,0.481830836079516,1.));
#9191=CARTESIAN_POINT('',(2.5,0.481830836079516,0.250263636371095));
#9192=CARTESIAN_POINT('',(2.5,-0.7,0.250263636371095));
#9193=CARTESIAN_POINT('',(2.5,0.44,0.250263636371095));
#9194=CARTESIAN_POINT('',(2.5,0.44,1.));
#9195=CARTESIAN_POINT('',(2.5,0.44,0.144475903904663));
#9196=CARTESIAN_POINT('',(2.5,-2.,0.144475903904663));
#9197=CARTESIAN_POINT('',(2.5,0.481830836079516,0.144475903904663));
#9198=CARTESIAN_POINT('',(2.5,0.481830836079516,1.));
#9199=CARTESIAN_POINT('',(2.5,0.481830836079515,0.0999999999999999));
#9200=CARTESIAN_POINT('',(2.5,-2.,0.0999999999999999));
#9201=CARTESIAN_POINT('',(2.5,0.44,0.0999999999999999));
#9202=CARTESIAN_POINT('',(2.5,0.44,1.));
#9203=CARTESIAN_POINT('',(2.5,0.44,0.));
#9204=CARTESIAN_POINT('',(2.5,-2.,0.));
#9205=CARTESIAN_POINT('',(2.5,0.860000000000001,0.));
#9206=CARTESIAN_POINT('',(2.5,0.860000000000001,1.));
#9207=CARTESIAN_POINT('',(2.5,0.860000000000001,0.0999999999999999));
#9208=CARTESIAN_POINT('',(2.5,-1.35,0.0999999999999999));
#9209=CARTESIAN_POINT('',(2.5,0.818169163920485,0.0999999999999999));
#9210=CARTESIAN_POINT('',(2.5,0.818169163920485,1.));
#9211=CARTESIAN_POINT('',(2.5,0.818169163920485,0.144475903904663));
#9212=CARTESIAN_POINT('',(2.5,-2.,0.144475903904663));
#9213=CARTESIAN_POINT('',(2.5,0.86,0.144475903904663));
#9214=CARTESIAN_POINT('',(2.5,0.860000000000001,1.));
#9215=CARTESIAN_POINT('',(2.5,0.860000000000001,0.250263636371095));
#9216=CARTESIAN_POINT('',(2.5,-2.,0.250263636371095));
#9217=CARTESIAN_POINT('',(2.5,0.818169163920484,0.250263636371095));
#9218=CARTESIAN_POINT('',(2.5,0.818169163920484,1.));
#9219=CARTESIAN_POINT('',(2.5,0.818169163920484,0.295));
#9220=CARTESIAN_POINT('',(2.5,-2.,0.295));
#9221=CARTESIAN_POINT('',(2.5,1.13183083607952,0.295));
#9222=CARTESIAN_POINT('',(2.5,1.13183083607952,1.));
#9223=CARTESIAN_POINT('',(2.5,1.13183083607952,0.250263636371095));
#9224=CARTESIAN_POINT('',(2.5,-2.,0.250263636371095));
#9225=CARTESIAN_POINT('',(2.5,1.09,0.250263636371095));
#9226=CARTESIAN_POINT('',(2.5,1.09,1.));
#9227=CARTESIAN_POINT('',(2.5,1.09,0.144475903904663));
#9228=CARTESIAN_POINT('',(2.5,-1.35,0.144475903904663));
#9229=CARTESIAN_POINT('',(2.5,1.13183083607952,0.144475903904663));
#9230=CARTESIAN_POINT('',(2.5,1.13183083607952,1.));
#9231=CARTESIAN_POINT('',(2.5,1.13183083607952,0.0999999999999999));
#9232=CARTESIAN_POINT('',(2.5,-1.35,0.0999999999999999));
#9233=CARTESIAN_POINT('',(0.,0.,0.));
#9234=CARTESIAN_POINT('',(2.40457744010433,0.,0.));
#9235=CARTESIAN_POINT('',(2.40457744010433,0.86,0.));
#9236=CARTESIAN_POINT('',(2.40457744010433,0.44,0.));
#9237=CARTESIAN_POINT('',(0.,0.86,0.));
#9238=CARTESIAN_POINT('',(0.,0.44,0.));
#9239=CARTESIAN_POINT('',(0.,0.,0.));
#9240=CARTESIAN_POINT('',(0.,0.21,0.));
#9241=CARTESIAN_POINT('',(-2.40457744010433,0.21,0.));
#9242=CARTESIAN_POINT('',(-2.5,0.21,0.));
#9243=CARTESIAN_POINT('',(-2.40457744010433,0.,0.));
#9244=CARTESIAN_POINT('',(-2.40457744010433,-0.21,0.));
#9245=CARTESIAN_POINT('',(0.,-0.21,0.));
#9246=CARTESIAN_POINT('',(-2.5,-0.21,0.));
#9247=CARTESIAN_POINT('',(-2.5,2.,0.));
#9248=CARTESIAN_POINT('',(0.,0.,0.));
#9249=CARTESIAN_POINT('',(2.40457744010433,0.,0.));
#9250=CARTESIAN_POINT('',(2.40457744010433,0.21,0.));
#9251=CARTESIAN_POINT('',(2.40457744010433,-0.21,0.));
#9252=CARTESIAN_POINT('',(0.,0.21,0.));
#9253=CARTESIAN_POINT('',(0.,-0.21,0.));
#9254=CARTESIAN_POINT('',(0.,0.,0.));
#9255=CARTESIAN_POINT('',(0.,-0.44,0.));
#9256=CARTESIAN_POINT('',(-2.40457744010433,-0.44,0.));
#9257=CARTESIAN_POINT('',(-2.5,-0.44,0.));
#9258=CARTESIAN_POINT('',(-2.40457744010433,0.,0.));
#9259=CARTESIAN_POINT('',(-2.40457744010433,-0.86,0.));
#9260=CARTESIAN_POINT('',(0.,-0.86,0.));
#9261=CARTESIAN_POINT('',(-2.5,-0.86,0.));
#9262=CARTESIAN_POINT('',(-2.5,2.,0.));
#9263=CARTESIAN_POINT('',(2.51,0.818169163920485,0.0999999999999999));
#9264=CARTESIAN_POINT('',(2.51,0.818169163920485,0.0999999999999999));
#9265=CARTESIAN_POINT('',(2.51,0.818169163920485,0.0999999999999999));
#9266=CARTESIAN_POINT('',(2.51,0.818169163920485,0.0999999999999999));
#9267=CARTESIAN_POINT('',(2.51,0.818169163920485,0.144475903904663));
#9268=CARTESIAN_POINT('',(2.51,0.818169163920485,0.144475903904663));
#9269=CARTESIAN_POINT('',(2.47332276718645,1.09,0.0999999999999999));
#9270=CARTESIAN_POINT('',(2.5,0.86,0.0999999999999999));
#9271=CARTESIAN_POINT('',(2.48332276718645,0.86,0.0999999999999999));
#9272=CARTESIAN_POINT('',(2.48332276718645,1.09,0.0999999999999999));
#9273=CARTESIAN_POINT('',(2.48332276718645,1.09,0.0999999999999999));
#9274=CARTESIAN_POINT('',(2.5,1.09,0.0999999999999999));
#9275=CARTESIAN_POINT('',(2.51,1.13183083607952,0.0999999999999999));
#9276=CARTESIAN_POINT('',(2.51,1.13183083607952,0.0999999999999999));
#9277=CARTESIAN_POINT('',(2.51,1.09,0.0999999999999999));
#9278=CARTESIAN_POINT('',(2.51,1.13183083607952,0.250263636371095));
#9279=CARTESIAN_POINT('',(2.51,1.13183083607952,0.250263636371095));
#9280=CARTESIAN_POINT('',(2.51,1.13183083607952,0.250263636371095));
#9281=CARTESIAN_POINT('',(2.51,1.13183083607952,0.250263636371095));
#9282=CARTESIAN_POINT('',(2.51,1.09,0.250263636371095));
#9283=CARTESIAN_POINT('',(2.51,1.09,0.250263636371095));
#9284=CARTESIAN_POINT('',(2.51,1.13183083607952,0.0999999999999999));
#9285=CARTESIAN_POINT('',(2.51,1.13183083607952,0.144475903904663));
#9286=CARTESIAN_POINT('',(2.51,1.13183083607952,0.144475903904663));
#9287=CARTESIAN_POINT('',(2.51,1.13183083607952,0.0999999999999999));
#9288=CARTESIAN_POINT('',(2.51,1.13183083607952,0.144475903904663));
#9289=CARTESIAN_POINT('',(2.51,1.09,0.144475903904663));
#9290=CARTESIAN_POINT('',(2.51,1.09,0.144475903904663));
#9291=CARTESIAN_POINT('',(2.51,1.13183083607952,0.144475903904663));
#9292=CARTESIAN_POINT('',(2.51,2.6,0.));
#9293=CARTESIAN_POINT('',(2.51,1.09,0.250263636371095));
#9294=CARTESIAN_POINT('',(2.51,1.13183083607952,0.295));
#9295=CARTESIAN_POINT('',(2.51,1.13183083607952,0.295));
#9296=CARTESIAN_POINT('',(2.51,0.975,0.295));
#9297=CARTESIAN_POINT('',(2.51,0.818169163920484,0.295));
#9298=CARTESIAN_POINT('',(2.51,0.818169163920484,0.295));
#9299=CARTESIAN_POINT('',(2.51,0.818169163920484,0.250263636371095));
#9300=CARTESIAN_POINT('',(2.51,0.818169163920484,0.250263636371095));
#9301=CARTESIAN_POINT('',(2.51,0.86,0.250263636371095));
#9302=CARTESIAN_POINT('',(2.51,0.86,0.250263636371095));
#9303=CARTESIAN_POINT('',(2.51,0.86,0.144475903904663));
#9304=CARTESIAN_POINT('',(2.51,0.818169163920485,0.144475903904663));
#9305=CARTESIAN_POINT('',(2.51,1.13183083607952,0.295));
#9306=CARTESIAN_POINT('',(2.51,1.13183083607952,0.295));
#9307=CARTESIAN_POINT('',(2.51,1.09,0.250263636371095));
#9308=CARTESIAN_POINT('',(2.51,0.975,0.295));
#9309=CARTESIAN_POINT('',(2.51,0.818169163920484,0.295));
#9310=CARTESIAN_POINT('',(2.51,0.818169163920484,0.295));
#9311=CARTESIAN_POINT('',(2.51,0.818169163920484,0.250263636371095));
#9312=CARTESIAN_POINT('',(2.51,0.818169163920484,0.250263636371095));
#9313=CARTESIAN_POINT('',(2.51,0.86,0.250263636371095));
#9314=CARTESIAN_POINT('',(2.51,0.86,0.250263636371095));
#9315=CARTESIAN_POINT('',(2.51,0.86,0.144475903904663));
#9316=CARTESIAN_POINT('',(2.51,0.818169163920485,0.144475903904663));
#9317=CARTESIAN_POINT('',(2.2,1.125,-0.01));
#9318=CARTESIAN_POINT('',(2.40457744010433,1.125,-0.01));
#9319=CARTESIAN_POINT('',(2.40457744010433,1.125,-0.01));
#9320=CARTESIAN_POINT('',(2.2,1.125,-0.01));
#9321=CARTESIAN_POINT('',(2.2,1.125,-0.01));
#9322=CARTESIAN_POINT('',(2.2,1.125,-0.01));
#9323=CARTESIAN_POINT('',(2.2,1.025,-0.01));
#9324=CARTESIAN_POINT('',(2.2,1.025,-0.01));
#9325=CARTESIAN_POINT('',(2.1,1.025,-0.01));
#9326=CARTESIAN_POINT('',(2.1,1.025,-0.01));
#9327=CARTESIAN_POINT('',(2.51,1.95,0.));
#9328=CARTESIAN_POINT('',(2.51,0.481830836079516,0.0999999999999999));
#9329=CARTESIAN_POINT('',(2.51,0.481830836079516,0.144475903904663));
#9330=CARTESIAN_POINT('',(2.51,0.481830836079516,0.0999999999999999));
#9331=CARTESIAN_POINT('',(2.51,0.481830836079516,0.144475903904663));
#9332=CARTESIAN_POINT('',(2.51,0.44,0.144475903904663));
#9333=CARTESIAN_POINT('',(2.51,0.44,0.250263636371095));
#9334=CARTESIAN_POINT('',(2.51,0.44,0.250263636371095));
#9335=CARTESIAN_POINT('',(2.51,0.481830836079516,0.250263636371095));
#9336=CARTESIAN_POINT('',(2.51,0.481830836079516,0.250263636371095));
#9337=CARTESIAN_POINT('',(2.51,0.481830836079516,0.295));
#9338=CARTESIAN_POINT('',(2.51,0.481830836079516,0.295));
#9339=CARTESIAN_POINT('',(2.51,0.325,0.295));
#9340=CARTESIAN_POINT('',(2.51,0.168169163920484,0.295));
#9341=CARTESIAN_POINT('',(2.51,0.168169163920484,0.295));
#9342=CARTESIAN_POINT('',(2.51,0.168169163920484,0.250263636371095));
#9343=CARTESIAN_POINT('',(2.51,0.168169163920484,0.250263636371095));
#9344=CARTESIAN_POINT('',(2.51,0.21,0.250263636371095));
#9345=CARTESIAN_POINT('',(2.51,0.21,0.250263636371095));
#9346=CARTESIAN_POINT('',(2.51,0.21,0.144475903904663));
#9347=CARTESIAN_POINT('',(2.51,0.168169163920485,0.144475903904663));
#9348=CARTESIAN_POINT('',(2.51,0.168169163920485,0.144475903904663));
#9349=CARTESIAN_POINT('',(2.51,0.168169163920485,0.0999999999999999));
#9350=CARTESIAN_POINT('',(2.51,0.168169163920485,0.0999999999999999));
#9351=CARTESIAN_POINT('',(2.51,0.44,0.0999999999999999));
#9352=CARTESIAN_POINT('',(2.51,0.,0.));
#9353=CARTESIAN_POINT('',(2.51,-1.46816916392048,0.0999999999999999));
#9354=CARTESIAN_POINT('',(2.51,-1.46816916392048,0.144475903904663));
#9355=CARTESIAN_POINT('',(2.51,-1.46816916392048,0.0999999999999999));
#9356=CARTESIAN_POINT('',(2.51,-1.46816916392048,0.144475903904663));
#9357=CARTESIAN_POINT('',(2.51,-1.51,0.144475903904663));
#9358=CARTESIAN_POINT('',(2.51,-1.51,0.250263636371095));
#9359=CARTESIAN_POINT('',(2.51,-1.51,0.250263636371095));
#9360=CARTESIAN_POINT('',(2.51,-1.46816916392048,0.250263636371095));
#9361=CARTESIAN_POINT('',(2.51,-1.46816916392048,0.250263636371095));
#9362=CARTESIAN_POINT('',(2.51,-1.46816916392048,0.295));
#9363=CARTESIAN_POINT('',(2.51,-1.46816916392048,0.295));
#9364=CARTESIAN_POINT('',(2.51,-1.625,0.295));
#9365=CARTESIAN_POINT('',(2.51,-1.78183083607952,0.295));
#9366=CARTESIAN_POINT('',(2.51,-1.78183083607952,0.295));
#9367=CARTESIAN_POINT('',(2.51,-1.78183083607952,0.250263636371095));
#9368=CARTESIAN_POINT('',(2.51,-1.78183083607952,0.250263636371095));
#9369=CARTESIAN_POINT('',(2.51,-1.74,0.250263636371095));
#9370=CARTESIAN_POINT('',(2.51,-1.74,0.250263636371095));
#9371=CARTESIAN_POINT('',(2.51,-1.74,0.144475903904663));
#9372=CARTESIAN_POINT('',(2.51,-1.78183083607952,0.144475903904663));
#9373=CARTESIAN_POINT('',(2.51,-1.78183083607952,0.144475903904663));
#9374=CARTESIAN_POINT('',(2.51,-1.78183083607952,0.0999999999999999));
#9375=CARTESIAN_POINT('',(2.51,-1.78183083607952,0.0999999999999999));
#9376=CARTESIAN_POINT('',(2.51,-1.51,0.0999999999999999));
#9377=CARTESIAN_POINT('',(2.51,0.65,0.));
#9378=CARTESIAN_POINT('',(2.51,-0.818169163920485,0.0999999999999999));
#9379=CARTESIAN_POINT('',(2.51,-0.818169163920485,0.144475903904663));
#9380=CARTESIAN_POINT('',(2.51,-0.818169163920485,0.0999999999999999));
#9381=CARTESIAN_POINT('',(2.51,-0.818169163920485,0.144475903904663));
#9382=CARTESIAN_POINT('',(2.51,-0.86,0.144475903904663));
#9383=CARTESIAN_POINT('',(2.51,-0.86,0.250263636371095));
#9384=CARTESIAN_POINT('',(2.51,-0.86,0.250263636371095));
#9385=CARTESIAN_POINT('',(2.51,-0.818169163920484,0.250263636371095));
#9386=CARTESIAN_POINT('',(2.51,-0.818169163920484,0.250263636371095));
#9387=CARTESIAN_POINT('',(2.51,-0.818169163920484,0.295));
#9388=CARTESIAN_POINT('',(2.51,-0.818169163920484,0.295));
#9389=CARTESIAN_POINT('',(2.51,-0.975,0.295));
#9390=CARTESIAN_POINT('',(2.51,-1.13183083607952,0.295));
#9391=CARTESIAN_POINT('',(2.51,-1.13183083607952,0.295));
#9392=CARTESIAN_POINT('',(2.51,-1.13183083607952,0.250263636371095));
#9393=CARTESIAN_POINT('',(2.51,-1.13183083607952,0.250263636371095));
#9394=CARTESIAN_POINT('',(2.51,-1.09,0.250263636371095));
#9395=CARTESIAN_POINT('',(2.51,-1.09,0.250263636371095));
#9396=CARTESIAN_POINT('',(2.51,-1.09,0.144475903904663));
#9397=CARTESIAN_POINT('',(2.51,-1.13183083607952,0.144475903904663));
#9398=CARTESIAN_POINT('',(2.51,-1.13183083607952,0.144475903904663));
#9399=CARTESIAN_POINT('',(2.51,-1.13183083607952,0.0999999999999999));
#9400=CARTESIAN_POINT('',(2.51,-1.13183083607952,0.0999999999999999));
#9401=CARTESIAN_POINT('',(2.51,-0.86,0.0999999999999999));
#9402=CARTESIAN_POINT('',(2.51,1.3,0.));
#9403=CARTESIAN_POINT('',(2.51,-0.168169163920485,0.0999999999999999));
#9404=CARTESIAN_POINT('',(2.51,-0.168169163920485,0.144475903904663));
#9405=CARTESIAN_POINT('',(2.51,-0.168169163920485,0.0999999999999999));
#9406=CARTESIAN_POINT('',(2.51,-0.168169163920485,0.144475903904663));
#9407=CARTESIAN_POINT('',(2.51,-0.21,0.144475903904663));
#9408=CARTESIAN_POINT('',(2.51,-0.21,0.250263636371095));
#9409=CARTESIAN_POINT('',(2.51,-0.21,0.250263636371095));
#9410=CARTESIAN_POINT('',(2.51,-0.168169163920484,0.250263636371095));
#9411=CARTESIAN_POINT('',(2.51,-0.168169163920484,0.250263636371095));
#9412=CARTESIAN_POINT('',(2.51,-0.168169163920484,0.295));
#9413=CARTESIAN_POINT('',(2.51,-0.168169163920484,0.295));
#9414=CARTESIAN_POINT('',(2.51,-0.325,0.295));
#9415=CARTESIAN_POINT('',(2.51,-0.481830836079516,0.295));
#9416=CARTESIAN_POINT('',(2.51,-0.481830836079516,0.295));
#9417=CARTESIAN_POINT('',(2.51,-0.481830836079516,0.250263636371095));
#9418=CARTESIAN_POINT('',(2.51,-0.481830836079516,0.250263636371095));
#9419=CARTESIAN_POINT('',(2.51,-0.44,0.250263636371095));
#9420=CARTESIAN_POINT('',(2.51,-0.44,0.250263636371095));
#9421=CARTESIAN_POINT('',(2.51,-0.44,0.144475903904663));
#9422=CARTESIAN_POINT('',(2.51,-0.481830836079515,0.144475903904663));
#9423=CARTESIAN_POINT('',(2.51,-0.481830836079515,0.144475903904663));
#9424=CARTESIAN_POINT('',(2.51,-0.481830836079515,0.0999999999999999));
#9425=CARTESIAN_POINT('',(2.51,-0.481830836079515,0.0999999999999999));
#9426=CARTESIAN_POINT('',(2.51,-0.21,0.0999999999999999));
#9427=CARTESIAN_POINT('',(2.51,0.,0.));
#9428=CARTESIAN_POINT('',(2.51,1.46816916392048,0.0999999999999999));
#9429=CARTESIAN_POINT('',(2.51,1.46816916392048,0.144475903904663));
#9430=CARTESIAN_POINT('',(2.51,1.46816916392048,0.0999999999999999));
#9431=CARTESIAN_POINT('',(2.51,1.51,0.0999999999999999));
#9432=CARTESIAN_POINT('',(2.51,1.78183083607952,0.0999999999999999));
#9433=CARTESIAN_POINT('',(2.51,1.78183083607952,0.0999999999999999));
#9434=CARTESIAN_POINT('',(2.51,1.78183083607952,0.144475903904663));
#9435=CARTESIAN_POINT('',(2.51,1.78183083607952,0.144475903904663));
#9436=CARTESIAN_POINT('',(2.51,1.74,0.144475903904663));
#9437=CARTESIAN_POINT('',(2.51,1.74,0.250263636371095));
#9438=CARTESIAN_POINT('',(2.51,1.74,0.250263636371095));
#9439=CARTESIAN_POINT('',(2.51,1.78183083607952,0.250263636371095));
#9440=CARTESIAN_POINT('',(2.51,1.78183083607952,0.250263636371095));
#9441=CARTESIAN_POINT('',(2.51,1.78183083607952,0.295));
#9442=CARTESIAN_POINT('',(2.51,1.78183083607952,0.295));
#9443=CARTESIAN_POINT('',(2.51,1.625,0.295));
#9444=CARTESIAN_POINT('',(2.51,1.46816916392048,0.295));
#9445=CARTESIAN_POINT('',(2.51,1.46816916392048,0.295));
#9446=CARTESIAN_POINT('',(2.51,1.46816916392048,0.250263636371095));
#9447=CARTESIAN_POINT('',(2.51,1.46816916392048,0.250263636371095));
#9448=CARTESIAN_POINT('',(2.51,1.51,0.250263636371095));
#9449=CARTESIAN_POINT('',(2.51,1.51,0.250263636371095));
#9450=CARTESIAN_POINT('',(2.51,1.51,0.144475903904663));
#9451=CARTESIAN_POINT('',(2.51,1.46816916392048,0.144475903904663));
#9452=CARTESIAN_POINT('',(-2.2,-0.925,-0.01));
#9453=CARTESIAN_POINT('',(-2.40457744010433,-0.975,-0.01));
#9454=CARTESIAN_POINT('',(-2.40457744010433,-1.125,-0.01));
#9455=CARTESIAN_POINT('',(-2.40457744010433,0.475,-0.01));
#9456=CARTESIAN_POINT('',(-2.2,0.475,-0.01));
#9457=CARTESIAN_POINT('',(-2.2,0.475,-0.01));
#9458=CARTESIAN_POINT('',(-2.2,0.375,-0.01));
#9459=CARTESIAN_POINT('',(-2.1,0.375,-0.01));
#9460=CARTESIAN_POINT('',(-2.1,-0.925,-0.01));
#9461=CARTESIAN_POINT('',(-2.1,-1.025,-0.01));
#9462=CARTESIAN_POINT('',(-2.2,-1.025,-0.01));
#9463=CARTESIAN_POINT('',(-2.2,-1.125,-0.01));
#9464=CARTESIAN_POINT('',(-2.2,-1.125,-0.01));
#9465=CARTESIAN_POINT('',(2.2,1.575,-0.01));
#9466=CARTESIAN_POINT('',(2.2,1.775,-0.01));
#9467=CARTESIAN_POINT('',(2.2,1.775,-0.01));
#9468=CARTESIAN_POINT('',(2.40457744010433,1.775,-0.01));
#9469=CARTESIAN_POINT('',(2.40457744010433,1.625,-0.01));
#9470=CARTESIAN_POINT('',(2.40457744010433,1.475,-0.01));
#9471=CARTESIAN_POINT('',(2.2,1.475,-0.01));
#9472=CARTESIAN_POINT('',(2.2,1.475,-0.01));
#9473=CARTESIAN_POINT('',(2.2,1.575,-0.01));
#9474=CARTESIAN_POINT('',(2.1,1.575,-0.01));
#9475=CARTESIAN_POINT('',(2.1,1.575,-0.01));
#9476=CARTESIAN_POINT('',(2.1,1.675,-0.01));
#9477=CARTESIAN_POINT('',(2.2,1.675,-0.01));
#9478=CARTESIAN_POINT('',(-2.2,-1.575,-0.01));
#9479=CARTESIAN_POINT('',(-2.2,-1.775,-0.01));
#9480=CARTESIAN_POINT('',(-2.2,-1.775,-0.01));
#9481=CARTESIAN_POINT('',(-2.40457744010433,-1.775,-0.01));
#9482=CARTESIAN_POINT('',(-2.40457744010433,-1.625,-0.01));
#9483=CARTESIAN_POINT('',(-2.40457744010433,-1.475,-0.01));
#9484=CARTESIAN_POINT('',(-2.2,-1.475,-0.01));
#9485=CARTESIAN_POINT('',(-2.2,-1.475,-0.01));
#9486=CARTESIAN_POINT('',(-2.2,-1.575,-0.01));
#9487=CARTESIAN_POINT('',(-2.1,-1.575,-0.01));
#9488=CARTESIAN_POINT('',(-2.1,-1.575,-0.01));
#9489=CARTESIAN_POINT('',(-2.1,-1.675,-0.01));
#9490=CARTESIAN_POINT('',(-2.2,-1.675,-0.01));
#9491=CARTESIAN_POINT('',(2.2,-1.575,-0.01));
#9492=CARTESIAN_POINT('',(2.2,-1.775,-0.01));
#9493=CARTESIAN_POINT('',(2.2,-1.775,-0.01));
#9494=CARTESIAN_POINT('',(2.40457744010433,-1.775,-0.01));
#9495=CARTESIAN_POINT('',(2.2,-1.675,-0.01));
#9496=CARTESIAN_POINT('',(2.1,-1.675,-0.01));
#9497=CARTESIAN_POINT('',(2.1,-1.575,-0.01));
#9498=CARTESIAN_POINT('',(2.1,-1.575,-0.01));
#9499=CARTESIAN_POINT('',(2.2,-1.575,-0.01));
#9500=CARTESIAN_POINT('',(2.2,-1.475,-0.01));
#9501=CARTESIAN_POINT('',(2.2,-1.475,-0.01));
#9502=CARTESIAN_POINT('',(2.40457744010433,-1.475,-0.01));
#9503=CARTESIAN_POINT('',(2.40457744010433,-1.625,-0.01));
#9504=CARTESIAN_POINT('',(2.48332276718645,-1.51,0.0212546729178796));
#9505=CARTESIAN_POINT('',(2.48332276718645,-1.74,0.0212546729178796));
#9506=CARTESIAN_POINT('',(2.48332276718645,-1.74,0.0999999999999999));
#9507=CARTESIAN_POINT('',(2.40457744010433,-1.74,0.0212546729178796));
#9508=CARTESIAN_POINT('',(2.40457744010433,-1.51,0.0212546729178796));
#9509=CARTESIAN_POINT('',(2.40457744010433,-1.51,0.0212546729178796));
#9510=CARTESIAN_POINT('',(2.48332276718645,-1.51,0.0212546729178796));
#9511=CARTESIAN_POINT('',(2.48332276718645,-1.51,0.0999999999999999));
#9512=CARTESIAN_POINT('',(2.48332276718645,-1.51,0.0999999999999999));
#9513=CARTESIAN_POINT('',(2.51,0.44,0.250263636371095));
#9514=CARTESIAN_POINT('',(2.51,0.44,0.250263636371095));
#9515=CARTESIAN_POINT('',(2.51,0.44,0.144475903904663));
#9516=CARTESIAN_POINT('',(2.51,0.481830836079516,0.250263636371095));
#9517=CARTESIAN_POINT('',(2.51,0.481830836079516,0.250263636371095));
#9518=CARTESIAN_POINT('',(2.51,0.481830836079516,0.295));
#9519=CARTESIAN_POINT('',(2.51,0.481830836079516,0.295));
#9520=CARTESIAN_POINT('',(2.51,0.325,0.295));
#9521=CARTESIAN_POINT('',(2.51,0.168169163920484,0.295));
#9522=CARTESIAN_POINT('',(2.51,0.168169163920484,0.295));
#9523=CARTESIAN_POINT('',(2.51,0.168169163920484,0.250263636371095));
#9524=CARTESIAN_POINT('',(2.51,0.168169163920484,0.250263636371095));
#9525=CARTESIAN_POINT('',(2.51,0.21,0.250263636371095));
#9526=CARTESIAN_POINT('',(2.51,0.21,0.250263636371095));
#9527=CARTESIAN_POINT('',(2.51,0.21,0.144475903904663));
#9528=CARTESIAN_POINT('',(2.51,0.168169163920485,0.144475903904663));
#9529=CARTESIAN_POINT('',(2.51,0.168169163920485,0.144475903904663));
#9530=CARTESIAN_POINT('',(2.51,0.168169163920485,0.0999999999999999));
#9531=CARTESIAN_POINT('',(2.51,0.168169163920485,0.0999999999999999));
#9532=CARTESIAN_POINT('',(2.47332276718645,0.44,0.0999999999999999));
#9533=CARTESIAN_POINT('',(2.5,0.21,0.0999999999999999));
#9534=CARTESIAN_POINT('',(2.48332276718645,0.21,0.0999999999999999));
#9535=CARTESIAN_POINT('',(2.48332276718645,0.44,0.0999999999999999));
#9536=CARTESIAN_POINT('',(2.48332276718645,0.44,0.0999999999999999));
#9537=CARTESIAN_POINT('',(2.5,0.44,0.0999999999999999));
#9538=CARTESIAN_POINT('',(2.51,0.481830836079516,0.0999999999999999));
#9539=CARTESIAN_POINT('',(2.51,0.481830836079516,0.0999999999999999));
#9540=CARTESIAN_POINT('',(2.51,0.481830836079516,0.144475903904663));
#9541=CARTESIAN_POINT('',(2.51,0.481830836079516,0.144475903904663));
#9542=CARTESIAN_POINT('',(2.51,-1.46816916392048,0.0999999999999999));
#9543=CARTESIAN_POINT('',(2.51,-1.46816916392048,0.144475903904663));
#9544=CARTESIAN_POINT('',(2.51,-1.46816916392048,0.0999999999999999));
#9545=CARTESIAN_POINT('',(2.51,-1.46816916392048,0.144475903904663));
#9546=CARTESIAN_POINT('',(2.51,-1.51,0.144475903904663));
#9547=CARTESIAN_POINT('',(2.51,-1.51,0.250263636371095));
#9548=CARTESIAN_POINT('',(2.51,-1.51,0.250263636371095));
#9549=CARTESIAN_POINT('',(2.51,-1.46816916392048,0.250263636371095));
#9550=CARTESIAN_POINT('',(2.51,-1.46816916392048,0.250263636371095));
#9551=CARTESIAN_POINT('',(2.51,-1.46816916392048,0.295));
#9552=CARTESIAN_POINT('',(2.51,-1.46816916392048,0.295));
#9553=CARTESIAN_POINT('',(2.51,-1.625,0.295));
#9554=CARTESIAN_POINT('',(2.51,-1.78183083607952,0.295));
#9555=CARTESIAN_POINT('',(2.51,-1.78183083607952,0.295));
#9556=CARTESIAN_POINT('',(2.51,-1.78183083607952,0.250263636371095));
#9557=CARTESIAN_POINT('',(2.51,-1.78183083607952,0.250263636371095));
#9558=CARTESIAN_POINT('',(2.51,-1.74,0.250263636371095));
#9559=CARTESIAN_POINT('',(2.51,-1.74,0.250263636371095));
#9560=CARTESIAN_POINT('',(2.51,-1.74,0.144475903904663));
#9561=CARTESIAN_POINT('',(2.51,-1.78183083607952,0.144475903904663));
#9562=CARTESIAN_POINT('',(2.51,-1.78183083607952,0.144475903904663));
#9563=CARTESIAN_POINT('',(2.51,-1.78183083607952,0.0999999999999999));
#9564=CARTESIAN_POINT('',(2.51,-1.78183083607952,0.0999999999999999));
#9565=CARTESIAN_POINT('',(2.47332276718645,-1.51,0.0999999999999999));
#9566=CARTESIAN_POINT('',(2.47332276718645,-1.51,0.0999999999999999));
#9567=CARTESIAN_POINT('',(2.47332276718645,-1.74,0.0999999999999999));
#9568=CARTESIAN_POINT('',(2.51,1.78183083607952,0.0999999999999999));
#9569=CARTESIAN_POINT('',(2.51,1.78183083607952,0.144475903904663));
#9570=CARTESIAN_POINT('',(2.51,1.78183083607952,0.0999999999999999));
#9571=CARTESIAN_POINT('',(2.51,1.78183083607952,0.144475903904663));
#9572=CARTESIAN_POINT('',(2.51,1.74,0.144475903904663));
#9573=CARTESIAN_POINT('',(2.51,1.74,0.250263636371095));
#9574=CARTESIAN_POINT('',(2.51,1.74,0.250263636371095));
#9575=CARTESIAN_POINT('',(2.51,1.78183083607952,0.250263636371095));
#9576=CARTESIAN_POINT('',(2.51,1.78183083607952,0.250263636371095));
#9577=CARTESIAN_POINT('',(2.51,1.78183083607952,0.295));
#9578=CARTESIAN_POINT('',(2.51,1.78183083607952,0.295));
#9579=CARTESIAN_POINT('',(2.51,1.625,0.295));
#9580=CARTESIAN_POINT('',(2.51,1.46816916392048,0.295));
#9581=CARTESIAN_POINT('',(2.51,1.46816916392048,0.295));
#9582=CARTESIAN_POINT('',(2.51,1.46816916392048,0.250263636371095));
#9583=CARTESIAN_POINT('',(2.51,1.46816916392048,0.250263636371095));
#9584=CARTESIAN_POINT('',(2.51,1.51,0.250263636371095));
#9585=CARTESIAN_POINT('',(2.51,1.51,0.250263636371095));
#9586=CARTESIAN_POINT('',(2.51,1.51,0.144475903904663));
#9587=CARTESIAN_POINT('',(2.51,1.46816916392048,0.144475903904663));
#9588=CARTESIAN_POINT('',(2.51,1.46816916392048,0.144475903904663));
#9589=CARTESIAN_POINT('',(2.51,1.46816916392048,0.0999999999999999));
#9590=CARTESIAN_POINT('',(2.51,1.46816916392048,0.0999999999999999));
#9591=CARTESIAN_POINT('',(2.51,-0.818169163920485,0.144475903904663));
#9592=CARTESIAN_POINT('',(2.51,-0.86,0.144475903904663));
#9593=CARTESIAN_POINT('',(2.51,-0.818169163920485,0.144475903904663));
#9594=CARTESIAN_POINT('',(2.51,-0.86,0.250263636371095));
#9595=CARTESIAN_POINT('',(2.51,-0.86,0.250263636371095));
#9596=CARTESIAN_POINT('',(2.51,-0.818169163920484,0.250263636371095));
#9597=CARTESIAN_POINT('',(2.51,-0.818169163920484,0.250263636371095));
#9598=CARTESIAN_POINT('',(2.51,-0.818169163920484,0.295));
#9599=CARTESIAN_POINT('',(2.51,-0.818169163920484,0.295));
#9600=CARTESIAN_POINT('',(2.51,-0.975,0.295));
#9601=CARTESIAN_POINT('',(2.51,-1.13183083607952,0.295));
#9602=CARTESIAN_POINT('',(2.51,-1.13183083607952,0.295));
#9603=CARTESIAN_POINT('',(2.51,-1.13183083607952,0.250263636371095));
#9604=CARTESIAN_POINT('',(2.51,-1.13183083607952,0.250263636371095));
#9605=CARTESIAN_POINT('',(2.51,-1.09,0.250263636371095));
#9606=CARTESIAN_POINT('',(2.51,-1.09,0.250263636371095));
#9607=CARTESIAN_POINT('',(2.51,-1.09,0.144475903904663));
#9608=CARTESIAN_POINT('',(2.51,-1.13183083607952,0.144475903904663));
#9609=CARTESIAN_POINT('',(2.51,-1.13183083607952,0.144475903904663));
#9610=CARTESIAN_POINT('',(2.51,-1.13183083607952,0.0999999999999999));
#9611=CARTESIAN_POINT('',(2.51,-1.13183083607952,0.0999999999999999));
#9612=CARTESIAN_POINT('',(2.47332276718645,-0.86,0.0999999999999999));
#9613=CARTESIAN_POINT('',(2.5,-1.09,0.0999999999999999));
#9614=CARTESIAN_POINT('',(2.48332276718645,-1.09,0.0999999999999999));
#9615=CARTESIAN_POINT('',(2.48332276718645,-0.86,0.0999999999999999));
#9616=CARTESIAN_POINT('',(2.48332276718645,-0.86,0.0999999999999999));
#9617=CARTESIAN_POINT('',(2.5,-0.86,0.0999999999999999));
#9618=CARTESIAN_POINT('',(2.51,-0.818169163920485,0.0999999999999999));
#9619=CARTESIAN_POINT('',(2.51,-0.818169163920485,0.0999999999999999));
#9620=CARTESIAN_POINT('',(2.51,-0.481830836079515,0.144475903904663));
#9621=CARTESIAN_POINT('',(2.51,-0.481830836079515,0.144475903904663));
#9622=CARTESIAN_POINT('',(2.51,-0.44,0.144475903904663));
#9623=CARTESIAN_POINT('',(2.51,-0.481830836079515,0.0999999999999999));
#9624=CARTESIAN_POINT('',(2.51,-0.481830836079515,0.0999999999999999));
#9625=CARTESIAN_POINT('',(2.47332276718645,-0.21,0.0999999999999999));
#9626=CARTESIAN_POINT('',(2.5,-0.44,0.0999999999999999));
#9627=CARTESIAN_POINT('',(2.48332276718645,-0.44,0.0999999999999999));
#9628=CARTESIAN_POINT('',(2.48332276718645,-0.21,0.0999999999999999));
#9629=CARTESIAN_POINT('',(2.48332276718645,-0.21,0.0999999999999999));
#9630=CARTESIAN_POINT('',(2.5,-0.21,0.0999999999999999));
#9631=CARTESIAN_POINT('',(2.51,-0.168169163920485,0.0999999999999999));
#9632=CARTESIAN_POINT('',(2.51,-0.168169163920485,0.0999999999999999));
#9633=CARTESIAN_POINT('',(2.51,-0.168169163920485,0.144475903904663));
#9634=CARTESIAN_POINT('',(2.51,-0.168169163920485,0.144475903904663));
#9635=CARTESIAN_POINT('',(2.51,-0.21,0.144475903904663));
#9636=CARTESIAN_POINT('',(2.51,-0.21,0.250263636371095));
#9637=CARTESIAN_POINT('',(2.51,-0.21,0.250263636371095));
#9638=CARTESIAN_POINT('',(2.51,-0.168169163920484,0.250263636371095));
#9639=CARTESIAN_POINT('',(2.51,-0.168169163920484,0.250263636371095));
#9640=CARTESIAN_POINT('',(2.51,-0.168169163920484,0.295));
#9641=CARTESIAN_POINT('',(2.51,-0.168169163920484,0.295));
#9642=CARTESIAN_POINT('',(2.51,-0.325,0.295));
#9643=CARTESIAN_POINT('',(2.51,-0.481830836079516,0.295));
#9644=CARTESIAN_POINT('',(2.51,-0.481830836079516,0.295));
#9645=CARTESIAN_POINT('',(2.51,-0.481830836079516,0.250263636371095));
#9646=CARTESIAN_POINT('',(2.51,-0.481830836079516,0.250263636371095));
#9647=CARTESIAN_POINT('',(2.51,-0.44,0.250263636371095));
#9648=CARTESIAN_POINT('',(2.51,-0.44,0.250263636371095));
#9649=CARTESIAN_POINT('',(2.47332276718645,1.51,0.0999999999999999));
#9650=CARTESIAN_POINT('',(2.47332276718645,1.51,0.0999999999999999));
#9651=CARTESIAN_POINT('',(2.48332276718645,1.51,0.0999999999999999));
#9652=CARTESIAN_POINT('',(2.48332276718645,1.51,0.0999999999999999));
#9653=CARTESIAN_POINT('',(2.48332276718645,1.74,0.0999999999999999));
#9654=CARTESIAN_POINT('',(2.47332276718645,1.74,0.0999999999999999));
#9655=CARTESIAN_POINT('',(2.48332276718645,1.51,0.0212546729178796));
#9656=CARTESIAN_POINT('',(2.48332276718645,1.74,0.0212546729178796));
#9657=CARTESIAN_POINT('',(2.40457744010433,1.74,0.0212546729178796));
#9658=CARTESIAN_POINT('',(2.48332276718645,1.51,0.0212546729178796));
#9659=CARTESIAN_POINT('',(2.40457744010433,1.51,0.0212546729178796));
#9660=CARTESIAN_POINT('',(2.40457744010433,1.51,0.0212546729178796));
#9661=CARTESIAN_POINT('',(2.2,-0.925,-0.01));
#9662=CARTESIAN_POINT('',(2.2,-1.125,-0.01));
#9663=CARTESIAN_POINT('',(2.2,-1.125,-0.01));
#9664=CARTESIAN_POINT('',(2.40457744010433,-1.125,-0.01));
#9665=CARTESIAN_POINT('',(2.2,-1.025,-0.01));
#9666=CARTESIAN_POINT('',(2.1,-1.025,-0.01));
#9667=CARTESIAN_POINT('',(2.1,-0.925,-0.01));
#9668=CARTESIAN_POINT('',(2.1,-0.925,-0.01));
#9669=CARTESIAN_POINT('',(2.2,-0.925,-0.01));
#9670=CARTESIAN_POINT('',(2.2,-0.825,-0.01));
#9671=CARTESIAN_POINT('',(2.2,-0.825,-0.01));
#9672=CARTESIAN_POINT('',(2.40457744010433,-0.825,-0.01));
#9673=CARTESIAN_POINT('',(2.40457744010433,-0.975,-0.01));
#9674=CARTESIAN_POINT('',(2.2,-0.275,-0.01));
#9675=CARTESIAN_POINT('',(2.1,-0.275,-0.01));
#9676=CARTESIAN_POINT('',(2.1,-0.375,-0.01));
#9677=CARTESIAN_POINT('',(2.40457744010433,-0.325,-0.01));
#9678=CARTESIAN_POINT('',(2.40457744010433,-0.475,-0.01));
#9679=CARTESIAN_POINT('',(2.2,-0.475,-0.01));
#9680=CARTESIAN_POINT('',(2.2,-0.475,-0.01));
#9681=CARTESIAN_POINT('',(2.2,-0.375,-0.01));
#9682=CARTESIAN_POINT('',(-2.2,1.025,-0.01));
#9683=CARTESIAN_POINT('',(-2.2,0.825,-0.01));
#9684=CARTESIAN_POINT('',(-2.2,0.825,-0.01));
#9685=CARTESIAN_POINT('',(-2.40457744010433,0.825,-0.01));
#9686=CARTESIAN_POINT('',(-2.40457744010433,0.975,-0.01));
#9687=CARTESIAN_POINT('',(-2.40457744010433,1.125,-0.01));
#9688=CARTESIAN_POINT('',(-2.2,1.125,-0.01));
#9689=CARTESIAN_POINT('',(-2.2,1.125,-0.01));
#9690=CARTESIAN_POINT('',(-2.2,1.025,-0.01));
#9691=CARTESIAN_POINT('',(-2.1,1.025,-0.01));
#9692=CARTESIAN_POINT('',(-2.1,1.025,-0.01));
#9693=CARTESIAN_POINT('',(-2.1,0.925,-0.01));
#9694=CARTESIAN_POINT('',(-2.2,0.925,-0.01));
#9695=CARTESIAN_POINT('',(-2.51,1.3,0.));
#9696=CARTESIAN_POINT('',(-2.51,-0.168169163920485,0.0999999999999999));
#9697=CARTESIAN_POINT('',(-2.51,-0.168169163920485,0.144475903904663));
#9698=CARTESIAN_POINT('',(-2.51,-0.168169163920485,0.0999999999999999));
#9699=CARTESIAN_POINT('',(-2.51,-0.21,0.0999999999999999));
#9700=CARTESIAN_POINT('',(-2.51,-0.481830836079515,0.0999999999999999));
#9701=CARTESIAN_POINT('',(-2.51,-0.481830836079515,0.0999999999999999));
#9702=CARTESIAN_POINT('',(-2.51,-0.481830836079515,0.144475903904663));
#9703=CARTESIAN_POINT('',(-2.51,-0.481830836079515,0.144475903904663));
#9704=CARTESIAN_POINT('',(-2.51,-0.44,0.144475903904663));
#9705=CARTESIAN_POINT('',(-2.51,-0.44,0.250263636371095));
#9706=CARTESIAN_POINT('',(-2.51,-0.44,0.250263636371095));
#9707=CARTESIAN_POINT('',(-2.51,-0.481830836079516,0.250263636371095));
#9708=CARTESIAN_POINT('',(-2.51,-0.481830836079516,0.250263636371095));
#9709=CARTESIAN_POINT('',(-2.51,-0.481830836079516,0.295));
#9710=CARTESIAN_POINT('',(-2.51,-0.481830836079516,0.295));
#9711=CARTESIAN_POINT('',(-2.51,-0.325,0.295));
#9712=CARTESIAN_POINT('',(-2.51,-0.168169163920484,0.295));
#9713=CARTESIAN_POINT('',(-2.51,-0.168169163920484,0.295));
#9714=CARTESIAN_POINT('',(-2.51,-0.168169163920484,0.250263636371095));
#9715=CARTESIAN_POINT('',(-2.51,-0.168169163920484,0.250263636371095));
#9716=CARTESIAN_POINT('',(-2.51,-0.21,0.250263636371095));
#9717=CARTESIAN_POINT('',(-2.51,-0.21,0.250263636371095));
#9718=CARTESIAN_POINT('',(-2.51,-0.21,0.144475903904663));
#9719=CARTESIAN_POINT('',(-2.51,-0.168169163920485,0.144475903904663));
#9720=CARTESIAN_POINT('',(-2.51,0.65,0.));
#9721=CARTESIAN_POINT('',(-2.51,-0.818169163920485,0.0999999999999999));
#9722=CARTESIAN_POINT('',(-2.51,-0.818169163920485,0.144475903904663));
#9723=CARTESIAN_POINT('',(-2.51,-0.818169163920485,0.0999999999999999));
#9724=CARTESIAN_POINT('',(-2.51,-0.86,0.0999999999999999));
#9725=CARTESIAN_POINT('',(-2.51,-1.13183083607952,0.0999999999999999));
#9726=CARTESIAN_POINT('',(-2.51,-1.13183083607952,0.0999999999999999));
#9727=CARTESIAN_POINT('',(-2.51,-1.13183083607952,0.144475903904663));
#9728=CARTESIAN_POINT('',(-2.51,-1.13183083607952,0.144475903904663));
#9729=CARTESIAN_POINT('',(-2.51,-1.09,0.144475903904663));
#9730=CARTESIAN_POINT('',(-2.51,-1.09,0.250263636371095));
#9731=CARTESIAN_POINT('',(-2.51,-1.09,0.250263636371095));
#9732=CARTESIAN_POINT('',(-2.51,-1.13183083607952,0.250263636371095));
#9733=CARTESIAN_POINT('',(-2.51,-1.13183083607952,0.250263636371095));
#9734=CARTESIAN_POINT('',(-2.51,-1.13183083607952,0.295));
#9735=CARTESIAN_POINT('',(-2.51,-1.13183083607952,0.295));
#9736=CARTESIAN_POINT('',(-2.51,-0.975,0.295));
#9737=CARTESIAN_POINT('',(-2.51,-0.818169163920484,0.295));
#9738=CARTESIAN_POINT('',(-2.51,-0.818169163920484,0.295));
#9739=CARTESIAN_POINT('',(-2.51,-0.818169163920484,0.250263636371095));
#9740=CARTESIAN_POINT('',(-2.51,-0.818169163920484,0.250263636371095));
#9741=CARTESIAN_POINT('',(-2.51,-0.86,0.250263636371095));
#9742=CARTESIAN_POINT('',(-2.51,-0.86,0.250263636371095));
#9743=CARTESIAN_POINT('',(-2.51,-0.86,0.144475903904663));
#9744=CARTESIAN_POINT('',(-2.51,-0.818169163920485,0.144475903904663));
#9745=CARTESIAN_POINT('',(-2.51,0.,0.));
#9746=CARTESIAN_POINT('',(-2.51,-1.46816916392048,0.0999999999999999));
#9747=CARTESIAN_POINT('',(-2.51,-1.46816916392048,0.144475903904663));
#9748=CARTESIAN_POINT('',(-2.51,-1.46816916392048,0.0999999999999999));
#9749=CARTESIAN_POINT('',(-2.51,-1.51,0.0999999999999999));
#9750=CARTESIAN_POINT('',(-2.51,-1.78183083607952,0.0999999999999999));
#9751=CARTESIAN_POINT('',(-2.51,-1.78183083607952,0.0999999999999999));
#9752=CARTESIAN_POINT('',(-2.51,-1.78183083607952,0.144475903904663));
#9753=CARTESIAN_POINT('',(-2.51,-1.78183083607952,0.144475903904663));
#9754=CARTESIAN_POINT('',(-2.51,-1.74,0.144475903904663));
#9755=CARTESIAN_POINT('',(-2.51,-1.74,0.250263636371095));
#9756=CARTESIAN_POINT('',(-2.51,-1.74,0.250263636371095));
#9757=CARTESIAN_POINT('',(-2.51,-1.78183083607952,0.250263636371095));
#9758=CARTESIAN_POINT('',(-2.51,-1.78183083607952,0.250263636371095));
#9759=CARTESIAN_POINT('',(-2.51,-1.78183083607952,0.295));
#9760=CARTESIAN_POINT('',(-2.51,-1.78183083607952,0.295));
#9761=CARTESIAN_POINT('',(-2.51,-1.625,0.295));
#9762=CARTESIAN_POINT('',(-2.51,-1.46816916392048,0.295));
#9763=CARTESIAN_POINT('',(-2.51,-1.46816916392048,0.295));
#9764=CARTESIAN_POINT('',(-2.51,-1.46816916392048,0.250263636371095));
#9765=CARTESIAN_POINT('',(-2.51,-1.46816916392048,0.250263636371095));
#9766=CARTESIAN_POINT('',(-2.51,-1.51,0.250263636371095));
#9767=CARTESIAN_POINT('',(-2.51,-1.51,0.250263636371095));
#9768=CARTESIAN_POINT('',(-2.51,-1.51,0.144475903904663));
#9769=CARTESIAN_POINT('',(-2.51,-1.46816916392048,0.144475903904663));
#9770=CARTESIAN_POINT('',(-2.48332276718645,-1.51,0.0212546729178796));
#9771=CARTESIAN_POINT('',(-2.48332276718645,-1.74,0.0212546729178796));
#9772=CARTESIAN_POINT('',(-2.48332276718645,-1.74,0.0999999999999999));
#9773=CARTESIAN_POINT('',(-2.40457744010433,-1.74,0.0212546729178796));
#9774=CARTESIAN_POINT('',(-2.48332276718645,-1.51,0.0999999999999999));
#9775=CARTESIAN_POINT('',(-2.48332276718645,-1.51,0.0999999999999999));
#9776=CARTESIAN_POINT('',(-2.48332276718645,-1.51,0.0212546729178796));
#9777=CARTESIAN_POINT('',(-2.40457744010433,-1.51,0.0212546729178796));
#9778=CARTESIAN_POINT('',(-2.40457744010433,-1.51,0.0212546729178796));
#9779=CARTESIAN_POINT('',(-2.51,0.,0.));
#9780=CARTESIAN_POINT('',(-2.51,1.46816916392048,0.0999999999999999));
#9781=CARTESIAN_POINT('',(-2.51,1.46816916392048,0.144475903904663));
#9782=CARTESIAN_POINT('',(-2.51,1.46816916392048,0.0999999999999999));
#9783=CARTESIAN_POINT('',(-2.51,1.46816916392048,0.144475903904663));
#9784=CARTESIAN_POINT('',(-2.51,1.51,0.144475903904663));
#9785=CARTESIAN_POINT('',(-2.51,1.51,0.250263636371095));
#9786=CARTESIAN_POINT('',(-2.51,1.51,0.250263636371095));
#9787=CARTESIAN_POINT('',(-2.51,1.46816916392048,0.250263636371095));
#9788=CARTESIAN_POINT('',(-2.51,1.46816916392048,0.250263636371095));
#9789=CARTESIAN_POINT('',(-2.51,1.46816916392048,0.295));
#9790=CARTESIAN_POINT('',(-2.51,1.46816916392048,0.295));
#9791=CARTESIAN_POINT('',(-2.51,1.625,0.295));
#9792=CARTESIAN_POINT('',(-2.51,1.78183083607952,0.295));
#9793=CARTESIAN_POINT('',(-2.51,1.78183083607952,0.295));
#9794=CARTESIAN_POINT('',(-2.51,1.78183083607952,0.250263636371095));
#9795=CARTESIAN_POINT('',(-2.51,1.78183083607952,0.250263636371095));
#9796=CARTESIAN_POINT('',(-2.51,1.74,0.250263636371095));
#9797=CARTESIAN_POINT('',(-2.51,1.74,0.250263636371095));
#9798=CARTESIAN_POINT('',(-2.51,1.74,0.144475903904663));
#9799=CARTESIAN_POINT('',(-2.51,1.78183083607952,0.144475903904663));
#9800=CARTESIAN_POINT('',(-2.51,1.78183083607952,0.144475903904663));
#9801=CARTESIAN_POINT('',(-2.51,1.78183083607952,0.0999999999999999));
#9802=CARTESIAN_POINT('',(-2.51,1.78183083607952,0.0999999999999999));
#9803=CARTESIAN_POINT('',(-2.51,1.51,0.0999999999999999));
#9804=CARTESIAN_POINT('',(-2.48332276718645,1.51,0.0212546729178796));
#9805=CARTESIAN_POINT('',(-2.48332276718645,1.74,0.0212546729178796));
#9806=CARTESIAN_POINT('',(-2.48332276718645,1.74,0.0999999999999999));
#9807=CARTESIAN_POINT('',(-2.40457744010433,1.74,0.0212546729178796));
#9808=CARTESIAN_POINT('',(-2.40457744010433,1.51,0.0212546729178796));
#9809=CARTESIAN_POINT('',(-2.40457744010433,1.51,0.0212546729178796));
#9810=CARTESIAN_POINT('',(-2.48332276718645,1.51,0.0212546729178796));
#9811=CARTESIAN_POINT('',(-2.48332276718645,1.51,0.0999999999999999));
#9812=CARTESIAN_POINT('',(-2.48332276718645,1.51,0.0999999999999999));
#9813=CARTESIAN_POINT('',(-2.1,-0.975,-0.01));
#9814=CARTESIAN_POINT('',(-2.1,-1.025,-0.01));
#9815=CARTESIAN_POINT('',(-2.1,0.375,-0.01));
#9816=CARTESIAN_POINT('',(-2.2,-1.025,-0.01));
#9817=CARTESIAN_POINT('',(-2.2,-1.125,-0.01));
#9818=CARTESIAN_POINT('',(-2.2,-1.125,-0.01));
#9819=CARTESIAN_POINT('',(-2.40457744010433,-1.125,-0.01));
#9820=CARTESIAN_POINT('',(-2.40457744010433,-0.975,-0.01));
#9821=CARTESIAN_POINT('',(-2.40457744010433,0.21,-0.01));
#9822=CARTESIAN_POINT('',(-2.40457744010433,0.21,0.0212546729178796));
#9823=CARTESIAN_POINT('',(-2.40457744010433,0.44,0.0212546729178796));
#9824=CARTESIAN_POINT('',(-2.40457744010433,0.44,0.0212546729178796));
#9825=CARTESIAN_POINT('',(-2.40457744010433,0.44,0.0212546729178796));
#9826=CARTESIAN_POINT('',(-2.40457744010433,0.475,-0.01));
#9827=CARTESIAN_POINT('',(-2.40457744010433,-1.09,-0.01));
#9828=CARTESIAN_POINT('',(-2.40457744010433,-1.09,0.0212546729178796));
#9829=CARTESIAN_POINT('',(-2.40457744010433,-0.86,0.0212546729178796));
#9830=CARTESIAN_POINT('',(-2.40457744010433,-0.86,0.0212546729178796));
#9831=CARTESIAN_POINT('',(-2.40457744010433,-0.86,0.0212546729178796));
#9832=CARTESIAN_POINT('',(-2.40457744010433,-0.44,-0.01));
#9833=CARTESIAN_POINT('',(-2.40457744010433,-0.44,0.0212546729178796));
#9834=CARTESIAN_POINT('',(-2.40457744010433,-0.21,0.0212546729178796));
#9835=CARTESIAN_POINT('',(-2.40457744010433,-0.21,0.0212546729178796));
#9836=CARTESIAN_POINT('',(-2.40457744010433,-0.21,0.0212546729178796));
#9837=CARTESIAN_POINT('',(2.2,1.475,-0.01));
#9838=CARTESIAN_POINT('',(2.2,1.475,-0.01));
#9839=CARTESIAN_POINT('',(2.40457744010433,1.475,-0.01));
#9840=CARTESIAN_POINT('',(2.2,1.575,-0.01));
#9841=CARTESIAN_POINT('',(2.1,1.575,-0.01));
#9842=CARTESIAN_POINT('',(2.1,1.625,-0.01));
#9843=CARTESIAN_POINT('',(2.1,1.675,-0.01));
#9844=CARTESIAN_POINT('',(2.2,1.675,-0.01));
#9845=CARTESIAN_POINT('',(2.2,1.775,-0.01));
#9846=CARTESIAN_POINT('',(2.2,1.775,-0.01));
#9847=CARTESIAN_POINT('',(2.40457744010433,1.775,-0.01));
#9848=CARTESIAN_POINT('',(2.40457744010433,1.625,-0.01));
#9849=CARTESIAN_POINT('',(2.40457744010433,1.74,-0.01));
#9850=CARTESIAN_POINT('',(2.40457744010433,1.51,0.));
#9851=CARTESIAN_POINT('',(2.47332276718645,1.74,0.0212546729178796));
#9852=CARTESIAN_POINT('',(-2.2,1.775,-0.01));
#9853=CARTESIAN_POINT('',(-2.2,1.775,-0.01));
#9854=CARTESIAN_POINT('',(-2.40457744010433,1.775,-0.01));
#9855=CARTESIAN_POINT('',(-2.1,1.625,-0.01));
#9856=CARTESIAN_POINT('',(-2.1,1.575,-0.01));
#9857=CARTESIAN_POINT('',(-2.1,1.675,-0.01));
#9858=CARTESIAN_POINT('',(-2.2,1.575,-0.01));
#9859=CARTESIAN_POINT('',(-2.2,1.475,-0.01));
#9860=CARTESIAN_POINT('',(-2.2,1.475,-0.01));
#9861=CARTESIAN_POINT('',(-2.40457744010433,1.475,-0.01));
#9862=CARTESIAN_POINT('',(-2.40457744010433,1.625,-0.01));
#9863=CARTESIAN_POINT('',(-2.40457744010433,1.51,0.));
#9864=CARTESIAN_POINT('',(-2.40457744010433,1.74,-0.01));
#9865=CARTESIAN_POINT('',(-2.2,-1.475,-0.01));
#9866=CARTESIAN_POINT('',(-2.2,-1.475,-0.01));
#9867=CARTESIAN_POINT('',(-2.40457744010433,-1.475,-0.01));
#9868=CARTESIAN_POINT('',(-2.2,-1.575,-0.01));
#9869=CARTESIAN_POINT('',(-2.1,-1.575,-0.01));
#9870=CARTESIAN_POINT('',(-2.1,-1.625,-0.01));
#9871=CARTESIAN_POINT('',(-2.1,-1.675,-0.01));
#9872=CARTESIAN_POINT('',(-2.2,-1.675,-0.01));
#9873=CARTESIAN_POINT('',(-2.2,-1.775,-0.01));
#9874=CARTESIAN_POINT('',(-2.2,-1.775,-0.01));
#9875=CARTESIAN_POINT('',(-2.40457744010433,-1.775,-0.01));
#9876=CARTESIAN_POINT('',(-2.40457744010433,-1.625,-0.01));
#9877=CARTESIAN_POINT('',(-2.40457744010433,-1.51,0.));
#9878=CARTESIAN_POINT('',(-2.40457744010433,-1.74,-0.01));
#9879=CARTESIAN_POINT('',(2.47332276718645,-1.74,0.0212546729178796));
#9880=CARTESIAN_POINT('',(2.40457744010433,-1.74,-0.01));
#9881=CARTESIAN_POINT('',(2.2,-1.775,-0.01));
#9882=CARTESIAN_POINT('',(2.2,-1.775,-0.01));
#9883=CARTESIAN_POINT('',(2.40457744010433,-1.775,-0.01));
#9884=CARTESIAN_POINT('',(2.2,-1.675,-0.01));
#9885=CARTESIAN_POINT('',(2.1,-1.675,-0.01));
#9886=CARTESIAN_POINT('',(2.1,-1.625,-0.01));
#9887=CARTESIAN_POINT('',(2.1,-1.575,-0.01));
#9888=CARTESIAN_POINT('',(2.2,-1.575,-0.01));
#9889=CARTESIAN_POINT('',(2.2,-1.475,-0.01));
#9890=CARTESIAN_POINT('',(2.2,-1.475,-0.01));
#9891=CARTESIAN_POINT('',(2.40457744010433,-1.475,-0.01));
#9892=CARTESIAN_POINT('',(2.40457744010433,-1.625,-0.01));
#9893=CARTESIAN_POINT('',(2.40457744010433,-1.51,0.));
#9894=CARTESIAN_POINT('',(2.47332276718645,-1.51,0.0212546729178796));
#9895=CARTESIAN_POINT('',(2.47332276718645,1.51,0.0212546729178796));
#9896=CARTESIAN_POINT('',(2.2,-1.125,-0.01));
#9897=CARTESIAN_POINT('',(2.2,-1.125,-0.01));
#9898=CARTESIAN_POINT('',(2.40457744010433,-1.125,-0.01));
#9899=CARTESIAN_POINT('',(2.2,-1.025,-0.01));
#9900=CARTESIAN_POINT('',(2.1,-1.025,-0.01));
#9901=CARTESIAN_POINT('',(2.1,-0.975,-0.01));
#9902=CARTESIAN_POINT('',(2.1,-0.925,-0.01));
#9903=CARTESIAN_POINT('',(2.2,-0.925,-0.01));
#9904=CARTESIAN_POINT('',(2.2,-0.825,-0.01));
#9905=CARTESIAN_POINT('',(2.2,-0.825,-0.01));
#9906=CARTESIAN_POINT('',(2.40457744010433,-0.825,-0.01));
#9907=CARTESIAN_POINT('',(2.40457744010433,-0.975,-0.01));
#9908=CARTESIAN_POINT('',(2.40457744010433,-0.86,0.0212546729178796));
#9909=CARTESIAN_POINT('',(2.40457744010433,-0.86,0.0212546729178796));
#9910=CARTESIAN_POINT('',(2.40457744010433,-0.86,0.0212546729178796));
#9911=CARTESIAN_POINT('',(2.40457744010433,-1.09,0.0212546729178796));
#9912=CARTESIAN_POINT('',(2.40457744010433,-1.09,0.0212546729178796));
#9913=CARTESIAN_POINT('',(2.40457744010433,-0.325,-0.01));
#9914=CARTESIAN_POINT('',(2.40457744010433,1.09,-0.01));
#9915=CARTESIAN_POINT('',(2.40457744010433,1.09,0.0212546729178796));
#9916=CARTESIAN_POINT('',(2.40457744010433,1.09,0.0212546729178796));
#9917=CARTESIAN_POINT('',(2.40457744010433,0.86,0.0212546729178796));
#9918=CARTESIAN_POINT('',(2.40457744010433,0.86,-0.01));
#9919=CARTESIAN_POINT('',(2.40457744010433,0.44,-0.01));
#9920=CARTESIAN_POINT('',(2.40457744010433,0.44,0.0212546729178796));
#9921=CARTESIAN_POINT('',(2.40457744010433,0.44,0.0212546729178796));
#9922=CARTESIAN_POINT('',(2.40457744010433,0.21,0.0212546729178796));
#9923=CARTESIAN_POINT('',(2.40457744010433,0.21,-0.01));
#9924=CARTESIAN_POINT('',(2.40457744010433,-0.21,-0.01));
#9925=CARTESIAN_POINT('',(2.40457744010433,-0.21,0.0212546729178796));
#9926=CARTESIAN_POINT('',(2.40457744010433,-0.21,0.0212546729178796));
#9927=CARTESIAN_POINT('',(2.40457744010433,-0.44,0.0212546729178796));
#9928=CARTESIAN_POINT('',(2.40457744010433,-0.44,-0.01));
#9929=CARTESIAN_POINT('',(2.40457744010433,-0.475,-0.01));
#9930=CARTESIAN_POINT('',(2.2,-0.475,-0.01));
#9931=CARTESIAN_POINT('',(2.2,-0.475,-0.01));
#9932=CARTESIAN_POINT('',(2.2,-0.375,-0.01));
#9933=CARTESIAN_POINT('',(2.1,-0.375,-0.01));
#9934=CARTESIAN_POINT('',(2.1,-0.325,-0.01));
#9935=CARTESIAN_POINT('',(-2.2,0.475,-0.01));
#9936=CARTESIAN_POINT('',(-2.2,0.475,-0.01));
#9937=CARTESIAN_POINT('',(-2.2,0.375,-0.01));
#9938=CARTESIAN_POINT('',(-2.2,0.825,-0.01));
#9939=CARTESIAN_POINT('',(-2.40457744010433,0.825,-0.01));
#9940=CARTESIAN_POINT('',(-2.2,0.825,-0.01));
#9941=CARTESIAN_POINT('',(-2.40457744010433,0.975,-0.01));
#9942=CARTESIAN_POINT('',(-2.40457744010433,0.86,-0.01));
#9943=CARTESIAN_POINT('',(-2.40457744010433,0.86,0.0212546729178796));
#9944=CARTESIAN_POINT('',(-2.40457744010433,1.09,0.0212546729178796));
#9945=CARTESIAN_POINT('',(-2.40457744010433,1.09,0.0212546729178796));
#9946=CARTESIAN_POINT('',(-2.40457744010433,1.09,0.0212546729178796));
#9947=CARTESIAN_POINT('',(-2.40457744010433,1.125,-0.01));
#9948=CARTESIAN_POINT('',(-2.2,1.125,-0.01));
#9949=CARTESIAN_POINT('',(-2.2,1.125,-0.01));
#9950=CARTESIAN_POINT('',(-2.2,1.025,-0.01));
#9951=CARTESIAN_POINT('',(-2.1,1.025,-0.01));
#9952=CARTESIAN_POINT('',(-2.1,0.975,-0.01));
#9953=CARTESIAN_POINT('',(-2.1,0.925,-0.01));
#9954=CARTESIAN_POINT('',(-2.2,0.925,-0.01));
#9955=CARTESIAN_POINT('',(-2.51,1.95,0.));
#9956=CARTESIAN_POINT('',(-2.51,0.481830836079516,0.0999999999999999));
#9957=CARTESIAN_POINT('',(-2.51,0.481830836079516,0.144475903904663));
#9958=CARTESIAN_POINT('',(-2.51,0.481830836079516,0.0999999999999999));
#9959=CARTESIAN_POINT('',(-2.51,0.44,0.0999999999999999));
#9960=CARTESIAN_POINT('',(-2.51,0.168169163920485,0.0999999999999999));
#9961=CARTESIAN_POINT('',(-2.51,0.168169163920485,0.0999999999999999));
#9962=CARTESIAN_POINT('',(-2.51,0.168169163920485,0.144475903904663));
#9963=CARTESIAN_POINT('',(-2.51,0.168169163920485,0.144475903904663));
#9964=CARTESIAN_POINT('',(-2.51,0.21,0.144475903904663));
#9965=CARTESIAN_POINT('',(-2.51,0.21,0.250263636371095));
#9966=CARTESIAN_POINT('',(-2.51,0.21,0.250263636371095));
#9967=CARTESIAN_POINT('',(-2.51,0.168169163920484,0.250263636371095));
#9968=CARTESIAN_POINT('',(-2.51,0.168169163920484,0.250263636371095));
#9969=CARTESIAN_POINT('',(-2.51,0.168169163920484,0.295));
#9970=CARTESIAN_POINT('',(-2.51,0.168169163920484,0.295));
#9971=CARTESIAN_POINT('',(-2.51,0.325,0.295));
#9972=CARTESIAN_POINT('',(-2.51,0.481830836079516,0.295));
#9973=CARTESIAN_POINT('',(-2.51,0.481830836079516,0.295));
#9974=CARTESIAN_POINT('',(-2.51,0.481830836079516,0.250263636371095));
#9975=CARTESIAN_POINT('',(-2.51,0.481830836079516,0.250263636371095));
#9976=CARTESIAN_POINT('',(-2.51,0.44,0.250263636371095));
#9977=CARTESIAN_POINT('',(-2.51,0.44,0.250263636371095));
#9978=CARTESIAN_POINT('',(-2.51,0.44,0.144475903904663));
#9979=CARTESIAN_POINT('',(-2.51,0.481830836079516,0.144475903904663));
#9980=CARTESIAN_POINT('',(-2.51,-0.481830836079516,0.250263636371095));
#9981=CARTESIAN_POINT('',(-2.5,2.65,0.250263636371095));
#9982=CARTESIAN_POINT('',(-2.5,-0.44,0.250263636371095));
#9983=CARTESIAN_POINT('',(-2.5,-0.481830836079516,0.250263636371095));
#9984=CARTESIAN_POINT('',(-2.51,-0.481830836079516,0.250263636371095));
#9985=CARTESIAN_POINT('',(-2.51,-0.44,0.250263636371095));
#9986=CARTESIAN_POINT('',(-2.51,-0.481830836079516,0.295));
#9987=CARTESIAN_POINT('',(-2.5,-0.481830836079516,1.));
#9988=CARTESIAN_POINT('',(-2.5,-0.481830836079515,0.295));
#9989=CARTESIAN_POINT('',(-2.51,-0.481830836079516,0.295));
#9990=CARTESIAN_POINT('',(-2.51,-0.325,0.295));
#9991=CARTESIAN_POINT('',(-2.5,2.65,0.295));
#9992=CARTESIAN_POINT('',(-2.5,-0.168169163920484,0.295));
#9993=CARTESIAN_POINT('',(-2.51,-0.168169163920484,0.295));
#9994=CARTESIAN_POINT('',(-2.51,-0.168169163920484,0.295));
#9995=CARTESIAN_POINT('',(-2.5,-0.168169163920484,1.));
#9996=CARTESIAN_POINT('',(-2.5,-0.168169163920485,0.250263636371095));
#9997=CARTESIAN_POINT('',(-2.51,-0.168169163920484,0.250263636371095));
#9998=CARTESIAN_POINT('',(-2.51,-0.168169163920484,0.250263636371095));
#9999=CARTESIAN_POINT('',(-2.5,2.,0.250263636371095));
#10000=CARTESIAN_POINT('',(-2.5,-0.21,0.250263636371095));
#10001=CARTESIAN_POINT('',(-2.51,-0.21,0.250263636371095));
#10002=CARTESIAN_POINT('',(-2.51,-0.21,0.250263636371095));
#10003=CARTESIAN_POINT('',(-2.5,-0.21,1.));
#10004=CARTESIAN_POINT('',(-2.5,-0.21,0.144475903904663));
#10005=CARTESIAN_POINT('',(-2.51,-0.21,0.144475903904663));
#10006=CARTESIAN_POINT('',(-2.51,-0.168169163920485,0.144475903904663));
#10007=CARTESIAN_POINT('',(-2.5,2.,0.144475903904663));
#10008=CARTESIAN_POINT('',(-2.5,-0.168169163920485,0.144475903904663));
#10009=CARTESIAN_POINT('',(-2.51,-0.168169163920485,0.144475903904663));
#10010=CARTESIAN_POINT('',(-2.51,-0.168169163920485,0.0999999999999999));
#10011=CARTESIAN_POINT('',(-2.5,-0.168169163920485,1.));
#10012=CARTESIAN_POINT('',(-2.5,-0.168169163920485,0.0999999999999999));
#10013=CARTESIAN_POINT('',(-2.51,-0.168169163920485,0.0999999999999999));
#10014=CARTESIAN_POINT('',(-2.47332276718645,-0.21,0.0999999999999999));
#10015=CARTESIAN_POINT('',(-2.5,2.,0.0999999999999999));
#10016=CARTESIAN_POINT('',(-2.5,-0.21,0.0999999999999999));
#10017=CARTESIAN_POINT('',(-2.5,-0.21,0.0999999999999999));
#10018=CARTESIAN_POINT('',(-2.48332276718645,-0.21,0.0999999999999999));
#10019=CARTESIAN_POINT('',(-2.48332276718645,-0.21,0.0999999999999999));
#10020=CARTESIAN_POINT('',(-2.48332276718645,-0.44,0.0999999999999999));
#10021=CARTESIAN_POINT('',(-2.5,-0.44,0.0999999999999999));
#10022=CARTESIAN_POINT('',(-2.5,-0.44,0.0999999999999999));
#10023=CARTESIAN_POINT('',(-2.5,2.,0.0999999999999999));
#10024=CARTESIAN_POINT('',(-2.5,-0.481830836079515,0.0999999999999999));
#10025=CARTESIAN_POINT('',(-2.51,-0.481830836079515,0.0999999999999999));
#10026=CARTESIAN_POINT('',(-2.51,-0.481830836079515,0.0999999999999999));
#10027=CARTESIAN_POINT('',(-2.5,-0.481830836079515,1.));
#10028=CARTESIAN_POINT('',(-2.5,-0.481830836079515,0.144475903904663));
#10029=CARTESIAN_POINT('',(-2.51,-0.481830836079515,0.144475903904663));
#10030=CARTESIAN_POINT('',(-2.51,-0.481830836079515,0.144475903904663));
#10031=CARTESIAN_POINT('',(-2.5,2.65,0.144475903904663));
#10032=CARTESIAN_POINT('',(-2.5,-0.44,0.144475903904663));
#10033=CARTESIAN_POINT('',(-2.51,-0.44,0.144475903904663));
#10034=CARTESIAN_POINT('',(-2.51,-0.44,0.250263636371095));
#10035=CARTESIAN_POINT('',(-2.5,-0.44,1.));
#10036=CARTESIAN_POINT('',(-2.51,-1.13183083607952,0.144475903904663));
#10037=CARTESIAN_POINT('',(-2.5,2.,0.144475903904663));
#10038=CARTESIAN_POINT('',(-2.5,-1.13183083607952,0.144475903904663));
#10039=CARTESIAN_POINT('',(-2.5,-1.09,0.144475903904663));
#10040=CARTESIAN_POINT('',(-2.51,-1.09,0.144475903904663));
#10041=CARTESIAN_POINT('',(-2.51,-1.13183083607952,0.144475903904663));
#10042=CARTESIAN_POINT('',(-2.51,-1.09,0.250263636371095));
#10043=CARTESIAN_POINT('',(-2.5,-1.09,1.));
#10044=CARTESIAN_POINT('',(-2.5,-1.09,0.250263636371095));
#10045=CARTESIAN_POINT('',(-2.51,-1.09,0.250263636371095));
#10046=CARTESIAN_POINT('',(-2.51,-1.13183083607952,0.250263636371095));
#10047=CARTESIAN_POINT('',(-2.5,2.,0.250263636371095));
#10048=CARTESIAN_POINT('',(-2.5,-1.13183083607952,0.250263636371095));
#10049=CARTESIAN_POINT('',(-2.51,-1.13183083607952,0.250263636371095));
#10050=CARTESIAN_POINT('',(-2.51,-1.13183083607952,0.295));
#10051=CARTESIAN_POINT('',(-2.5,-1.13183083607952,1.));
#10052=CARTESIAN_POINT('',(-2.5,-1.13183083607952,0.295));
#10053=CARTESIAN_POINT('',(-2.51,-1.13183083607952,0.295));
#10054=CARTESIAN_POINT('',(-2.51,-0.975,0.295));
#10055=CARTESIAN_POINT('',(-2.5,2.,0.295));
#10056=CARTESIAN_POINT('',(-2.5,-0.818169163920484,0.295));
#10057=CARTESIAN_POINT('',(-2.51,-0.818169163920484,0.295));
#10058=CARTESIAN_POINT('',(-2.51,-0.818169163920484,0.295));
#10059=CARTESIAN_POINT('',(-2.5,-0.818169163920484,1.));
#10060=CARTESIAN_POINT('',(-2.5,-0.818169163920484,0.250263636371095));
#10061=CARTESIAN_POINT('',(-2.51,-0.818169163920484,0.250263636371095));
#10062=CARTESIAN_POINT('',(-2.51,-0.818169163920484,0.250263636371095));
#10063=CARTESIAN_POINT('',(-2.5,2.,0.250263636371095));
#10064=CARTESIAN_POINT('',(-2.5,-0.86,0.250263636371095));
#10065=CARTESIAN_POINT('',(-2.51,-0.86,0.250263636371095));
#10066=CARTESIAN_POINT('',(-2.51,-0.86,0.250263636371095));
#10067=CARTESIAN_POINT('',(-2.5,-0.86,1.));
#10068=CARTESIAN_POINT('',(-2.5,-0.86,0.144475903904663));
#10069=CARTESIAN_POINT('',(-2.51,-0.86,0.144475903904663));
#10070=CARTESIAN_POINT('',(-2.51,-0.818169163920485,0.144475903904663));
#10071=CARTESIAN_POINT('',(-2.5,2.,0.144475903904663));
#10072=CARTESIAN_POINT('',(-2.5,-0.818169163920484,0.144475903904663));
#10073=CARTESIAN_POINT('',(-2.51,-0.818169163920485,0.144475903904663));
#10074=CARTESIAN_POINT('',(-2.51,-0.818169163920485,0.0999999999999999));
#10075=CARTESIAN_POINT('',(-2.5,-0.818169163920484,1.));
#10076=CARTESIAN_POINT('',(-2.5,-0.818169163920484,0.0999999999999999));
#10077=CARTESIAN_POINT('',(-2.51,-0.818169163920485,0.0999999999999999));
#10078=CARTESIAN_POINT('',(-2.47332276718645,-0.86,0.0999999999999999));
#10079=CARTESIAN_POINT('',(-2.5,2.,0.0999999999999999));
#10080=CARTESIAN_POINT('',(-2.5,-0.86,0.0999999999999999));
#10081=CARTESIAN_POINT('',(-2.5,-0.86,0.0999999999999999));
#10082=CARTESIAN_POINT('',(-2.48332276718645,-0.86,0.0999999999999999));
#10083=CARTESIAN_POINT('',(-2.48332276718645,-0.86,0.0999999999999999));
#10084=CARTESIAN_POINT('',(-2.48332276718645,-1.09,0.0999999999999999));
#10085=CARTESIAN_POINT('',(-2.5,-1.09,0.0999999999999999));
#10086=CARTESIAN_POINT('',(-2.5,-1.09,0.0999999999999999));
#10087=CARTESIAN_POINT('',(-2.5,2.,0.0999999999999999));
#10088=CARTESIAN_POINT('',(-2.5,-1.13183083607952,0.0999999999999999));
#10089=CARTESIAN_POINT('',(-2.51,-1.13183083607952,0.0999999999999999));
#10090=CARTESIAN_POINT('',(-2.51,-1.13183083607952,0.0999999999999999));
#10091=CARTESIAN_POINT('',(-2.5,-1.13183083607952,1.));
#10092=CARTESIAN_POINT('',(2.5,2.,1.));
#10093=CARTESIAN_POINT('',(-2.5,2.,1.));
#10094=CARTESIAN_POINT('',(-2.5,2.,1.));
#10095=CARTESIAN_POINT('',(2.5,2.,1.));
#10096=CARTESIAN_POINT('',(0.,0.,1.));
#10097=CARTESIAN_POINT('',(-1.98989687581438,1.61188434033844,1.));
#10098=CARTESIAN_POINT('',(-1.98989687581438,1.37022868265273,1.));
#10099=CARTESIAN_POINT('',(-2.5,-2.,1.));
#10100=CARTESIAN_POINT('',(-2.5,-2.,1.));
#10101=CARTESIAN_POINT('',(-2.5,2.,1.));
#10102=CARTESIAN_POINT('',(-2.5,-2.,1.));
#10103=CARTESIAN_POINT('',(-2.5,-2.,1.));
#10104=CARTESIAN_POINT('',(-2.47332276718645,-1.74,0.0212546729178796));
#10105=CARTESIAN_POINT('',(-2.5,-1.74,1.));
#10106=CARTESIAN_POINT('',(-2.5,-1.74,0.0999999999999999));
#10107=CARTESIAN_POINT('',(-2.47332276718645,-1.74,0.0999999999999999));
#10108=CARTESIAN_POINT('',(-2.51,-1.78183083607952,0.0999999999999999));
#10109=CARTESIAN_POINT('',(-2.5,-1.78183083607952,0.0999999999999999));
#10110=CARTESIAN_POINT('',(-2.5,-1.78183083607952,0.0999999999999999));
#10111=CARTESIAN_POINT('',(-2.5,-1.78183083607952,0.144475903904663));
#10112=CARTESIAN_POINT('',(-2.51,-1.78183083607952,0.144475903904663));
#10113=CARTESIAN_POINT('',(-2.51,-1.78183083607952,0.0999999999999999));
#10114=CARTESIAN_POINT('',(-2.51,-1.78183083607952,0.144475903904663));
#10115=CARTESIAN_POINT('',(-2.5,-1.78183083607952,0.144475903904663));
#10116=CARTESIAN_POINT('',(-2.5,-1.74,0.144475903904663));
#10117=CARTESIAN_POINT('',(-2.51,-1.74,0.144475903904663));
#10118=CARTESIAN_POINT('',(-2.51,-1.74,0.250263636371095));
#10119=CARTESIAN_POINT('',(-2.5,-1.74,0.250263636371095));
#10120=CARTESIAN_POINT('',(-2.5,-1.74,0.250263636371095));
#10121=CARTESIAN_POINT('',(-2.51,-1.74,0.250263636371095));
#10122=CARTESIAN_POINT('',(-2.51,-1.78183083607952,0.250263636371095));
#10123=CARTESIAN_POINT('',(-2.5,-1.78183083607952,0.250263636371095));
#10124=CARTESIAN_POINT('',(-2.5,-1.78183083607952,0.250263636371095));
#10125=CARTESIAN_POINT('',(-2.51,-1.78183083607952,0.250263636371095));
#10126=CARTESIAN_POINT('',(-2.51,-1.78183083607952,0.295));
#10127=CARTESIAN_POINT('',(-2.5,-1.78183083607952,0.295));
#10128=CARTESIAN_POINT('',(-2.5,-1.78183083607952,0.295));
#10129=CARTESIAN_POINT('',(-2.51,-1.78183083607952,0.295));
#10130=CARTESIAN_POINT('',(-2.51,-1.625,0.295));
#10131=CARTESIAN_POINT('',(-2.5,-1.625,0.295));
#10132=CARTESIAN_POINT('',(-2.5,-1.46816916392048,0.295));
#10133=CARTESIAN_POINT('',(-2.51,-1.46816916392048,0.295));
#10134=CARTESIAN_POINT('',(-2.51,-1.46816916392048,0.295));
#10135=CARTESIAN_POINT('',(-2.5,-1.46816916392048,0.295));
#10136=CARTESIAN_POINT('',(-2.5,-1.46816916392048,0.250263636371095));
#10137=CARTESIAN_POINT('',(-2.51,-1.46816916392048,0.250263636371095));
#10138=CARTESIAN_POINT('',(-2.51,-1.46816916392048,0.250263636371095));
#10139=CARTESIAN_POINT('',(-2.5,-1.46816916392048,0.250263636371095));
#10140=CARTESIAN_POINT('',(-2.5,-1.51,0.250263636371095));
#10141=CARTESIAN_POINT('',(-2.51,-1.51,0.250263636371095));
#10142=CARTESIAN_POINT('',(-2.51,-1.51,0.250263636371095));
#10143=CARTESIAN_POINT('',(-2.5,-1.51,0.250263636371095));
#10144=CARTESIAN_POINT('',(-2.5,-1.51,0.144475903904663));
#10145=CARTESIAN_POINT('',(-2.51,-1.51,0.144475903904663));
#10146=CARTESIAN_POINT('',(-2.51,-1.46816916392048,0.144475903904663));
#10147=CARTESIAN_POINT('',(-2.5,-1.46816916392048,0.144475903904663));
#10148=CARTESIAN_POINT('',(-2.5,-1.46816916392048,0.144475903904663));
#10149=CARTESIAN_POINT('',(-2.51,-1.46816916392048,0.144475903904663));
#10150=CARTESIAN_POINT('',(-2.51,-1.46816916392048,0.0999999999999999));
#10151=CARTESIAN_POINT('',(-2.5,-1.46816916392048,0.0999999999999999));
#10152=CARTESIAN_POINT('',(-2.5,-1.46816916392048,0.0999999999999999));
#10153=CARTESIAN_POINT('',(-2.51,-1.46816916392048,0.0999999999999999));
#10154=CARTESIAN_POINT('',(-2.47332276718645,-1.51,0.0999999999999999));
#10155=CARTESIAN_POINT('',(-2.5,-1.74,0.0999999999999999));
#10156=CARTESIAN_POINT('',(-2.5,-1.74,0.0999999999999999));
#10157=CARTESIAN_POINT('',(-2.5,-1.51,0.0999999999999999));
#10158=CARTESIAN_POINT('',(-2.47332276718645,-1.51,0.0999999999999999));
#10159=CARTESIAN_POINT('',(-2.47332276718645,-1.51,0.0212546729178796));
#10160=CARTESIAN_POINT('',(-2.5,-1.51,1.));
#10161=CARTESIAN_POINT('',(-2.47332276718645,1.51,0.0212546729178796));
#10162=CARTESIAN_POINT('',(-2.5,1.51,1.));
#10163=CARTESIAN_POINT('',(-2.5,1.51,0.0999999999999999));
#10164=CARTESIAN_POINT('',(-2.47332276718645,1.51,0.0999999999999999));
#10165=CARTESIAN_POINT('',(-2.51,1.46816916392048,0.0999999999999999));
#10166=CARTESIAN_POINT('',(-2.5,1.46816916392048,1.));
#10167=CARTESIAN_POINT('',(-2.5,1.46816916392048,0.0999999999999999));
#10168=CARTESIAN_POINT('',(-2.5,1.46816916392048,0.144475903904663));
#10169=CARTESIAN_POINT('',(-2.51,1.46816916392048,0.144475903904663));
#10170=CARTESIAN_POINT('',(-2.51,1.46816916392048,0.0999999999999999));
#10171=CARTESIAN_POINT('',(-2.51,1.46816916392048,0.144475903904663));
#10172=CARTESIAN_POINT('',(-2.5,2.,0.144475903904663));
#10173=CARTESIAN_POINT('',(-2.5,1.51,0.144475903904663));
#10174=CARTESIAN_POINT('',(-2.51,1.51,0.144475903904663));
#10175=CARTESIAN_POINT('',(-2.51,1.51,0.250263636371095));
#10176=CARTESIAN_POINT('',(-2.5,1.51,1.));
#10177=CARTESIAN_POINT('',(-2.5,1.51,0.250263636371095));
#10178=CARTESIAN_POINT('',(-2.51,1.51,0.250263636371095));
#10179=CARTESIAN_POINT('',(-2.51,1.46816916392048,0.250263636371095));
#10180=CARTESIAN_POINT('',(-2.5,2.,0.250263636371095));
#10181=CARTESIAN_POINT('',(-2.5,1.46816916392048,0.250263636371095));
#10182=CARTESIAN_POINT('',(-2.51,1.46816916392048,0.250263636371095));
#10183=CARTESIAN_POINT('',(-2.51,1.46816916392048,0.295));
#10184=CARTESIAN_POINT('',(-2.5,1.46816916392048,1.));
#10185=CARTESIAN_POINT('',(-2.5,1.46816916392048,0.295));
#10186=CARTESIAN_POINT('',(-2.51,1.46816916392048,0.295));
#10187=CARTESIAN_POINT('',(-2.51,1.625,0.295));
#10188=CARTESIAN_POINT('',(-2.5,2.,0.295));
#10189=CARTESIAN_POINT('',(-2.5,1.78183083607952,0.295));
#10190=CARTESIAN_POINT('',(-2.51,1.78183083607952,0.295));
#10191=CARTESIAN_POINT('',(-2.51,1.78183083607952,0.295));
#10192=CARTESIAN_POINT('',(-2.5,1.78183083607952,1.));
#10193=CARTESIAN_POINT('',(-2.5,1.78183083607952,0.250263636371095));
#10194=CARTESIAN_POINT('',(-2.51,1.78183083607952,0.250263636371095));
#10195=CARTESIAN_POINT('',(-2.51,1.78183083607952,0.250263636371095));
#10196=CARTESIAN_POINT('',(-2.5,2.,0.250263636371095));
#10197=CARTESIAN_POINT('',(-2.5,1.74,0.250263636371095));
#10198=CARTESIAN_POINT('',(-2.51,1.74,0.250263636371095));
#10199=CARTESIAN_POINT('',(-2.51,1.74,0.250263636371095));
#10200=CARTESIAN_POINT('',(-2.5,1.74,1.));
#10201=CARTESIAN_POINT('',(-2.5,1.74,0.144475903904663));
#10202=CARTESIAN_POINT('',(-2.51,1.74,0.144475903904663));
#10203=CARTESIAN_POINT('',(-2.51,1.78183083607952,0.144475903904663));
#10204=CARTESIAN_POINT('',(-2.5,2.,0.144475903904663));
#10205=CARTESIAN_POINT('',(-2.5,1.78183083607952,0.144475903904663));
#10206=CARTESIAN_POINT('',(-2.51,1.78183083607952,0.144475903904663));
#10207=CARTESIAN_POINT('',(-2.51,1.78183083607952,0.0999999999999999));
#10208=CARTESIAN_POINT('',(-2.5,1.78183083607952,1.));
#10209=CARTESIAN_POINT('',(-2.5,1.78183083607952,0.0999999999999999));
#10210=CARTESIAN_POINT('',(-2.51,1.78183083607952,0.0999999999999999));
#10211=CARTESIAN_POINT('',(-2.47332276718645,1.51,0.0999999999999999));
#10212=CARTESIAN_POINT('',(-2.5,2.,0.0999999999999999));
#10213=CARTESIAN_POINT('',(-2.5,2.,0.0999999999999999));
#10214=CARTESIAN_POINT('',(-2.5,1.74,0.0999999999999999));
#10215=CARTESIAN_POINT('',(-2.47332276718645,1.74,0.0999999999999999));
#10216=CARTESIAN_POINT('',(-2.47332276718645,1.74,0.0212546729178796));
#10217=CARTESIAN_POINT('',(-2.5,1.74,1.));
#10218=CARTESIAN_POINT('',(-2.51,0.481830836079516,0.144475903904663));
#10219=CARTESIAN_POINT('',(-2.5,2.,0.144475903904663));
#10220=CARTESIAN_POINT('',(-2.5,0.44,0.144475903904663));
#10221=CARTESIAN_POINT('',(-2.5,0.481830836079516,0.144475903904663));
#10222=CARTESIAN_POINT('',(-2.51,0.481830836079516,0.144475903904663));
#10223=CARTESIAN_POINT('',(-2.51,0.44,0.144475903904663));
#10224=CARTESIAN_POINT('',(-2.51,0.481830836079516,0.0999999999999999));
#10225=CARTESIAN_POINT('',(-2.5,0.481830836079516,1.));
#10226=CARTESIAN_POINT('',(-2.5,0.481830836079516,0.0999999999999999));
#10227=CARTESIAN_POINT('',(-2.51,0.481830836079516,0.0999999999999999));
#10228=CARTESIAN_POINT('',(-2.47332276718645,0.44,0.0999999999999999));
#10229=CARTESIAN_POINT('',(-2.5,2.,0.0999999999999999));
#10230=CARTESIAN_POINT('',(-2.5,0.44,0.0999999999999999));
#10231=CARTESIAN_POINT('',(-2.5,0.44,0.0999999999999999));
#10232=CARTESIAN_POINT('',(-2.48332276718645,0.44,0.0999999999999999));
#10233=CARTESIAN_POINT('',(-2.48332276718645,0.44,0.0999999999999999));
#10234=CARTESIAN_POINT('',(-2.48332276718645,0.21,0.0999999999999999));
#10235=CARTESIAN_POINT('',(-2.5,0.21,0.0999999999999999));
#10236=CARTESIAN_POINT('',(-2.5,0.21,0.0999999999999999));
#10237=CARTESIAN_POINT('',(-2.5,2.,0.0999999999999999));
#10238=CARTESIAN_POINT('',(-2.5,0.168169163920485,0.0999999999999999));
#10239=CARTESIAN_POINT('',(-2.51,0.168169163920485,0.0999999999999999));
#10240=CARTESIAN_POINT('',(-2.51,0.168169163920485,0.0999999999999999));
#10241=CARTESIAN_POINT('',(-2.5,0.168169163920485,1.));
#10242=CARTESIAN_POINT('',(-2.5,0.168169163920485,0.144475903904663));
#10243=CARTESIAN_POINT('',(-2.51,0.168169163920485,0.144475903904663));
#10244=CARTESIAN_POINT('',(-2.51,0.168169163920485,0.144475903904663));
#10245=CARTESIAN_POINT('',(-2.5,2.,0.144475903904663));
#10246=CARTESIAN_POINT('',(-2.5,0.21,0.144475903904663));
#10247=CARTESIAN_POINT('',(-2.51,0.21,0.144475903904663));
#10248=CARTESIAN_POINT('',(-2.51,0.21,0.250263636371095));
#10249=CARTESIAN_POINT('',(-2.5,0.21,1.));
#10250=CARTESIAN_POINT('',(-2.5,0.21,0.250263636371095));
#10251=CARTESIAN_POINT('',(-2.51,0.21,0.250263636371095));
#10252=CARTESIAN_POINT('',(-2.51,0.168169163920484,0.250263636371095));
#10253=CARTESIAN_POINT('',(-2.5,3.3,0.250263636371095));
#10254=CARTESIAN_POINT('',(-2.5,0.168169163920484,0.250263636371095));
#10255=CARTESIAN_POINT('',(-2.51,0.168169163920484,0.250263636371095));
#10256=CARTESIAN_POINT('',(-2.51,0.168169163920484,0.295));
#10257=CARTESIAN_POINT('',(-2.5,0.168169163920484,1.));
#10258=CARTESIAN_POINT('',(-2.5,0.168169163920485,0.295));
#10259=CARTESIAN_POINT('',(-2.51,0.168169163920484,0.295));
#10260=CARTESIAN_POINT('',(-2.51,0.325,0.295));
#10261=CARTESIAN_POINT('',(-2.5,3.3,0.295));
#10262=CARTESIAN_POINT('',(-2.5,0.481830836079516,0.295));
#10263=CARTESIAN_POINT('',(-2.51,0.481830836079516,0.295));
#10264=CARTESIAN_POINT('',(-2.51,0.481830836079516,0.295));
#10265=CARTESIAN_POINT('',(-2.5,0.481830836079516,1.));
#10266=CARTESIAN_POINT('',(-2.5,0.481830836079516,0.250263636371095));
#10267=CARTESIAN_POINT('',(-2.51,0.481830836079516,0.250263636371095));
#10268=CARTESIAN_POINT('',(-2.51,0.481830836079516,0.250263636371095));
#10269=CARTESIAN_POINT('',(-2.5,2.,0.250263636371095));
#10270=CARTESIAN_POINT('',(-2.5,0.44,0.250263636371095));
#10271=CARTESIAN_POINT('',(-2.51,0.44,0.250263636371095));
#10272=CARTESIAN_POINT('',(-2.51,0.44,0.250263636371095));
#10273=CARTESIAN_POINT('',(-2.5,0.44,1.));
#10274=CARTESIAN_POINT('',(-2.5,2.,1.));
#10275=CARTESIAN_POINT('',(-2.5,1.09,1.));
#10276=CARTESIAN_POINT('',(-2.5,1.09,0.0999999999999999));
#10277=CARTESIAN_POINT('',(-2.5,2.,0.0999999999999999));
#10278=CARTESIAN_POINT('',(-2.5,1.13183083607952,0.0999999999999999));
#10279=CARTESIAN_POINT('',(-2.5,1.13183083607952,1.));
#10280=CARTESIAN_POINT('',(-2.5,1.13183083607952,0.144475903904663));
#10281=CARTESIAN_POINT('',(-2.5,2.,0.144475903904663));
#10282=CARTESIAN_POINT('',(-2.5,1.09,0.144475903904663));
#10283=CARTESIAN_POINT('',(-2.5,1.09,1.));
#10284=CARTESIAN_POINT('',(-2.5,1.09,0.250263636371095));
#10285=CARTESIAN_POINT('',(-2.5,2.65,0.250263636371095));
#10286=CARTESIAN_POINT('',(-2.5,1.13183083607952,0.250263636371095));
#10287=CARTESIAN_POINT('',(-2.5,1.13183083607952,1.));
#10288=CARTESIAN_POINT('',(-2.5,1.13183083607952,0.295));
#10289=CARTESIAN_POINT('',(-2.5,2.,0.295));
#10290=CARTESIAN_POINT('',(-2.5,0.818169163920484,0.295));
#10291=CARTESIAN_POINT('',(-2.5,0.818169163920484,1.));
#10292=CARTESIAN_POINT('',(-2.5,0.818169163920484,0.250263636371095));
#10293=CARTESIAN_POINT('',(-2.5,2.,0.250263636371095));
#10294=CARTESIAN_POINT('',(-2.5,0.86,0.250263636371095));
#10295=CARTESIAN_POINT('',(-2.5,0.86,1.));
#10296=CARTESIAN_POINT('',(-2.5,0.86,0.144475903904663));
#10297=CARTESIAN_POINT('',(-2.5,2.65,0.144475903904663));
#10298=CARTESIAN_POINT('',(-2.5,0.818169163920485,0.144475903904663));
#10299=CARTESIAN_POINT('',(-2.5,0.818169163920485,1.));
#10300=CARTESIAN_POINT('',(-2.5,0.818169163920485,0.0999999999999999));
#10301=CARTESIAN_POINT('',(-2.5,2.,0.0999999999999999));
#10302=CARTESIAN_POINT('',(-2.5,0.86,0.0999999999999999));
#10303=CARTESIAN_POINT('',(-2.5,0.860000000000001,1.));
#10304=CARTESIAN_POINT('',(-2.5,0.44,1.));
#10305=CARTESIAN_POINT('',(-2.5,0.21,1.));
#10306=CARTESIAN_POINT('',(-2.5,-0.21,1.));
#10307=CARTESIAN_POINT('',(-2.5,-0.44,1.));
#10308=CARTESIAN_POINT('',(-2.5,-0.86,1.));
#10309=CARTESIAN_POINT('',(-2.5,-1.09,1.));
#10310=CARTESIAN_POINT('',(-2.51,0.818169163920485,0.0999999999999999));
#10311=CARTESIAN_POINT('',(-2.51,0.818169163920485,0.144475903904663));
#10312=CARTESIAN_POINT('',(-2.51,0.818169163920485,0.144475903904663));
#10313=CARTESIAN_POINT('',(-2.51,0.818169163920485,0.0999999999999999));
#10314=CARTESIAN_POINT('',(-2.51,0.818169163920485,0.0999999999999999));
#10315=CARTESIAN_POINT('',(-2.51,0.818169163920485,0.0999999999999999));
#10316=CARTESIAN_POINT('',(-2.51,1.13183083607952,0.250263636371095));
#10317=CARTESIAN_POINT('',(-2.51,1.09,0.250263636371095));
#10318=CARTESIAN_POINT('',(-2.51,1.09,0.250263636371095));
#10319=CARTESIAN_POINT('',(-2.51,1.13183083607952,0.250263636371095));
#10320=CARTESIAN_POINT('',(-2.51,1.13183083607952,0.250263636371095));
#10321=CARTESIAN_POINT('',(-2.51,1.13183083607952,0.250263636371095));
#10322=CARTESIAN_POINT('',(-2.51,0.86,0.250263636371095));
#10323=CARTESIAN_POINT('',(-2.51,0.86,0.250263636371095));
#10324=CARTESIAN_POINT('',(-2.51,0.86,0.250263636371095));
#10325=CARTESIAN_POINT('',(-2.51,0.86,0.250263636371095));
#10326=CARTESIAN_POINT('',(-2.51,0.86,0.144475903904663));
#10327=CARTESIAN_POINT('',(-2.51,0.86,0.144475903904663));
#10328=CARTESIAN_POINT('',(-2.51,0.818169163920485,0.144475903904663));
#10329=CARTESIAN_POINT('',(-2.51,0.818169163920485,0.144475903904663));
#10330=CARTESIAN_POINT('',(-2.51,0.818169163920484,0.250263636371095));
#10331=CARTESIAN_POINT('',(-2.51,0.818169163920484,0.250263636371095));
#10332=CARTESIAN_POINT('',(-2.51,0.818169163920484,0.250263636371095));
#10333=CARTESIAN_POINT('',(-2.51,0.818169163920484,0.250263636371095));
#10334=CARTESIAN_POINT('',(-2.51,0.818169163920484,0.295));
#10335=CARTESIAN_POINT('',(-2.51,0.818169163920484,0.295));
#10336=CARTESIAN_POINT('',(-2.51,0.818169163920484,0.295));
#10337=CARTESIAN_POINT('',(-2.51,0.818169163920484,0.295));
#10338=CARTESIAN_POINT('',(-2.51,0.975,0.295));
#10339=CARTESIAN_POINT('',(-2.51,1.13183083607952,0.295));
#10340=CARTESIAN_POINT('',(-2.51,1.13183083607952,0.295));
#10341=CARTESIAN_POINT('',(-2.51,0.975,0.295));
#10342=CARTESIAN_POINT('',(-2.51,1.13183083607952,0.295));
#10343=CARTESIAN_POINT('',(-2.51,1.13183083607952,0.295));
#10344=CARTESIAN_POINT('',(-2.51,1.13183083607952,0.144475903904663));
#10345=CARTESIAN_POINT('',(-2.51,1.13183083607952,0.144475903904663));
#10346=CARTESIAN_POINT('',(-2.51,1.13183083607952,0.144475903904663));
#10347=CARTESIAN_POINT('',(-2.51,1.13183083607952,0.144475903904663));
#10348=CARTESIAN_POINT('',(-2.51,1.09,0.144475903904663));
#10349=CARTESIAN_POINT('',(-2.51,1.09,0.144475903904663));
#10350=CARTESIAN_POINT('',(-2.51,1.13183083607952,0.0999999999999999));
#10351=CARTESIAN_POINT('',(-2.51,1.13183083607952,0.0999999999999999));
#10352=CARTESIAN_POINT('',(-2.51,1.13183083607952,0.0999999999999999));
#10353=CARTESIAN_POINT('',(-2.51,1.13183083607952,0.0999999999999999));
#10354=CARTESIAN_POINT('',(-2.51,2.6,0.));
#10355=CARTESIAN_POINT('',(-2.51,1.09,0.0999999999999999));
#10356=CARTESIAN_POINT('',(-2.51,1.09,0.250263636371095));
#10357=CARTESIAN_POINT('',(-2.51,1.09,0.250263636371095));
#10358=CARTESIAN_POINT('',(-2.47332276718645,1.09,0.0999999999999999));
#10359=CARTESIAN_POINT('',(-2.5,1.09,0.0999999999999999));
#10360=CARTESIAN_POINT('',(-2.48332276718645,1.09,0.0999999999999999));
#10361=CARTESIAN_POINT('',(-2.48332276718645,1.09,0.0999999999999999));
#10362=CARTESIAN_POINT('',(-2.48332276718645,0.86,0.0999999999999999));
#10363=CARTESIAN_POINT('',(-2.5,0.86,0.0999999999999999));
#10364=CARTESIAN_POINT('',(-2.48332276718645,-0.86,0.0212546729178796));
#10365=CARTESIAN_POINT('',(-2.48332276718645,-0.86,0.0212546729178796));
#10366=CARTESIAN_POINT('',(-2.48332276718645,-1.09,0.0212546729178796));
#10367=CARTESIAN_POINT('',(-2.48332276718645,-1.09,0.0212546729178796));
#10368=CARTESIAN_POINT('',(-2.48332276718645,-0.86,0.0212546729178796));
#10369=CARTESIAN_POINT('',(2.48332276718645,-0.86,0.0212546729178796));
#10370=CARTESIAN_POINT('',(2.48332276718645,-0.86,0.0212546729178796));
#10371=CARTESIAN_POINT('',(2.48332276718645,-1.09,0.0212546729178796));
#10372=CARTESIAN_POINT('',(2.48332276718645,-1.09,0.0212546729178796));
#10373=CARTESIAN_POINT('',(2.48332276718645,-0.86,0.0212546729178796));
#10374=CARTESIAN_POINT('',(-2.48332276718645,-0.21,0.0212546729178796));
#10375=CARTESIAN_POINT('',(-2.48332276718645,-0.21,0.0212546729178796));
#10376=CARTESIAN_POINT('',(-2.48332276718645,-0.44,0.0212546729178796));
#10377=CARTESIAN_POINT('',(-2.48332276718645,-0.44,0.0212546729178796));
#10378=CARTESIAN_POINT('',(-2.48332276718645,-0.21,0.0212546729178796));
#10379=CARTESIAN_POINT('',(2.48332276718645,-0.21,0.0212546729178796));
#10380=CARTESIAN_POINT('',(2.48332276718645,-0.21,0.0212546729178796));
#10381=CARTESIAN_POINT('',(2.48332276718645,-0.44,0.0212546729178796));
#10382=CARTESIAN_POINT('',(2.48332276718645,-0.44,0.0212546729178796));
#10383=CARTESIAN_POINT('',(2.48332276718645,-0.21,0.0212546729178796));
#10384=CARTESIAN_POINT('',(-2.48332276718645,0.44,0.0212546729178796));
#10385=CARTESIAN_POINT('',(-2.48332276718645,0.44,0.0212546729178796));
#10386=CARTESIAN_POINT('',(-2.48332276718645,0.21,0.0212546729178796));
#10387=CARTESIAN_POINT('',(-2.48332276718645,0.21,0.0212546729178796));
#10388=CARTESIAN_POINT('',(-2.48332276718645,0.44,0.0212546729178796));
#10389=CARTESIAN_POINT('',(2.48332276718645,0.44,0.0212546729178796));
#10390=CARTESIAN_POINT('',(2.48332276718645,0.44,0.0212546729178796));
#10391=CARTESIAN_POINT('',(2.48332276718645,0.21,0.0212546729178796));
#10392=CARTESIAN_POINT('',(2.48332276718645,0.21,0.0212546729178796));
#10393=CARTESIAN_POINT('',(2.48332276718645,0.44,0.0212546729178796));
#10394=CARTESIAN_POINT('',(-2.48332276718645,1.09,0.0212546729178796));
#10395=CARTESIAN_POINT('',(-2.48332276718645,1.09,0.0212546729178796));
#10396=CARTESIAN_POINT('',(-2.48332276718645,0.86,0.0212546729178796));
#10397=CARTESIAN_POINT('',(-2.48332276718645,0.86,0.0212546729178796));
#10398=CARTESIAN_POINT('',(-2.48332276718645,1.09,0.0212546729178796));
#10399=CARTESIAN_POINT('',(2.48332276718645,1.09,0.0212546729178796));
#10400=CARTESIAN_POINT('',(2.48332276718645,1.09,0.0212546729178796));
#10401=CARTESIAN_POINT('',(2.48332276718645,0.86,0.0212546729178796));
#10402=CARTESIAN_POINT('',(2.48332276718645,0.86,0.0212546729178796));
#10403=CARTESIAN_POINT('',(2.48332276718645,1.09,0.0212546729178796));
#10404=CARTESIAN_POINT('',(-2.1,1.675,-0.02));
#10405=CARTESIAN_POINT('',(-1.98989687581438,1.61188434033844,0.984915501536008));
#10406=CARTESIAN_POINT('',(-1.98989687581438,1.61188434033844,0.984915501536008));
#10407=CARTESIAN_POINT('',(-1.98989687581438,1.37022868265273,0.984915501536008));
#10408=CARTESIAN_POINT('',(-1.98989687581438,1.61188434033844,0.984915501536008));
#10409=MECHANICAL_DESIGN_GEOMETRIC_PRESENTATION_REPRESENTATION('',(#5112,
#5113,#5114,#5115,#5116,#5117,#5118,#5119,#5120,#5121,#5122,#5123,#5124,
#5125,#5126,#5127,#5128,#5129,#5130,#5131,#5132,#5133,#5134,#5135,#5136,
#5137,#5138,#5139,#5140,#5141,#5142,#5143,#5144,#5145,#5146,#5147,#5148,
#5149,#5150,#5151,#5152,#5153,#5154,#5155,#5156,#5157,#5158,#5159,#5160,
#5161,#5162,#5163,#5164,#5165,#5166,#5167,#5168,#5169,#5170,#5171,#5172,
#5173,#5174,#5175,#5176,#5177,#5178,#5179,#5180,#5181,#5182,#5183,#5184,
#5185,#5186,#5187,#5188,#5189,#5190,#5191,#5192,#5193,#5194,#5195,#5196,
#5197,#5198,#5199,#5200,#5201,#5202,#5203,#5204,#5205,#5206,#5207,#5208,
#5209,#5210,#5211,#5212,#5213,#5214,#5215,#5216,#5217,#5218,#5219,#5220,
#5221,#5222,#5223,#5224,#5225,#5226,#5227,#5228,#5229,#5230,#5231,#5232,
#5233,#5234,#5235,#5236,#5237,#5238,#5239,#5240,#5241,#5242,#5243,#5244,
#5245,#5246,#5247,#5248,#5249,#5250,#5251,#5252,#5253,#5254,#5255,#5256,
#5257,#5258,#5259,#5260,#5261,#5262,#5263,#5264,#5265,#5266,#5267,#5268,
#5269,#5270,#5271,#5272,#5273,#5274,#5275,#5276,#5277,#5278,#5279,#5280,
#5281,#5282,#5283,#5284,#5285,#5286,#5287,#5288,#5289,#5290,#5291,#5292,
#5293,#5294,#5295,#5296,#5297,#5298,#5299,#5300,#5301,#5302,#5303,#5304,
#5305,#5306,#5307,#5308,#5309,#5310,#5311,#5312,#5313,#5314,#5315,#5316,
#5317,#5318,#5319,#5320,#5321,#5322,#5323,#5324,#5325,#5326,#5327,#5328,
#5329,#5330,#5331,#5332,#5333,#5334,#5335,#5336,#5337,#5338,#5339,#5340,
#5341,#5342,#5343,#5344,#5345,#5346,#5347,#5348,#5349,#5350,#5351,#5352,
#5353,#5354,#5355,#5356,#5357,#5358,#5359,#5360,#5361,#5362,#5363,#5364,
#5365,#5366,#5367,#5368,#5369,#5370,#5371),#10410);
#10410=(
GEOMETRIC_REPRESENTATION_CONTEXT(3)
GLOBAL_UNCERTAINTY_ASSIGNED_CONTEXT((#10411))
GLOBAL_UNIT_ASSIGNED_CONTEXT((#10414,#10413,#10412))
REPRESENTATION_CONTEXT('UCC33420QRAQRQ1','TOP_LEVEL_ASSEMBLY_PART')
);
#10411=UNCERTAINTY_MEASURE_WITH_UNIT(LENGTH_MEASURE(0.005),#10414,
'DISTANCE_ACCURACY_VALUE','Maximum Tolerance applied to model');
#10412=(
NAMED_UNIT(*)
SI_UNIT($,.STERADIAN.)
SOLID_ANGLE_UNIT()
);
#10413=(
NAMED_UNIT(*)
PLANE_ANGLE_UNIT()
SI_UNIT($,.RADIAN.)
);
#10414=(
LENGTH_UNIT()
NAMED_UNIT(*)
SI_UNIT(.MILLI.,.METRE.)
);
#10415=PRODUCT_DEFINITION_SHAPE('','',#10416);
#10416=PRODUCT_DEFINITION('','',#10418,#10417);
#10417=PRODUCT_DEFINITION_CONTEXT('',#10424,'design');
#10418=PRODUCT_DEFINITION_FORMATION_WITH_SPECIFIED_SOURCE('','',#10420,
 .NOT_KNOWN.);
#10419=PRODUCT_RELATED_PRODUCT_CATEGORY('','',(#10420));
#10420=PRODUCT('UCC33420QRAQRQ1','UCC33420QRAQRQ1','UCC33420QRAQRQ1',(#10422));
#10421=PRODUCT_CATEGORY('','');
#10422=PRODUCT_CONTEXT('',#10424,'mechanical');
#10423=APPLICATION_PROTOCOL_DEFINITION('international standard',
'automotive_design',2010,#10424);
#10424=APPLICATION_CONTEXT(
'core data for automotive mechanical design processes');
ENDSEC;
END-ISO-10303-21;
